probe_id,distance,glider,mace_polar_l,exact_dipole
confirmatory__2OJ9-original__base3__W4,2.5271553807281957,0.04192930552249921,0.023296770820506005,0.023724439924084708
confirmatory__2OJ9-original__base3__W5,2.596315265147613,0.008197426253744797,0.08886586306283462,0.09771945921643602
confirmatory__2OJ9-original__base3__W6,2.6214803360373495,0.02155618882996651,0.18634394124811338,0.0021126078482981018
confirmatory__2OJ9-original__base3__W7,2.6394300923625718,0.09888386710842577,0.23039933393842627,0.04970605727872149
confirmatory__2OJ9-original__base3__W8,2.6598314230156954,0.005254861342584091,0.03301696381001597,0.012660007165289252
confirmatory__2OJ9-original__base3__W9,2.7207468787421867,0.0015879536293302377,0.04293925958896068,0.005926676352759727
confirmatory__2OJ9-original__base3__W10,2.753513531067489,0.16351187873813078,0.049555146495091365,0.16583261160903956
confirmatory__2OJ9-original__base3__W11,2.761262010142551,0.012601957669505837,0.028687098920905735,0.7545132734064488
confirmatory__2OJ9-original__base3__W12,2.7687164751870927,0.17113251777693525,0.16530370800191568,0.2782678521345022
confirmatory__cdk2-1h1q__base3__W4,2.6793842818198255,0.11425505667644335,0.09638500034066018,0.45723814996822976
confirmatory__cdk2-1h1q__base3__W5,2.887747638977775,0.036557713240634546,0.008504916905404204,0.1857763414333629
confirmatory__cdk2-1h1q__base3__W6,2.9081206300949285,0.044623034379806796,0.007411273390285966,0.16645566525714312
confirmatory__cdk2-1h1q__base3__W7,2.9283149954942758,0.004134798508046267,0.019738027176338137,0.07822974955228712
confirmatory__cdk2-1h1q__base3__W8,3.0024897789154132,0.1757220295515426,0.08691747584748244,0.9798761042777293
confirmatory__cdk2-1h1q__base3__W9,3.023086400640993,0.008771482867889063,0.01748187056406955,0.06481252941535304
confirmatory__cdk2-1h1q__base3__W10,3.056959105350105,0.01012429971993227,0.02898893493522231,0.00014870627733400144
confirmatory__cdk2-1h1q__base3__W11,3.1094920234066774,0.04358692903450154,0.06730372892488964,0.06759966862772654
confirmatory__cdk2-1h1q__base3__W12,3.1157560061586445,0.06291175160661489,0.06300708554510714,1.113983334762291
confirmatory__cdk2-28__base3__W4,2.4579664194850217,0.04803846687368141,0.05994464320695311,0.3021053101537287
confirmatory__cdk2-28__base3__W5,2.4796723539365266,0.09241383327755401,0.00544171177312347,0.051596702004037764
confirmatory__cdk2-28__base3__W6,2.488928021704718,0.02921062538113378,0.3238445043356553,0.17621949774930135
confirmatory__cdk2-28__base3__W7,2.55835045108279,0.03695126806821837,0.06596774235569586,0.10232604178475425
confirmatory__cdk2-28__base3__W8,2.574195772340648,0.008321052948778801,0.037734975125759726,0.08290428170870458
confirmatory__cdk2-28__base3__W9,2.582356694993631,0.01434882975626306,0.024504959266414106,0.2351204758007517
confirmatory__cdk2-28__base3__W10,2.6879164655263397,0.012026627243207858,0.03733885828894437,0.08726217000027243
confirmatory__cdk2-28__base3__W11,2.7223252414997394,0.004409377539362158,0.07044526708927902,0.10240496281473545
confirmatory__cdk2-28__base3__W12,2.735199228133042,0.03030247512791212,0.1624947049397943,0.14312258562934424
confirmatory__ethane__base3__W4,2.7999630087437826,0.1147862830623712,0.2926917093229291,0.0023327416943972027
confirmatory__ethane__base3__W5,2.8247760144362024,0.11051977810748592,0.08984380896290711,0.1520996062262493
confirmatory__ethane__base3__W6,2.905837435064686,0.001782241745878023,0.12734732534082296,0.032005298288099414
confirmatory__ethane__base3__W7,2.9835132216827946,0.010158896365055813,0.005880031056175648,0.09600187483040433
confirmatory__ethane__base3__W8,3.0180784011432245,0.006547595101623074,0.02909776593172739,0.14417543692427431
confirmatory__ethane__base3__W9,3.062869148614273,0.007196396550916362,0.058810965479375144,0.007467968872411135
confirmatory__ethane__base3__W10,3.0809249219367048,0.019573827645730714,0.06521273376384173,0.018093196772725313
confirmatory__ethane__base3__W11,3.0964100146634297,0.006239124781189223,0.02020124316313323,0.007028521853914796
confirmatory__ethane__base3__W12,3.2892540811746636,0.05092141432868424,0.06379503783771365,0.06640084309318721
confirmatory__ethanol__base3__W4,2.749528868078542,0.03713856936266352,0.05116916127395629,0.19568607817809355
confirmatory__ethanol__base3__W5,2.756117787335703,0.15624184817305037,0.12914172545818664,0.44662675639416727
confirmatory__ethanol__base3__W6,2.8026463149789516,0.14083589425035514,0.47511058065900014,0.7493751342677033
confirmatory__ethanol__base3__W7,2.8043957648410536,0.008384373421354119,0.2024190311218824,0.13993997787870838
confirmatory__ethanol__base3__W8,3.0101500978452544,0.019478638342490195,0.0349961978613578,0.057653457821568485
confirmatory__ethanol__base3__W9,3.0520822474230673,0.05656638151333762,0.024585095194773254,0.11121669960334923
confirmatory__ethanol__base3__W10,3.106547848093394,0.21340579335825705,0.34397696741318684,0.253234570339559
confirmatory__ethanol__base3__W11,3.145479231440871,0.005092448858648943,0.0027130718533742854,0.1135256530052653
confirmatory__ethanol__base3__W12,3.240558197151109,0.031017983178070023,0.13285620260529618,0.21264301945652586
confirmatory__jnk1-17124__base3__W4,2.5848185519390903,0.00295160785241657,0.005922927428556636,0.03986703751994204
confirmatory__jnk1-17124__base3__W5,2.643401523967752,0.24230287749665297,0.338683069293503,0.005392400477872091
confirmatory__jnk1-17124__base3__W6,2.750316574096927,0.0012399371151991245,0.021130750452560687,0.008157066945228563
confirmatory__jnk1-17124__base3__W7,2.826353920002938,0.1492066255846942,0.06413866034610614,0.18363116796315673
confirmatory__jnk1-17124__base3__W8,2.8568547232470323,0.06451631972317678,0.007489781960211907,0.04129634949377349
confirmatory__jnk1-17124__base3__W9,2.8979047675119345,0.0350928314242584,0.04235834874632441,0.07206819618846089
confirmatory__jnk1-17124__base3__W10,2.925245916191894,0.15851843637778001,0.035805022021266175,0.10206444555950042
confirmatory__jnk1-17124__base3__W11,2.928703352236823,0.005100805556351052,0.0038145595876661366,0.023191825257992127
confirmatory__jnk1-17124__base3__W12,2.97186590404672,0.01640986901009963,0.049589440102910616,0.006938331358655863
confirmatory__jnk1-18631__base3__W4,2.686429292875537,0.046979964225352416,0.08173445496012405,0.15926526509316133
confirmatory__jnk1-18631__base3__W5,2.7646198037485816,0.10628146041701969,0.16666986330340672,0.22787262512791945
confirmatory__jnk1-18631__base3__W6,2.8608013889498314,0.006967026409861854,0.26983987120486014,0.029577838498061948
confirmatory__jnk1-18631__base3__W7,2.888091321772176,0.19243146979938447,0.08430564161088494,0.39714021317377546
confirmatory__jnk1-18631__base3__W8,2.908381898447318,7.57183313931098e-05,0.01799469749107714,0.0341812111024381
confirmatory__jnk1-18631__base3__W9,2.910474249918613,0.023573848446313467,0.027764368313674098,0.24112292143877173
confirmatory__jnk1-18631__base3__W10,2.915435864773061,0.04002034356052597,0.11510846932640045,0.38790234757694075
confirmatory__jnk1-18631__base3__W11,2.9351135167683777,0.05837282285125461,0.09024033560712036,0.1751921745715186
confirmatory__jnk1-18631__base3__W12,2.9670060614647937,0.005097383797862488,0.03235951972682918,0.05876604936429501
confirmatory__methane__base3__W4,2.8270456276094684,0.014744153353988362,0.3909588622910835,0.02186564077463601
confirmatory__methane__base3__W5,2.877365186207203,0.0682079281815853,0.2498717062419739,0.12261764315140351
confirmatory__methane__base3__W6,2.958818797644523,0.017506167322289434,0.016491166478921904,0.012581020346367822
confirmatory__methane__base3__W7,2.9809870015195896,0.030246977312652246,0.08119912909552582,0.011580354924852626
confirmatory__methane__base3__W8,3.0642518734381263,0.03037514759817183,0.03792004975604068,0.09994003924908909
confirmatory__methane__base3__W9,3.2324640913335108,0.011419001501148973,0.17072806548468358,0.05855526738818955
confirmatory__methane__base3__W10,3.241503847937843,0.2195300725500825,0.3035415357082811,0.11277134791043064
confirmatory__methane__base3__W11,3.4517062616776117,0.03686961136652034,0.013333940908489467,0.00030938104173072745
confirmatory__methane__base3__W12,3.4996285375326206,0.008099892473599539,0.13522021121747752,0.02140801825119918
confirmatory__tyk2-ejm_42__base3__W4,2.530687789910701,0.03513642471752391,0.017832386178809514,0.04462882136750136
confirmatory__tyk2-ejm_42__base3__W5,2.647606323116785,0.015554087672393718,0.013153026463659963,0.08011579237494958
confirmatory__tyk2-ejm_42__base3__W6,2.729729422371702,0.00791328857123023,0.06212235558103238,0.07397392957074174
confirmatory__tyk2-ejm_42__base3__W7,2.73429317667167,0.14323847516080596,0.07405055160759728,0.015576356727673449
confirmatory__tyk2-ejm_42__base3__W8,2.74933656549972,0.027680760444596466,0.07547607004655849,0.0061106590007889774
confirmatory__tyk2-ejm_42__base3__W9,2.8148005224741386,0.1868173162390705,0.2329379352302154,0.24739253702884645
confirmatory__tyk2-ejm_42__base3__W10,2.821600012870656,0.04436078313064516,0.018038516960347348,0.3331619833643912
confirmatory__tyk2-ejm_42__base3__W11,2.8445119142109667,0.009115880984525745,0.06011213820096831,0.19001907185638053
confirmatory__tyk2-ejm_42__base3__W12,2.879897636113335,0.009295712202027517,0.0276500423451623,0.07216336594736489
confirmatory__tyk2-ejm_45__base3__W4,2.6274840437415676,0.030862102535264474,0.1201862531651852,0.2415366840272022
confirmatory__tyk2-ejm_45__base3__W5,2.663157269899553,0.27472186324266473,0.6620632815487628,0.6128656734378466
confirmatory__tyk2-ejm_45__base3__W6,2.6769945194766787,0.04877920680113991,0.04959596030973561,0.1581414486255132
confirmatory__tyk2-ejm_45__base3__W7,2.7037722107621556,0.08519424732106534,0.014531527539052375,0.2706117143529905
confirmatory__tyk2-ejm_45__base3__W8,2.7303324899548937,0.04499184073887316,0.07174720592379705,0.1298607662965166
confirmatory__tyk2-ejm_45__base3__W9,2.761246921892769,0.0008306622272264072,0.055400542528858406,0.019601799317089885
confirmatory__tyk2-ejm_45__base3__W10,2.903131179764089,0.0071250801095815025,0.06850584459376313,0.12570920146413192
confirmatory__tyk2-ejm_45__base3__W11,2.918954307596153,0.023834082260469045,0.11145156077143381,0.09733658346266141
confirmatory__tyk2-ejm_45__base3__W12,2.9688925793253245,0.008734367633301283,0.04160421386655948,0.022136681583886576
