config_id,molecule_id,n_waters,parent_snapshot_index,method,qm_mean_solute_surface_mEh,signed_error_solute_surface_mEh
posthoc_shell__MNSOL-CONN-ZWEHNKRNPOVVGH__parent_00__1w,MNSOL-CONN-ZWEHNKRNPOVVGH,1,0,arrow,-0.012460949644090178,0.17573582657983844
posthoc_shell__MNSOL-CONN-ZWEHNKRNPOVVGH__parent_00__1w,MNSOL-CONN-ZWEHNKRNPOVVGH,1,0,arrow_smeared,-0.012460949644090178,0.17113988925574175
posthoc_shell__MNSOL-CONN-ZWEHNKRNPOVVGH__parent_00__1w,MNSOL-CONN-ZWEHNKRNPOVVGH,1,0,glider,-0.012460949644090178,0.0620874411413496
posthoc_shell__MNSOL-CONN-ZWEHNKRNPOVVGH__parent_00__1w,MNSOL-CONN-ZWEHNKRNPOVVGH,1,0,mace_polar_l,-0.012460949644090178,0.41450237616007335
posthoc_shell__MNSOL-CONN-ZWEHNKRNPOVVGH__parent_00__3w,MNSOL-CONN-ZWEHNKRNPOVVGH,3,0,arrow,-0.046954172094614485,0.15249327144337607
posthoc_shell__MNSOL-CONN-ZWEHNKRNPOVVGH__parent_00__3w,MNSOL-CONN-ZWEHNKRNPOVVGH,3,0,arrow_smeared,-0.046954172094614485,0.1424023610753429
posthoc_shell__MNSOL-CONN-ZWEHNKRNPOVVGH__parent_00__3w,MNSOL-CONN-ZWEHNKRNPOVVGH,3,0,glider,-0.046954172094614485,0.020391301604084425
posthoc_shell__MNSOL-CONN-ZWEHNKRNPOVVGH__parent_00__3w,MNSOL-CONN-ZWEHNKRNPOVVGH,3,0,mace_polar_l,-0.046954172094614485,1.1347903782619735
posthoc_shell__MNSOL-CONN-ZWEHNKRNPOVVGH__parent_00__6w,MNSOL-CONN-ZWEHNKRNPOVVGH,6,0,arrow,0.376047057013342,-0.045759833808535565
posthoc_shell__MNSOL-CONN-ZWEHNKRNPOVVGH__parent_00__6w,MNSOL-CONN-ZWEHNKRNPOVVGH,6,0,arrow_smeared,0.376047057013342,-0.07175734490641379
posthoc_shell__MNSOL-CONN-ZWEHNKRNPOVVGH__parent_00__6w,MNSOL-CONN-ZWEHNKRNPOVVGH,6,0,glider,0.376047057013342,-0.9406286787273417
posthoc_shell__MNSOL-CONN-ZWEHNKRNPOVVGH__parent_00__6w,MNSOL-CONN-ZWEHNKRNPOVVGH,6,0,mace_polar_l,0.376047057013342,1.5075170911400537
posthoc_shell__MNSOL-CONN-ZWEHNKRNPOVVGH__parent_00__12w,MNSOL-CONN-ZWEHNKRNPOVVGH,12,0,arrow,3.8686667671174253,0.3729824484672978
posthoc_shell__MNSOL-CONN-ZWEHNKRNPOVVGH__parent_00__12w,MNSOL-CONN-ZWEHNKRNPOVVGH,12,0,arrow_smeared,3.8686667671174253,0.32128799852689516
posthoc_shell__MNSOL-CONN-ZWEHNKRNPOVVGH__parent_00__12w,MNSOL-CONN-ZWEHNKRNPOVVGH,12,0,glider,3.8686667671174253,-1.6913961100093857
posthoc_shell__MNSOL-CONN-ZWEHNKRNPOVVGH__parent_00__12w,MNSOL-CONN-ZWEHNKRNPOVVGH,12,0,mace_polar_l,3.8686667671174253,1.7412140120260664
posthoc_shell__MNSOL-CONN-ZWEHNKRNPOVVGH__parent_01__1w,MNSOL-CONN-ZWEHNKRNPOVVGH,1,1,arrow,0.2870486761224148,-0.10177110954064605
posthoc_shell__MNSOL-CONN-ZWEHNKRNPOVVGH__parent_01__1w,MNSOL-CONN-ZWEHNKRNPOVVGH,1,1,arrow_smeared,0.2870486761224148,-0.10175401545000552
posthoc_shell__MNSOL-CONN-ZWEHNKRNPOVVGH__parent_01__1w,MNSOL-CONN-ZWEHNKRNPOVVGH,1,1,glider,0.2870486761224148,0.00602241490868303
posthoc_shell__MNSOL-CONN-ZWEHNKRNPOVVGH__parent_01__1w,MNSOL-CONN-ZWEHNKRNPOVVGH,1,1,mace_polar_l,0.2870486761224148,0.2640294296752894
posthoc_shell__MNSOL-CONN-ZWEHNKRNPOVVGH__parent_01__3w,MNSOL-CONN-ZWEHNKRNPOVVGH,3,1,arrow,0.14698054673966732,-0.3017282500648862
posthoc_shell__MNSOL-CONN-ZWEHNKRNPOVVGH__parent_01__3w,MNSOL-CONN-ZWEHNKRNPOVVGH,3,1,arrow_smeared,0.14698054673966732,-0.3012746611709471
posthoc_shell__MNSOL-CONN-ZWEHNKRNPOVVGH__parent_01__3w,MNSOL-CONN-ZWEHNKRNPOVVGH,3,1,glider,0.14698054673966732,-0.23235252906523482
posthoc_shell__MNSOL-CONN-ZWEHNKRNPOVVGH__parent_01__3w,MNSOL-CONN-ZWEHNKRNPOVVGH,3,1,mace_polar_l,0.14698054673966732,0.7157464493527921
posthoc_shell__MNSOL-CONN-ZWEHNKRNPOVVGH__parent_01__6w,MNSOL-CONN-ZWEHNKRNPOVVGH,6,1,arrow,2.8403176406738493,-0.6377507239794079
posthoc_shell__MNSOL-CONN-ZWEHNKRNPOVVGH__parent_01__6w,MNSOL-CONN-ZWEHNKRNPOVVGH,6,1,arrow_smeared,2.8403176406738493,-0.6546542419552184
posthoc_shell__MNSOL-CONN-ZWEHNKRNPOVVGH__parent_01__6w,MNSOL-CONN-ZWEHNKRNPOVVGH,6,1,glider,2.8403176406738493,-0.7518216404538777
posthoc_shell__MNSOL-CONN-ZWEHNKRNPOVVGH__parent_01__6w,MNSOL-CONN-ZWEHNKRNPOVVGH,6,1,mace_polar_l,2.8403176406738493,1.0865239720625903
posthoc_shell__MNSOL-CONN-ZWEHNKRNPOVVGH__parent_01__12w,MNSOL-CONN-ZWEHNKRNPOVVGH,12,1,arrow,4.301351476372192,-0.34304868827032275
posthoc_shell__MNSOL-CONN-ZWEHNKRNPOVVGH__parent_01__12w,MNSOL-CONN-ZWEHNKRNPOVVGH,12,1,arrow_smeared,4.301351476372192,-0.3783525537204888
posthoc_shell__MNSOL-CONN-ZWEHNKRNPOVVGH__parent_01__12w,MNSOL-CONN-ZWEHNKRNPOVVGH,12,1,glider,4.301351476372192,-1.888469451841851
posthoc_shell__MNSOL-CONN-ZWEHNKRNPOVVGH__parent_01__12w,MNSOL-CONN-ZWEHNKRNPOVVGH,12,1,mace_polar_l,4.301351476372192,1.2073790304167307
posthoc_shell__MNSOL-CONN-ZWEHNKRNPOVVGH__parent_02__1w,MNSOL-CONN-ZWEHNKRNPOVVGH,1,2,arrow,-0.04935684769755327,0.07034455052002805
posthoc_shell__MNSOL-CONN-ZWEHNKRNPOVVGH__parent_02__1w,MNSOL-CONN-ZWEHNKRNPOVVGH,1,2,arrow_smeared,-0.04935684769755327,0.06762451752966611
posthoc_shell__MNSOL-CONN-ZWEHNKRNPOVVGH__parent_02__1w,MNSOL-CONN-ZWEHNKRNPOVVGH,1,2,glider,-0.04935684769755327,-0.05334920762781835
posthoc_shell__MNSOL-CONN-ZWEHNKRNPOVVGH__parent_02__1w,MNSOL-CONN-ZWEHNKRNPOVVGH,1,2,mace_polar_l,-0.04935684769755327,0.2200001264365208
posthoc_shell__MNSOL-CONN-ZWEHNKRNPOVVGH__parent_02__3w,MNSOL-CONN-ZWEHNKRNPOVVGH,3,2,arrow,2.579235999016297,0.2189568436739715
posthoc_shell__MNSOL-CONN-ZWEHNKRNPOVVGH__parent_02__3w,MNSOL-CONN-ZWEHNKRNPOVVGH,3,2,arrow_smeared,2.579235999016297,0.2051885963568183
posthoc_shell__MNSOL-CONN-ZWEHNKRNPOVVGH__parent_02__3w,MNSOL-CONN-ZWEHNKRNPOVVGH,3,2,glider,2.579235999016297,-0.1584083501668166
posthoc_shell__MNSOL-CONN-ZWEHNKRNPOVVGH__parent_02__3w,MNSOL-CONN-ZWEHNKRNPOVVGH,3,2,mace_polar_l,2.579235999016297,0.7009677499830352
posthoc_shell__MNSOL-CONN-ZWEHNKRNPOVVGH__parent_02__6w,MNSOL-CONN-ZWEHNKRNPOVVGH,6,2,arrow,2.2751143307061055,0.35756444344096605
posthoc_shell__MNSOL-CONN-ZWEHNKRNPOVVGH__parent_02__6w,MNSOL-CONN-ZWEHNKRNPOVVGH,6,2,arrow_smeared,2.2751143307061055,0.34131053185531884
posthoc_shell__MNSOL-CONN-ZWEHNKRNPOVVGH__parent_02__6w,MNSOL-CONN-ZWEHNKRNPOVVGH,6,2,glider,2.2751143307061055,-0.466446540890718
posthoc_shell__MNSOL-CONN-ZWEHNKRNPOVVGH__parent_02__6w,MNSOL-CONN-ZWEHNKRNPOVVGH,6,2,mace_polar_l,2.2751143307061055,1.6198329584352453
posthoc_shell__MNSOL-CONN-ZWEHNKRNPOVVGH__parent_02__12w,MNSOL-CONN-ZWEHNKRNPOVVGH,12,2,arrow,3.2706238972812747,0.6941694778214635
posthoc_shell__MNSOL-CONN-ZWEHNKRNPOVVGH__parent_02__12w,MNSOL-CONN-ZWEHNKRNPOVVGH,12,2,arrow_smeared,3.2706238972812747,0.6706444025725696
posthoc_shell__MNSOL-CONN-ZWEHNKRNPOVVGH__parent_02__12w,MNSOL-CONN-ZWEHNKRNPOVVGH,12,2,glider,3.2706238972812747,-1.66401887858337
posthoc_shell__MNSOL-CONN-ZWEHNKRNPOVVGH__parent_02__12w,MNSOL-CONN-ZWEHNKRNPOVVGH,12,2,mace_polar_l,3.2706238972812747,1.4873536967204681
posthoc_shell__MNSOL-CONN-XSQUKJJJFZCRTK__parent_00__1w,MNSOL-CONN-XSQUKJJJFZCRTK,1,0,arrow,-1.9309728533710768,-0.7399838004609921
posthoc_shell__MNSOL-CONN-XSQUKJJJFZCRTK__parent_00__1w,MNSOL-CONN-XSQUKJJJFZCRTK,1,0,arrow_smeared,-1.9309728533710768,-0.737649103547149
posthoc_shell__MNSOL-CONN-XSQUKJJJFZCRTK__parent_00__1w,MNSOL-CONN-XSQUKJJJFZCRTK,1,0,glider,-1.9309728533710768,0.2770877388035924
posthoc_shell__MNSOL-CONN-XSQUKJJJFZCRTK__parent_00__1w,MNSOL-CONN-XSQUKJJJFZCRTK,1,0,mace_polar_l,-1.9309728533710768,0.639217646671652
posthoc_shell__MNSOL-CONN-XSQUKJJJFZCRTK__parent_00__3w,MNSOL-CONN-XSQUKJJJFZCRTK,3,0,arrow,-2.6679600756434882,-0.9598153971838663
posthoc_shell__MNSOL-CONN-XSQUKJJJFZCRTK__parent_00__3w,MNSOL-CONN-XSQUKJJJFZCRTK,3,0,arrow_smeared,-2.6679600756434882,-0.9553734931452892
posthoc_shell__MNSOL-CONN-XSQUKJJJFZCRTK__parent_00__3w,MNSOL-CONN-XSQUKJJJFZCRTK,3,0,glider,-2.6679600756434882,-0.05765702071543231
posthoc_shell__MNSOL-CONN-XSQUKJJJFZCRTK__parent_00__3w,MNSOL-CONN-XSQUKJJJFZCRTK,3,0,mace_polar_l,-2.6679600756434882,1.2652530824592187
posthoc_shell__MNSOL-CONN-XSQUKJJJFZCRTK__parent_00__6w,MNSOL-CONN-XSQUKJJJFZCRTK,6,0,arrow,0.4073599691444241,-0.4042163600960231
posthoc_shell__MNSOL-CONN-XSQUKJJJFZCRTK__parent_00__6w,MNSOL-CONN-XSQUKJJJFZCRTK,6,0,arrow_smeared,0.4073599691444241,-0.4195039249314402
posthoc_shell__MNSOL-CONN-XSQUKJJJFZCRTK__parent_00__6w,MNSOL-CONN-XSQUKJJJFZCRTK,6,0,glider,0.4073599691444241,-0.3519648531682431
posthoc_shell__MNSOL-CONN-XSQUKJJJFZCRTK__parent_00__6w,MNSOL-CONN-XSQUKJJJFZCRTK,6,0,mace_polar_l,0.4073599691444241,1.9321360117110578
posthoc_shell__MNSOL-CONN-XSQUKJJJFZCRTK__parent_00__12w,MNSOL-CONN-XSQUKJJJFZCRTK,12,0,arrow,0.7437976418553702,0.587162056105114
posthoc_shell__MNSOL-CONN-XSQUKJJJFZCRTK__parent_00__12w,MNSOL-CONN-XSQUKJJJFZCRTK,12,0,arrow_smeared,0.7437976418553702,0.5600469099249225
posthoc_shell__MNSOL-CONN-XSQUKJJJFZCRTK__parent_00__12w,MNSOL-CONN-XSQUKJJJFZCRTK,12,0,glider,0.7437976418553702,-2.026187483328817
posthoc_shell__MNSOL-CONN-XSQUKJJJFZCRTK__parent_00__12w,MNSOL-CONN-XSQUKJJJFZCRTK,12,0,mace_polar_l,0.7437976418553702,1.569289737695817
posthoc_shell__MNSOL-CONN-XSQUKJJJFZCRTK__parent_01__1w,MNSOL-CONN-XSQUKJJJFZCRTK,1,1,arrow,-1.8215888578262918,-1.0389448343593608
posthoc_shell__MNSOL-CONN-XSQUKJJJFZCRTK__parent_01__1w,MNSOL-CONN-XSQUKJJJFZCRTK,1,1,arrow_smeared,-1.8215888578262918,-1.0390456871194378
posthoc_shell__MNSOL-CONN-XSQUKJJJFZCRTK__parent_01__1w,MNSOL-CONN-XSQUKJJJFZCRTK,1,1,glider,-1.8215888578262918,0.1969543918050893
posthoc_shell__MNSOL-CONN-XSQUKJJJFZCRTK__parent_01__1w,MNSOL-CONN-XSQUKJJJFZCRTK,1,1,mace_polar_l,-1.8215888578262918,0.46215632903272574
posthoc_shell__MNSOL-CONN-XSQUKJJJFZCRTK__parent_01__3w,MNSOL-CONN-XSQUKJJJFZCRTK,3,1,arrow,-0.8422865148396717,-0.7929839008740939
posthoc_shell__MNSOL-CONN-XSQUKJJJFZCRTK__parent_01__3w,MNSOL-CONN-XSQUKJJJFZCRTK,3,1,arrow_smeared,-0.8422865148396717,-0.8073166694235879
posthoc_shell__MNSOL-CONN-XSQUKJJJFZCRTK__parent_01__3w,MNSOL-CONN-XSQUKJJJFZCRTK,3,1,glider,-0.8422865148396717,0.6219897067472459
posthoc_shell__MNSOL-CONN-XSQUKJJJFZCRTK__parent_01__3w,MNSOL-CONN-XSQUKJJJFZCRTK,3,1,mace_polar_l,-0.8422865148396717,1.961654356026075
posthoc_shell__MNSOL-CONN-XSQUKJJJFZCRTK__parent_01__6w,MNSOL-CONN-XSQUKJJJFZCRTK,6,1,arrow,-1.3008294389678585,-0.6837246088756502
posthoc_shell__MNSOL-CONN-XSQUKJJJFZCRTK__parent_01__6w,MNSOL-CONN-XSQUKJJJFZCRTK,6,1,arrow_smeared,-1.3008294389678585,-0.7007799836587779
posthoc_shell__MNSOL-CONN-XSQUKJJJFZCRTK__parent_01__6w,MNSOL-CONN-XSQUKJJJFZCRTK,6,1,glider,-1.3008294389678585,-0.22990423285178155
posthoc_shell__MNSOL-CONN-XSQUKJJJFZCRTK__parent_01__6w,MNSOL-CONN-XSQUKJJJFZCRTK,6,1,mace_polar_l,-1.3008294389678585,1.961337056504755
posthoc_shell__MNSOL-CONN-XSQUKJJJFZCRTK__parent_01__12w,MNSOL-CONN-XSQUKJJJFZCRTK,12,1,arrow,1.4700280122232416,-0.24542139125840193
posthoc_shell__MNSOL-CONN-XSQUKJJJFZCRTK__parent_01__12w,MNSOL-CONN-XSQUKJJJFZCRTK,12,1,arrow_smeared,1.4700280122232416,-0.2714905983540522
posthoc_shell__MNSOL-CONN-XSQUKJJJFZCRTK__parent_01__12w,MNSOL-CONN-XSQUKJJJFZCRTK,12,1,glider,1.4700280122232416,-1.6744584552179425
posthoc_shell__MNSOL-CONN-XSQUKJJJFZCRTK__parent_01__12w,MNSOL-CONN-XSQUKJJJFZCRTK,12,1,mace_polar_l,1.4700280122232416,2.2567516551755755
posthoc_shell__MNSOL-CONN-XSQUKJJJFZCRTK__parent_02__1w,MNSOL-CONN-XSQUKJJJFZCRTK,1,2,arrow,-1.173566517862065,-0.0507228089208075
posthoc_shell__MNSOL-CONN-XSQUKJJJFZCRTK__parent_02__1w,MNSOL-CONN-XSQUKJJJFZCRTK,1,2,arrow_smeared,-1.173566517862065,-0.05706185850247954
posthoc_shell__MNSOL-CONN-XSQUKJJJFZCRTK__parent_02__1w,MNSOL-CONN-XSQUKJJJFZCRTK,1,2,glider,-1.173566517862065,0.3132532405955615
posthoc_shell__MNSOL-CONN-XSQUKJJJFZCRTK__parent_02__1w,MNSOL-CONN-XSQUKJJJFZCRTK,1,2,mace_polar_l,-1.173566517862065,0.6149387803871488
posthoc_shell__MNSOL-CONN-XSQUKJJJFZCRTK__parent_02__3w,MNSOL-CONN-XSQUKJJJFZCRTK,3,2,arrow,-2.696122168774803,0.5181061450918296
posthoc_shell__MNSOL-CONN-XSQUKJJJFZCRTK__parent_02__3w,MNSOL-CONN-XSQUKJJJFZCRTK,3,2,arrow_smeared,-2.696122168774803,0.5016408951297546
posthoc_shell__MNSOL-CONN-XSQUKJJJFZCRTK__parent_02__3w,MNSOL-CONN-XSQUKJJJFZCRTK,3,2,glider,-2.696122168774803,0.11323772391044178
posthoc_shell__MNSOL-CONN-XSQUKJJJFZCRTK__parent_02__3w,MNSOL-CONN-XSQUKJJJFZCRTK,3,2,mace_polar_l,-2.696122168774803,0.7384275167270896
posthoc_shell__MNSOL-CONN-XSQUKJJJFZCRTK__parent_02__6w,MNSOL-CONN-XSQUKJJJFZCRTK,6,2,arrow,-3.5709551168488876,-0.24344007921052022
posthoc_shell__MNSOL-CONN-XSQUKJJJFZCRTK__parent_02__6w,MNSOL-CONN-XSQUKJJJFZCRTK,6,2,arrow_smeared,-3.5709551168488876,-0.2651513916954301
posthoc_shell__MNSOL-CONN-XSQUKJJJFZCRTK__parent_02__6w,MNSOL-CONN-XSQUKJJJFZCRTK,6,2,glider,-3.5709551168488876,-0.9635342234640613
posthoc_shell__MNSOL-CONN-XSQUKJJJFZCRTK__parent_02__6w,MNSOL-CONN-XSQUKJJJFZCRTK,6,2,mace_polar_l,-3.5709551168488876,1.4883043907663247
posthoc_shell__MNSOL-CONN-XSQUKJJJFZCRTK__parent_02__12w,MNSOL-CONN-XSQUKJJJFZCRTK,12,2,arrow,1.4516899276929451,0.3462137073056152
posthoc_shell__MNSOL-CONN-XSQUKJJJFZCRTK__parent_02__12w,MNSOL-CONN-XSQUKJJJFZCRTK,12,2,arrow_smeared,1.4516899276929451,0.29323147096203095
posthoc_shell__MNSOL-CONN-XSQUKJJJFZCRTK__parent_02__12w,MNSOL-CONN-XSQUKJJJFZCRTK,12,2,glider,1.4516899276929451,-1.7591145917259206
posthoc_shell__MNSOL-CONN-XSQUKJJJFZCRTK__parent_02__12w,MNSOL-CONN-XSQUKJJJFZCRTK,12,2,mace_polar_l,1.4516899276929451,2.7173192886278823
