panel,method,esp_nrmse,esp_rmse_mEh_per_e,dipole_rmse_D
1,matched_full,0.32180582460277435,1.1833147635766192,0.18937087346995196
1,published_glider,0.32180582460277435,1.1833147635766192,0.18937087346995196
1,without_global,0.32883508870718015,1.212080318392384,0.21696647787839513
2,matched_full,0.34217356896367285,1.1908177271921114,0.11254186942199944
2,published_glider,0.34217356896367285,1.1908177271921114,0.11254186942199944
2,without_global,0.3631373410671154,1.2594222296185398,0.12563386009490815
3,matched_full,0.4265808445888407,1.1561899625774228,0.22669231612536875
3,published_glider,0.4265808445888407,1.1561899625774228,0.22669231612536875
3,without_global,0.42926051653820957,1.166573024355952,0.2282731633379307
