method,method_label,config_id,molecule_id,solute_label,parent_snapshot_index,n_waters,n_probe_points,response_rms_hartree_per_e,response_rms_millihartree_per_e,esp_rmse_hartree_per_e,esp_rmse_millihartree_per_e,esp_nrmse,dipole_mse_D2,dipole_vector_error_D
glider,GLIDER,posthoc_shell__MNSOL-CONN-HSFWRNGVRCDJHI__parent_00__12w,MNSOL-CONN-HSFWRNGVRCDJHI,acetylene,0,12,1383,0.00298530103448071,2.98530103448071,0.0024941484436582636,2.4941484436582635,0.8354763606250912,0.00032436839880843236,0.031194634096672735
mace_polar_l,MACE-POLAR-1-L,posthoc_shell__MNSOL-CONN-HSFWRNGVRCDJHI__parent_00__12w,MNSOL-CONN-HSFWRNGVRCDJHI,acetylene,0,12,1383,0.00298530103448071,2.98530103448071,0.0024909160819732512,2.490916081973251,0.834393601584151,0.006874241435737015,0.14360614299956337
glider,GLIDER,posthoc_shell__MNSOL-CONN-HSFWRNGVRCDJHI__parent_00__1w,MNSOL-CONN-HSFWRNGVRCDJHI,acetylene,0,1,274,0.001453087605030942,1.453087605030942,0.0011529584462230365,1.1529584462230364,0.793454188330569,0.0006299784731634517,0.043473387485798196
mace_polar_l,MACE-POLAR-1-L,posthoc_shell__MNSOL-CONN-HSFWRNGVRCDJHI__parent_00__1w,MNSOL-CONN-HSFWRNGVRCDJHI,acetylene,0,1,274,0.001453087605030942,1.453087605030942,0.0027361605840314483,2.7361605840314485,1.8829976765049787,0.0021369793188829264,0.08006833304527315
glider,GLIDER,posthoc_shell__MNSOL-CONN-HSFWRNGVRCDJHI__parent_00__3w,MNSOL-CONN-HSFWRNGVRCDJHI,acetylene,0,3,474,0.002256206618509303,2.256206618509303,0.0011078621374402712,1.1078621374402713,0.4910286710231558,0.0003668047285839304,0.03317249140103576
mace_polar_l,MACE-POLAR-1-L,posthoc_shell__MNSOL-CONN-HSFWRNGVRCDJHI__parent_00__3w,MNSOL-CONN-HSFWRNGVRCDJHI,acetylene,0,3,474,0.002256206618509303,2.256206618509303,0.0025027137168230295,2.5027137168230293,1.1092573243476238,0.0005117463941545188,0.039182128355457625
glider,GLIDER,posthoc_shell__MNSOL-CONN-HSFWRNGVRCDJHI__parent_00__6w,MNSOL-CONN-HSFWRNGVRCDJHI,acetylene,0,6,788,0.0024390093282429305,2.4390093282429306,0.0017717132301930498,1.7717132301930498,0.7264069102472016,0.0034396776935714302,0.10158264163091198
mace_polar_l,MACE-POLAR-1-L,posthoc_shell__MNSOL-CONN-HSFWRNGVRCDJHI__parent_00__6w,MNSOL-CONN-HSFWRNGVRCDJHI,acetylene,0,6,788,0.0024390093282429305,2.4390093282429306,0.0025743160044322446,2.5743160044322444,1.0554760798257339,0.0038399964473154434,0.10733121326970235
glider,GLIDER,posthoc_shell__MNSOL-CONN-HSFWRNGVRCDJHI__parent_01__12w,MNSOL-CONN-HSFWRNGVRCDJHI,acetylene,1,12,1298,0.0022741070950417497,2.2741070950417495,0.0022405651301845102,2.2405651301845104,0.9852504902120172,0.007197590653594461,0.14694479222069554
mace_polar_l,MACE-POLAR-1-L,posthoc_shell__MNSOL-CONN-HSFWRNGVRCDJHI__parent_01__12w,MNSOL-CONN-HSFWRNGVRCDJHI,acetylene,1,12,1298,0.0022741070950417497,2.2741070950417495,0.002988959388222933,2.9889593882229333,1.3143441637994009,0.004527856342883388,0.11654856939769859
glider,GLIDER,posthoc_shell__MNSOL-CONN-HSFWRNGVRCDJHI__parent_01__1w,MNSOL-CONN-HSFWRNGVRCDJHI,acetylene,1,1,264,0.0011768748602730293,1.1768748602730292,0.0010496714441682162,1.0496714441682162,0.8919142379544903,0.0022127275417789115,0.08147504296001773
mace_polar_l,MACE-POLAR-1-L,posthoc_shell__MNSOL-CONN-HSFWRNGVRCDJHI__parent_01__1w,MNSOL-CONN-HSFWRNGVRCDJHI,acetylene,1,1,264,0.0011768748602730293,1.1768748602730292,0.002654439599179888,2.6544395991798884,2.2554985995402017,0.005068531737889737,0.1233109695593592
glider,GLIDER,posthoc_shell__MNSOL-CONN-HSFWRNGVRCDJHI__parent_01__3w,MNSOL-CONN-HSFWRNGVRCDJHI,acetylene,1,3,495,0.0019920174753593335,1.9920174753593336,0.0010076017842620209,1.0076017842620208,0.5058197514458366,0.002250715703983179,0.08217144949402765
mace_polar_l,MACE-POLAR-1-L,posthoc_shell__MNSOL-CONN-HSFWRNGVRCDJHI__parent_01__3w,MNSOL-CONN-HSFWRNGVRCDJHI,acetylene,1,3,495,0.0019920174753593335,1.9920174753593336,0.002688109751246608,2.688109751246608,1.3494408480335789,0.013554126475408705,0.2016491493317691
glider,GLIDER,posthoc_shell__MNSOL-CONN-HSFWRNGVRCDJHI__parent_01__6w,MNSOL-CONN-HSFWRNGVRCDJHI,acetylene,1,6,796,0.0023461995326902615,2.3461995326902616,0.001324790617244287,1.3247906172442871,0.5646538577753533,0.0037341106988404518,0.10584106998949583
mace_polar_l,MACE-POLAR-1-L,posthoc_shell__MNSOL-CONN-HSFWRNGVRCDJHI__parent_01__6w,MNSOL-CONN-HSFWRNGVRCDJHI,acetylene,1,6,796,0.0023461995326902615,2.3461995326902616,0.0027641969535780395,2.7641969535780393,1.1781593658440819,0.016461145988004636,0.2222238465242061
glider,GLIDER,posthoc_shell__MNSOL-CONN-HSFWRNGVRCDJHI__parent_02__12w,MNSOL-CONN-HSFWRNGVRCDJHI,acetylene,2,12,1358,0.0030890103419439073,3.0890103419439074,0.001922837155313366,1.922837155313366,0.6224767619597313,0.002911061844800588,0.0934515143505003
mace_polar_l,MACE-POLAR-1-L,posthoc_shell__MNSOL-CONN-HSFWRNGVRCDJHI__parent_02__12w,MNSOL-CONN-HSFWRNGVRCDJHI,acetylene,2,12,1358,0.0030890103419439073,3.0890103419439074,0.003035179354515222,3.035179354515222,0.9825733871143956,0.0018318227742171072,0.07413142601253075
glider,GLIDER,posthoc_shell__MNSOL-CONN-HSFWRNGVRCDJHI__parent_02__1w,MNSOL-CONN-HSFWRNGVRCDJHI,acetylene,2,1,288,0.0009026243924320298,0.9026243924320297,0.0008911224177746812,0.8911224177746813,0.9872571860966912,0.00036892665300241115,0.0332683026168639
mace_polar_l,MACE-POLAR-1-L,posthoc_shell__MNSOL-CONN-HSFWRNGVRCDJHI__parent_02__1w,MNSOL-CONN-HSFWRNGVRCDJHI,acetylene,2,1,288,0.0009026243924320298,0.9026243924320297,0.0023976651660756257,2.3976651660756256,2.6563265807778143,9.345027721813393e-05,0.016743680349743953
glider,GLIDER,posthoc_shell__MNSOL-CONN-HSFWRNGVRCDJHI__parent_02__3w,MNSOL-CONN-HSFWRNGVRCDJHI,acetylene,2,3,512,0.0010783543494577083,1.0783543494577084,0.0008501092648905208,0.8501092648905209,0.7883394408508027,0.0010309731175594794,0.05561402118781232
mace_polar_l,MACE-POLAR-1-L,posthoc_shell__MNSOL-CONN-HSFWRNGVRCDJHI__parent_02__3w,MNSOL-CONN-HSFWRNGVRCDJHI,acetylene,2,3,512,0.0010783543494577083,1.0783543494577084,0.00301209174843303,3.01209174843303,2.7932300267975694,0.0012027615053728982,0.0600689979616665
glider,GLIDER,posthoc_shell__MNSOL-CONN-HSFWRNGVRCDJHI__parent_02__6w,MNSOL-CONN-HSFWRNGVRCDJHI,acetylene,2,6,763,0.001839385491130352,1.839385491130352,0.0014729614891963012,1.4729614891963012,0.8007899900803973,0.0023681886043415614,0.08428858649321795
mace_polar_l,MACE-POLAR-1-L,posthoc_shell__MNSOL-CONN-HSFWRNGVRCDJHI__parent_02__6w,MNSOL-CONN-HSFWRNGVRCDJHI,acetylene,2,6,763,0.001839385491130352,1.839385491130352,0.0033278696050724255,3.3278696050724257,1.8092290175820405,0.0018783070923979537,0.07506611270869074
glider,GLIDER,posthoc_shell__MNSOL-CONN-XSQUKJJJFZCRTK__parent_00__12w,MNSOL-CONN-XSQUKJJJFZCRTK,urea,0,12,1437,0.003668744658684382,3.668744658684382,0.001859022102515742,1.859022102515742,0.5067188576657146,0.0022390019549212476,0.081957341738027
mace_polar_l,MACE-POLAR-1-L,posthoc_shell__MNSOL-CONN-XSQUKJJJFZCRTK__parent_00__12w,MNSOL-CONN-XSQUKJJJFZCRTK,urea,0,12,1437,0.003668744658684382,3.668744658684382,0.002097604021940639,2.0976040219406387,0.5717497992059342,0.0048659042152392916,0.12082099422582929
glider,GLIDER,posthoc_shell__MNSOL-CONN-XSQUKJJJFZCRTK__parent_00__1w,MNSOL-CONN-XSQUKJJJFZCRTK,urea,0,1,392,0.0036279319883089954,3.6279319883089953,0.001126419981843173,1.126419981843173,0.3104854185450718,0.0004915927394877521,0.03840284128112471
mace_polar_l,MACE-POLAR-1-L,posthoc_shell__MNSOL-CONN-XSQUKJJJFZCRTK__parent_00__1w,MNSOL-CONN-XSQUKJJJFZCRTK,urea,0,1,392,0.0036279319883089954,3.6279319883089953,0.0017566022669200992,1.7566022669200991,0.48418831239966653,0.00048825717146058957,0.03827233353718804
glider,GLIDER,posthoc_shell__MNSOL-CONN-XSQUKJJJFZCRTK__parent_00__3w,MNSOL-CONN-XSQUKJJJFZCRTK,urea,0,3,587,0.003151765801826244,3.1517658018262438,0.0009616460899000727,0.9616460899000726,0.3051134349331607,0.000654759345704528,0.04432017641112887
mace_polar_l,MACE-POLAR-1-L,posthoc_shell__MNSOL-CONN-XSQUKJJJFZCRTK__parent_00__3w,MNSOL-CONN-XSQUKJJJFZCRTK,urea,0,3,587,0.003151765801826244,3.1517658018262438,0.0018075820287878558,1.807582028787856,0.5735140687612257,0.0018070802151016353,0.07362907472802376
glider,GLIDER,posthoc_shell__MNSOL-CONN-XSQUKJJJFZCRTK__parent_00__6w,MNSOL-CONN-XSQUKJJJFZCRTK,urea,0,6,912,0.003324578264316492,3.324578264316492,0.0009761898091933693,0.9761898091933694,0.2936281632082638,0.004016557668011467,0.10977100256458625
mace_polar_l,MACE-POLAR-1-L,posthoc_shell__MNSOL-CONN-XSQUKJJJFZCRTK__parent_00__6w,MNSOL-CONN-XSQUKJJJFZCRTK,urea,0,6,912,0.003324578264316492,3.324578264316492,0.00265237310865714,2.65237310865714,0.7978073902262149,0.005353316844986723,0.12672786013722542
glider,GLIDER,posthoc_shell__MNSOL-CONN-XSQUKJJJFZCRTK__parent_01__12w,MNSOL-CONN-XSQUKJJJFZCRTK,urea,1,12,1350,0.00392714611424837,3.92714611424837,0.0017480774581653592,1.748077458165359,0.4451266663654377,0.004074674030677136,0.11056229959634255
mace_polar_l,MACE-POLAR-1-L,posthoc_shell__MNSOL-CONN-XSQUKJJJFZCRTK__parent_01__12w,MNSOL-CONN-XSQUKJJJFZCRTK,urea,1,12,1350,0.00392714611424837,3.92714611424837,0.002515478006324168,2.515478006324168,0.6405358836019815,0.005898691578217583,0.13302659408799714
glider,GLIDER,posthoc_shell__MNSOL-CONN-XSQUKJJJFZCRTK__parent_01__1w,MNSOL-CONN-XSQUKJJJFZCRTK,urea,1,1,388,0.0035844776868630595,3.5844776868630595,0.0012120452028199509,1.2120452028199509,0.33813718725660896,0.0018811548006360285,0.07512299516065694
mace_polar_l,MACE-POLAR-1-L,posthoc_shell__MNSOL-CONN-XSQUKJJJFZCRTK__parent_01__1w,MNSOL-CONN-XSQUKJJJFZCRTK,urea,1,1,388,0.0035844776868630595,3.5844776868630595,0.0018723151708607679,1.872315170860768,0.5223397477748889,0.0007624609517402923,0.04782659150745406
glider,GLIDER,posthoc_shell__MNSOL-CONN-XSQUKJJJFZCRTK__parent_01__3w,MNSOL-CONN-XSQUKJJJFZCRTK,urea,1,3,572,0.004452300776191535,4.452300776191535,0.0014616776634199728,1.4616776634199729,0.32829715171899976,0.004171824399993209,0.11187257572783253
mace_polar_l,MACE-POLAR-1-L,posthoc_shell__MNSOL-CONN-XSQUKJJJFZCRTK__parent_01__3w,MNSOL-CONN-XSQUKJJJFZCRTK,urea,1,3,572,0.004452300776191535,4.452300776191535,0.002839425476880142,2.8394254768801424,0.637743409444356,0.00979696000680852,0.17143768553158187
glider,GLIDER,posthoc_shell__MNSOL-CONN-XSQUKJJJFZCRTK__parent_01__6w,MNSOL-CONN-XSQUKJJJFZCRTK,urea,1,6,871,0.004287679233110576,4.287679233110576,0.0012979475624204837,1.2979475624204837,0.3027156398261779,0.0028301363788024256,0.09214341613163296
mace_polar_l,MACE-POLAR-1-L,posthoc_shell__MNSOL-CONN-XSQUKJJJFZCRTK__parent_01__6w,MNSOL-CONN-XSQUKJJJFZCRTK,urea,1,6,871,0.004287679233110576,4.287679233110576,0.0022328140698703,2.2328140698703,0.5207511916068553,0.00416662479861864,0.11180283715476955
glider,GLIDER,posthoc_shell__MNSOL-CONN-XSQUKJJJFZCRTK__parent_02__12w,MNSOL-CONN-XSQUKJJJFZCRTK,urea,2,12,1318,0.0032148681366143384,3.2148681366143386,0.0018981602423856526,1.8981602423856527,0.5904317569879102,0.00626089509746831,0.13704993722145564
mace_polar_l,MACE-POLAR-1-L,posthoc_shell__MNSOL-CONN-XSQUKJJJFZCRTK__parent_02__12w,MNSOL-CONN-XSQUKJJJFZCRTK,urea,2,12,1318,0.0032148681366143384,3.2148681366143386,0.0028679607347509694,2.8679607347509695,0.8920928053277152,0.007342624974895196,0.1484179063478716
glider,GLIDER,posthoc_shell__MNSOL-CONN-XSQUKJJJFZCRTK__parent_02__1w,MNSOL-CONN-XSQUKJJJFZCRTK,urea,2,1,399,0.002710888885094423,2.710888885094423,0.0007122815682904207,0.7122815682904208,0.26274834509331474,0.0011777059834902654,0.05944003659546986
mace_polar_l,MACE-POLAR-1-L,posthoc_shell__MNSOL-CONN-XSQUKJJJFZCRTK__parent_02__1w,MNSOL-CONN-XSQUKJJJFZCRTK,urea,2,1,399,0.002710888885094423,2.710888885094423,0.001170235444052878,1.170235444052878,0.43167960534543176,0.0008011206139606759,0.04902409450343808
glider,GLIDER,posthoc_shell__MNSOL-CONN-XSQUKJJJFZCRTK__parent_02__3w,MNSOL-CONN-XSQUKJJJFZCRTK,urea,2,3,546,0.0037963521133515554,3.7963521133515554,0.0015038958622756017,1.5038958622756018,0.39614235386293206,0.00038849530360149354,0.03413921368169572
mace_polar_l,MACE-POLAR-1-L,posthoc_shell__MNSOL-CONN-XSQUKJJJFZCRTK__parent_02__3w,MNSOL-CONN-XSQUKJJJFZCRTK,urea,2,3,546,0.0037963521133515554,3.7963521133515554,0.0022772268541644144,2.2772268541644145,0.5998460591038267,0.0017234397369809914,0.0719049317567507
glider,GLIDER,posthoc_shell__MNSOL-CONN-XSQUKJJJFZCRTK__parent_02__6w,MNSOL-CONN-XSQUKJJJFZCRTK,urea,2,6,825,0.003402956219794919,3.4029562197949192,0.0015557982640275949,1.555798264027595,0.45719020861260323,0.0012970211837519555,0.0623783900983014
mace_polar_l,MACE-POLAR-1-L,posthoc_shell__MNSOL-CONN-XSQUKJJJFZCRTK__parent_02__6w,MNSOL-CONN-XSQUKJJJFZCRTK,urea,2,6,825,0.003402956219794919,3.4029562197949192,0.0028207220247778923,2.820722024777892,0.8289034129707036,0.0030173551604957606,0.09514234326254153
glider,GLIDER,posthoc_shell__MNSOL-CONN-ZWEHNKRNPOVVGH__parent_00__12w,MNSOL-CONN-ZWEHNKRNPOVVGH,2-butanone,0,12,1554,0.00394560409674663,3.9456040967466297,0.001579542184729655,1.579542184729655,0.40032961898840164,0.004673581410463439,0.11840922359086017
mace_polar_l,MACE-POLAR-1-L,posthoc_shell__MNSOL-CONN-ZWEHNKRNPOVVGH__parent_00__12w,MNSOL-CONN-ZWEHNKRNPOVVGH,2-butanone,0,12,1554,0.00394560409674663,3.9456040967466297,0.0025384203321056164,2.5384203321056162,0.6433540390427629,0.021742695127115925,0.2553978961960098
glider,GLIDER,posthoc_shell__MNSOL-CONN-ZWEHNKRNPOVVGH__parent_00__1w,MNSOL-CONN-ZWEHNKRNPOVVGH,2-butanone,0,1,522,0.0013533890270337697,1.3533890270337698,0.00046193983027613547,0.46193983027613544,0.34132080358932093,0.0005847238409754943,0.04188283088482061
mace_polar_l,MACE-POLAR-1-L,posthoc_shell__MNSOL-CONN-ZWEHNKRNPOVVGH__parent_00__1w,MNSOL-CONN-ZWEHNKRNPOVVGH,2-butanone,0,1,522,0.0013533890270337697,1.3533890270337698,0.0012143988914110756,1.2143988914110755,0.8973021556652343,0.002533145283518752,0.08717474319179985
glider,GLIDER,posthoc_shell__MNSOL-CONN-ZWEHNKRNPOVVGH__parent_00__3w,MNSOL-CONN-ZWEHNKRNPOVVGH,2-butanone,0,3,732,0.0021791054075769286,2.1791054075769285,0.0005678656399799526,0.5678656399799525,0.26059576466812345,0.0023033094095812868,0.08312597806187823
mace_polar_l,MACE-POLAR-1-L,posthoc_shell__MNSOL-CONN-ZWEHNKRNPOVVGH__parent_00__3w,MNSOL-CONN-ZWEHNKRNPOVVGH,2-butanone,0,3,732,0.0021791054075769286,2.1791054075769285,0.00178750738760963,1.78750738760963,0.8202941360222042,0.006238138334304681,0.13680063962903843
glider,GLIDER,posthoc_shell__MNSOL-CONN-ZWEHNKRNPOVVGH__parent_00__6w,MNSOL-CONN-ZWEHNKRNPOVVGH,2-butanone,0,6,1013,0.001785842569279442,1.7858425692794422,0.0013802129264499263,1.3802129264499263,0.7728637172126652,0.0007709720158014084,0.048092785814550454
mace_polar_l,MACE-POLAR-1-L,posthoc_shell__MNSOL-CONN-ZWEHNKRNPOVVGH__parent_00__6w,MNSOL-CONN-ZWEHNKRNPOVVGH,2-butanone,0,6,1013,0.001785842569279442,1.7858425692794422,0.0018651084925956263,1.8651084925956263,1.0443857284397509,0.007190735454481835,0.14687479825839933
glider,GLIDER,posthoc_shell__MNSOL-CONN-ZWEHNKRNPOVVGH__parent_01__12w,MNSOL-CONN-ZWEHNKRNPOVVGH,2-butanone,1,12,1515,0.004188083829331628,4.188083829331628,0.0018403229189011261,1.840322918901126,0.43941883541400395,0.015750586406302707,0.2173746977431093
mace_polar_l,MACE-POLAR-1-L,posthoc_shell__MNSOL-CONN-ZWEHNKRNPOVVGH__parent_01__12w,MNSOL-CONN-ZWEHNKRNPOVVGH,2-butanone,1,12,1515,0.004188083829331628,4.188083829331628,0.0026152663076464354,2.6152663076464355,0.624454145194081,0.030262431740549958,0.30130930158501557
glider,GLIDER,posthoc_shell__MNSOL-CONN-ZWEHNKRNPOVVGH__parent_01__1w,MNSOL-CONN-ZWEHNKRNPOVVGH,2-butanone,1,1,505,0.0015531284367822336,1.5531284367822336,0.0005789214775440949,0.578921477544095,0.37274539814846386,0.0007659616905976836,0.04793626051115221
mace_polar_l,MACE-POLAR-1-L,posthoc_shell__MNSOL-CONN-ZWEHNKRNPOVVGH__parent_01__1w,MNSOL-CONN-ZWEHNKRNPOVVGH,2-butanone,1,1,505,0.0015531284367822336,1.5531284367822336,0.0011295569362731557,1.1295569362731557,0.7272785105997853,0.00021344145687640005,0.025304631406704983
glider,GLIDER,posthoc_shell__MNSOL-CONN-ZWEHNKRNPOVVGH__parent_01__3w,MNSOL-CONN-ZWEHNKRNPOVVGH,2-butanone,1,3,707,0.001833977695649926,1.833977695649926,0.0006192030063448784,0.6192030063448785,0.3376284279866582,0.0004119329808072937,0.03515393210470034
mace_polar_l,MACE-POLAR-1-L,posthoc_shell__MNSOL-CONN-ZWEHNKRNPOVVGH__parent_01__3w,MNSOL-CONN-ZWEHNKRNPOVVGH,2-butanone,1,3,707,0.001833977695649926,1.833977695649926,0.0013770369767586255,1.3770369767586255,0.7508471777082493,0.0007126733645841629,0.0462387293700042
glider,GLIDER,posthoc_shell__MNSOL-CONN-ZWEHNKRNPOVVGH__parent_01__6w,MNSOL-CONN-ZWEHNKRNPOVVGH,2-butanone,1,6,979,0.003932954725177531,3.9329547251775305,0.0011373604675629818,1.1373604675629818,0.28918727700625696,0.0012617663394285212,0.06152478377276562
mace_polar_l,MACE-POLAR-1-L,posthoc_shell__MNSOL-CONN-ZWEHNKRNPOVVGH__parent_01__6w,MNSOL-CONN-ZWEHNKRNPOVVGH,2-butanone,1,6,979,0.003932954725177531,3.9329547251775305,0.0025480840784901657,2.5480840784901657,0.6478803486290189,0.0071486576324090835,0.14644443621123765
glider,GLIDER,posthoc_shell__MNSOL-CONN-ZWEHNKRNPOVVGH__parent_02__12w,MNSOL-CONN-ZWEHNKRNPOVVGH,2-butanone,2,12,1571,0.003175618609080167,3.175618609080167,0.0017570023211222745,1.7570023211222745,0.5532787583806227,0.006143682047723676,0.1357609890328257
mace_polar_l,MACE-POLAR-1-L,posthoc_shell__MNSOL-CONN-ZWEHNKRNPOVVGH__parent_02__12w,MNSOL-CONN-ZWEHNKRNPOVVGH,2-butanone,2,12,1571,0.003175618609080167,3.175618609080167,0.002217973156085266,2.2179731560852662,0.6984381404439851,0.0035990187424252765,0.10390888425575472
glider,GLIDER,posthoc_shell__MNSOL-CONN-ZWEHNKRNPOVVGH__parent_02__1w,MNSOL-CONN-ZWEHNKRNPOVVGH,2-butanone,2,1,529,0.0008837982059806032,0.8837982059806032,0.0005594021240703238,0.5594021240703237,0.6329523190756522,0.000988717495978274,0.05446239517258511
mace_polar_l,MACE-POLAR-1-L,posthoc_shell__MNSOL-CONN-ZWEHNKRNPOVVGH__parent_02__1w,MNSOL-CONN-ZWEHNKRNPOVVGH,2-butanone,2,1,529,0.0008837982059806032,0.8837982059806032,0.0013222689302337337,1.3222689302337338,1.49612085800359,0.0004923745447487823,0.03843336615814892
glider,GLIDER,posthoc_shell__MNSOL-CONN-ZWEHNKRNPOVVGH__parent_02__3w,MNSOL-CONN-ZWEHNKRNPOVVGH,2-butanone,2,3,722,0.0042158049427487515,4.215804942748751,0.0011979848023455314,1.1979848023455315,0.2841651401367806,0.0026333782101074315,0.0888827015246628
mace_polar_l,MACE-POLAR-1-L,posthoc_shell__MNSOL-CONN-ZWEHNKRNPOVVGH__parent_02__3w,MNSOL-CONN-ZWEHNKRNPOVVGH,2-butanone,2,3,722,0.0042158049427487515,4.215804942748751,0.0028448278323084755,2.8448278323084755,0.674800630233527,0.005201170059913073,0.12491401114262252
glider,GLIDER,posthoc_shell__MNSOL-CONN-ZWEHNKRNPOVVGH__parent_02__6w,MNSOL-CONN-ZWEHNKRNPOVVGH,2-butanone,2,6,1008,0.002806241713019559,2.806241713019559,0.0012756928797116292,1.2756928797116291,0.4545912327484307,0.004251119365048187,0.1129307668226182
mace_polar_l,MACE-POLAR-1-L,posthoc_shell__MNSOL-CONN-ZWEHNKRNPOVVGH__parent_02__6w,MNSOL-CONN-ZWEHNKRNPOVVGH,2-butanone,2,6,1008,0.002806241713019559,2.806241713019559,0.0027628824920545264,2.7628824920545263,0.9845490070353287,0.004504445836010237,0.11624688171314838
