config_id,molecule_id,method,dipole_mse_D2,esp_nrmse,esp_rmse_mEh_per_e,response_rms_mEh_per_e,regime,n_waters
nextgen_prospective__nextgen_prospective_007__cluster_3water__compressed,nextgen_prospective_007,arrow_smeared,0.005916443921471213,0.4281748484274365,0.8476919447751642,1.9797798677070677,compressed,3
nextgen_prospective__nextgen_prospective_007__cluster_3water__cooperative,nextgen_prospective_007,arrow_smeared,0.0003884989598031521,0.1570797078227711,0.34905056453845723,2.222123846399573,cooperative,3
nextgen_prospective__nextgen_prospective_007__cluster_3water__equilibrium,nextgen_prospective_007,arrow_smeared,0.006691667193472893,0.3629554378574053,0.9572722336028923,2.6374373649113827,equilibrium,3
nextgen_prospective__nextgen_prospective_007__cluster_3water__orientation,nextgen_prospective_007,arrow_smeared,0.007188524772863455,0.482246668112443,0.9961795074380001,2.0657053190997394,orientation,3
nextgen_prospective__nextgen_prospective_011__cluster_3water__compressed,nextgen_prospective_011,arrow_smeared,0.001263652459832551,0.2614598984564705,0.5462235831638103,2.089129485586292,compressed,3
nextgen_prospective__nextgen_prospective_011__cluster_3water__cooperative,nextgen_prospective_011,arrow_smeared,0.0003727273896393599,0.11803394438560202,0.26227870486664795,2.222061680916267,cooperative,3
nextgen_prospective__nextgen_prospective_011__cluster_3water__equilibrium,nextgen_prospective_011,arrow_smeared,0.02644497193726066,0.45268191438597116,1.6855187583724895,3.723406446795579,equilibrium,3
nextgen_prospective__nextgen_prospective_011__cluster_3water__orientation,nextgen_prospective_011,arrow_smeared,0.031884046624263224,0.2955473505699458,1.4283143664821385,4.8327767571853295,orientation,3
nextgen_prospective__nextgen_prospective_016__cluster_3water__compressed,nextgen_prospective_016,arrow_smeared,0.0017049325877304714,0.21118044632456437,0.4095209047863453,1.9391989737390287,compressed,3
nextgen_prospective__nextgen_prospective_016__cluster_3water__cooperative,nextgen_prospective_016,arrow_smeared,0.012654465749540293,0.29722728647938546,0.8212944218777095,2.7631864880436248,cooperative,3
nextgen_prospective__nextgen_prospective_016__cluster_3water__equilibrium,nextgen_prospective_016,arrow_smeared,0.0034136655693965735,0.24585958707695163,0.6784207935606994,2.759383116300282,equilibrium,3
nextgen_prospective__nextgen_prospective_016__cluster_3water__orientation,nextgen_prospective_016,arrow_smeared,0.001994100852436717,0.22513612832898494,0.7285248393603061,3.2359303891720734,orientation,3
nextgen_prospective__nextgen_prospective_019__cluster_3water__compressed,nextgen_prospective_019,arrow_smeared,0.01932025681895588,0.7237175330053732,3.8070723511861506,5.260439574230801,compressed,3
nextgen_prospective__nextgen_prospective_019__cluster_3water__cooperative,nextgen_prospective_019,arrow_smeared,0.24480607388309072,1.5636364185997413,3.7492908250635866,2.3978021875578532,cooperative,3
nextgen_prospective__nextgen_prospective_019__cluster_3water__equilibrium,nextgen_prospective_019,arrow_smeared,0.0014776832457703002,0.27351283646376257,1.296350305978096,4.739632416301047,equilibrium,3
nextgen_prospective__nextgen_prospective_019__cluster_3water__orientation,nextgen_prospective_019,arrow_smeared,0.01370594175707264,0.3674842250591087,1.802983846199498,4.906289095564561,orientation,3
