method,esp_nrmse,esp_rmse_mEh_per_e,response_rms_mEh_per_e,dipole_rmse_D
aimnet2,0.8500027412607469,2.493634783024162,3.110892688094406,0.19751012486863248
aimnet2_2025,0.9813774940667997,3.0940988839379617,3.110892688094406,0.4171714469731317
arrow,0.4120648761891214,1.2980477003093371,3.110892688094406,0.15395365652579515
gfn2_xtb,,,,0.3715388342369502
glider,0.28812552151436344,0.8764028777711801,3.110892688094406,0.05651968662182026
later_global_prior,0.5209084769442871,2.1366576957842875,3.110892688094406,0.5799672536320384
mace_mdp,,,,2.064649062839072
mace_polar_l,0.5266877684174476,1.562997238639397,3.110892688094406,0.06478665583911594
mace_polar_m,0.6224151073215113,1.8064464287440434,3.110892688094406,0.08591161530389768
mace_polar_s,0.723527720746323,2.33481969193352,3.110892688094406,0.30386436733117345
