method,molecule_id,esp_nrmse,esp_rmse_mEh_per_e,response_rms_mEh_per_e,dipole_mse_D2
aimnet2,nextgen_prospective_007,0.983322622333097,2.1450201840260466,2.226261599529441,0.015946221004428624
aimnet2,nextgen_prospective_011,0.851987033914516,2.670420585904624,3.216843592620867,0.060192225718672526
aimnet2,nextgen_prospective_016,0.8261304849987161,2.1951324185322383,2.674424741813752,0.050364157854216475
aimnet2,nextgen_prospective_019,0.7385708237966584,2.963965943633739,4.326040818413565,0.02953839312517355
aimnet2_2025,nextgen_prospective_007,0.9378853834911987,2.0901969372159876,2.226261599529441,0.026304156817866
aimnet2_2025,nextgen_prospective_011,0.6143405451313518,2.066496721818624,3.216843592620867,0.04490324277064475
aimnet2_2025,nextgen_prospective_016,1.0455382916349023,2.7027445033239097,2.674424741813752,0.25491545059263765
aimnet2_2025,nextgen_prospective_019,1.327745756009746,5.516957373393327,4.326040818413565,0.3700052144974772
arrow,nextgen_prospective_007,0.3649580122819667,0.8030081579446748,2.226261599529441,0.005046283711902678
arrow,nextgen_prospective_011,0.2896218397730784,1.004032739594236,3.216843592620867,0.014991349602748949
arrow,nextgen_prospective_016,0.25152322976910535,0.677532180701754,2.6744247418137523,0.0049417911897760135
arrow,nextgen_prospective_019,0.7421564229323352,2.7076177229966842,4.326040818413565,0.06982748892622238
gfn2_xtb,nextgen_prospective_007,,,,0.019504637822345124
gfn2_xtb,nextgen_prospective_011,,,,0.10292800163957647
gfn2_xtb,nextgen_prospective_016,,,,0.07639363762334969
gfn2_xtb,nextgen_prospective_019,,,,0.3533381442993367
glider,nextgen_prospective_007,0.2803127406488318,0.6130122033107834,2.226261599529441,0.00322588207417645
glider,nextgen_prospective_011,0.22552409435668924,0.6891717960844194,3.216843592620867,0.002462217580295925
glider,nextgen_prospective_016,0.30191364103669777,0.8095459986765541,2.674424741813752,0.003067217645542325
glider,nextgen_prospective_019,0.3447516100152348,1.3938815130129634,4.326040818413565,0.004022582603300375
later_global_prior,nextgen_prospective_007,0.25923098351839574,0.5672672021485973,2.226261599529441,0.001248126903093575
later_global_prior,nextgen_prospective_011,0.21902904473614862,0.7037465390941013,3.216843592620867,0.001026260787691734
later_global_prior,nextgen_prospective_016,0.3053804400842497,0.8225541751646651,2.674424741813752,0.002635358722106025
later_global_prior,nextgen_prospective_019,1.299993439438354,6.453062866729787,4.326040818413565,1.340538314729065
mace_mdp,nextgen_prospective_007,,,,0.000993571036128223
mace_mdp,nextgen_prospective_011,,,,0.0013484866886178158
mace_mdp,nextgen_prospective_016,,,,0.002540373211590375
mace_mdp,nextgen_prospective_019,,,,17.046220579792696
mace_polar_l,nextgen_prospective_007,0.5839315222602284,1.2923142723955927,2.226261599529441,0.0026287248876829747
mace_polar_l,nextgen_prospective_011,0.472119452436996,1.4623866678355877,3.216843592620867,0.003609887268571
mace_polar_l,nextgen_prospective_016,0.5186987401880585,1.3868734255401454,2.674424741813752,0.00540907844471595
mace_polar_l,nextgen_prospective_019,0.5320013587845072,2.1104145887862624,4.326040818413565,0.0051415524982943
mace_polar_m,nextgen_prospective_007,0.7118011719148265,1.5671176076429667,2.226261599529441,0.00382855741655075
mace_polar_m,nextgen_prospective_011,0.5380734459223915,1.5778419768484129,3.216843592620867,0.0034240143794172
mace_polar_m,nextgen_prospective_016,0.5808018191109696,1.520809757770699,2.674424741813752,0.007275384008862975
mace_polar_m,nextgen_prospective_019,0.6589839923378574,2.560016372714095,4.326040818413565,0.0149952667716687
mace_polar_s,nextgen_prospective_007,0.7180635130196853,1.6076509191027797,2.226261599529441,0.02071182571960175
mace_polar_s,nextgen_prospective_011,0.5181581085875455,1.6473752927557217,3.216843592620867,0.010730527566480762
mace_polar_s,nextgen_prospective_016,0.7226721409055091,1.9926683822390145,2.674424741813752,0.03323566585642688
mace_polar_s,nextgen_prospective_019,0.935217120472552,4.091584173636563,4.326040818413565,0.3046561957917879
