method,method_label,esp_nrmse,dipole_rmse_debye,esp_rank,dipole_rank,esp_candidate_improvement_pct,dipole_candidate_improvement_pct,candidate_esp_molecule_wins,candidate_dipole_molecule_wins,candidate_wins_both_or_available,inference_information_required,public_frozen_status
mace_mdp,MACE-MDP,,0.15087745989343868,,1,,-25.505356338558194,,6,6,geometry/identity; official direct molecular-dipole readout,public frozen checkpoint evaluated post-label without adaptation; dipole only
candidate,Frozen candidate,0.32179935443942215,0.18935929367382542,1,2,0.0,0.0,0.0,0,0,geometry/identity; frozen response-supervised model,candidate frozen prediction-before-label
mace_polar_m,MACE-POLAR-1-M (faithful Gaussian),0.6287589955290869,0.19651227083670647,3,3,48.81992039435793,3.639964635503534,11.0,11,11,geometry/identity/charge/spin; official Gaussian multipole density,"public checkpoint; multipoles pre-label, deterministic decoder post-label"
mace_polar_l,MACE-POLAR-1-L (faithful Gaussian),0.5244760795423442,0.2155607113740909,2,4,38.643654688651765,12.155006138755365,12.0,10,10,geometry/identity/charge/spin; official Gaussian multipole density,"public checkpoint; multipoles pre-label, deterministic decoder post-label"
mace_polar_s,MACE-POLAR-1-S (faithful Gaussian),0.7621025342162028,0.27515698286449863,4,5,57.774795386242594,31.181359926789277,11.0,11,11,geometry/identity/charge/spin; official Gaussian multipole density,public frozen checkpoint evaluated post-label without adaptation
aimnet2,AIMNet2 official default,0.766827896478783,0.36292950513422473,5,6,58.03499639005037,47.82477285670302,11.0,11,11,geometry/identity/total charge; official environment-dependent charges,public frozen checkpoint evaluated post-label without adaptation
salter_style,SALTER-style MACE kernel,1.112714409685768,0.39689497941080154,7,7,71.0797890601328,52.2898238836548,12.0,12,12,same development data and frozen MACE features,historical frozen same-data control; not official SALTER
zero,Zero-response control,1.0,0.4744067994304287,6,8,67.82006455605779,60.085038009326674,12.0,12,12,no response information,historical frozen control
gfn2_xtb,GFN2-xTB (tblite 0.7.0),,0.5437638677081194,,9,,65.17619045341398,,12,12,geometry/identity/charge; self-consistent tight-binding dipole,fixed public method evaluated post-label without adaptation; dipole only
ridge_visnet,Ridge / ViSNet features,1.173469242899164,0.5719824237683728,9,10,72.57709510609864,66.89421111469198,12.0,12,12,same development data and frozen ViSNet features,historical frozen same-data control
ridge_mace,Ridge / MACE features,1.1570734034381915,0.5952607933225932,8,11,72.18850995250519,68.18885171037886,12.0,12,12,same development data and frozen MACE features,historical frozen same-data control
linear_visnet,Linear / ViSNet features,2.821369586136059,1.6279346721866568,10,12,88.59421480898095,88.36812699495636,12.0,12,12,same development data and frozen ViSNet features,historical frozen same-data control
linear_mace,Linear / MACE features,8.74161078047659,5.773645274211877,11,13,96.31876364069967,96.72028182057524,12.0,12,12,same development data and frozen MACE features,historical frozen same-data control
static_thole,Static q/u + Thole,201.22975504871647,413.9283878957536,12,14,99.84008361270355,99.95425312705987,12.0,12,12,static distributed multipoles and Thole response,historical frozen physical control
