rank,glider,mace_polar_l,exact_dipole
4,0.04868219341822043,0.11401221689887638,0.14882501687009764
5,0.12112915435261858,0.2331019661608753,0.24448974751884872
6,0.10522907190715843,0.33788067578192515,0.31030359154319986
7,0.10980394172078163,0.2914962052822466,0.2694894462243016
8,0.11335813378069208,0.28692118138787154,0.23609467067532522
9,0.10187067100340656,0.3127554233935399,0.3138239569658414
10,0.13902759258956418,0.25767009859932,0.3467347231764063
11,0.1329590838728508,0.27166950061341816,0.41233630560570644
12,0.13761642587126163,0.29006944770269455,0.5199832540358508
