config_id,molecule_id,regime,prediction_file,prediction_sha256,net_full_charge_e,net_solute_charge_e,net_water_cluster_charge_e,net_response_charge_e
nextgen_prospective__nextgen_prospective_001__cluster_3water__compressed,nextgen_prospective_001,compressed,211405008c8de9aae879.npz,75e6deef0fea9393b24751e1d8162e3917e4e3b47be3fcd6f8e6178ced919862,2.60770320892334e-08,6.076879799365997e-08,0.0,-3.4691765904426575e-08
nextgen_prospective__nextgen_prospective_001__cluster_3water__cooperative,nextgen_prospective_001,cooperative,dd940076b648d81f3343.npz,18cb7ad478cfcda8dd15ff6fd89cc1fe706016f98216da93eff1ec0a5550269f,7.82310962677002e-08,6.076879799365997e-08,1.4901161193847656e-07,-1.3154931366443634e-07
nextgen_prospective__nextgen_prospective_001__cluster_3water__equilibrium,nextgen_prospective_001,equilibrium,eb634fa608fcfc298a68.npz,7b37e1dffc6baf115114d54f553481e10dabafd4da61fc2dd6a86c35e03dd0d4,-5.4016709327697754e-08,6.076879799365997e-08,8.940696716308594e-08,-2.0419247448444366e-07
nextgen_prospective__nextgen_prospective_001__cluster_3water__orientation,nextgen_prospective_001,orientation,3ae2f246183df8cad674.npz,e6bd0291b094dc8fa1d400296f14415f956d42152254de305fddcf57a445866b,4.6566128730773926e-08,6.076879799365997e-08,5.960464477539063e-08,-7.380731403827667e-08
nextgen_prospective__nextgen_prospective_002__cluster_3water__compressed,nextgen_prospective_002,compressed,f8814178b939d28cf2c6.npz,910280192096412aa9cc3aee44f21aaafc7057b1234f6d2eb544c550e0038a63,1.1548399925231934e-07,9.12696123123169e-08,8.940696716308594e-08,-6.51925802230835e-08
nextgen_prospective__nextgen_prospective_002__cluster_3water__cooperative,nextgen_prospective_002,cooperative,fd97f259f80f889aeb7d.npz,3236d0973f37dbeda7a31e63642063416184039d3e59e27afaf77b7a8bb2a050,9.872019290924072e-08,9.12696123123169e-08,1.1920928955078125e-07,-1.1175870895385742e-07
nextgen_prospective__nextgen_prospective_002__cluster_3water__equilibrium,nextgen_prospective_002,equilibrium,a7b1a41d944ccd9d1e46.npz,6fc498602e0811b0f44384902dac5fb49a00ffd9f81011de6bbfffaf22b09965,6.705522537231445e-08,9.12696123123169e-08,-8.940696716308594e-08,6.51925802230835e-08
nextgen_prospective__nextgen_prospective_002__cluster_3water__orientation,nextgen_prospective_002,orientation,3ba3fdeced04a6011aea.npz,c36fab71c2661ba3ab7d1e30f2c2cf66ee6288da6dbcf6f5b1e19ef9619396d9,-7.078051567077637e-08,9.12696123123169e-08,-5.960464477539063e-08,-1.0244548320770264e-07
nextgen_prospective__nextgen_prospective_003__cluster_3water__compressed,nextgen_prospective_003,compressed,a048472004badd992e48.npz,ee9ff519fe202df37584be65c142b00aaf2bc0c2127f9d000f677b7def95fb11,-2.2351741790771484e-08,5.960464477539063e-08,5.960464477539063e-08,-1.4156103134155273e-07
nextgen_prospective__nextgen_prospective_003__cluster_3water__cooperative,nextgen_prospective_003,cooperative,253b7ab0427c220f2714.npz,0dbd8844a7b5cb2f8ce92d2e68ad358bfd743376e2782591af119fa57eb801c0,2.2351741790771484e-08,5.960464477539063e-08,8.940696716308594e-08,-1.2665987014770508e-07
nextgen_prospective__nextgen_prospective_003__cluster_3water__equilibrium,nextgen_prospective_003,equilibrium,d08351e9ef41acddcfd8.npz,e0aae61c41e090c918bf6f40ea4abb5ec47bdd449743ca996df902e824d931bd,-2.2351741790771484e-08,5.960464477539063e-08,5.960464477539063e-08,-1.4156103134155273e-07
nextgen_prospective__nextgen_prospective_003__cluster_3water__orientation,nextgen_prospective_003,orientation,cdc8dd621dc741a38db2.npz,252ac43392b7f96a375c0442654d6a5db955fc3fbcc9ccd638a9b865171d090d,-6.705522537231445e-08,5.960464477539063e-08,5.960464477539063e-08,-1.862645149230957e-07
nextgen_prospective__nextgen_prospective_004__cluster_3water__compressed,nextgen_prospective_004,compressed,4f40cab14bf6262c75ad.npz,0c7752f88f147ebfe1f2394d9e2a630e5198fd10fbfc80d20df62f4b70ef4d1c,5.21540641784668e-08,2.9802322387695312e-08,8.940696716308594e-08,-6.705522537231445e-08
nextgen_prospective__nextgen_prospective_004__cluster_3water__cooperative,nextgen_prospective_004,cooperative,3f28e587c79a342e9172.npz,fd334ac261e2e42847bff8ab413abd1dd21950219911385d0b216af51778c513,8.940696716308594e-08,2.9802322387695312e-08,8.940696716308594e-08,-2.9802322387695312e-08
nextgen_prospective__nextgen_prospective_004__cluster_3water__equilibrium,nextgen_prospective_004,equilibrium,faf2de3bc4837373403d.npz,bdd6e13692278ab03b5f379be59cccf340a130937fb5a66b114d7f43aab8714b,4.470348358154297e-08,2.9802322387695312e-08,5.960464477539063e-08,-4.470348358154297e-08
nextgen_prospective__nextgen_prospective_004__cluster_3water__orientation,nextgen_prospective_004,orientation,75c82b0de8e3aef1f453.npz,df61bc7a86ddef298cf377cb152df0b205ef5d6fb408ef46f7009c8a43094e07,1.4901161193847656e-08,2.9802322387695312e-08,1.7881393432617188e-07,-1.9371509552001953e-07
nextgen_prospective__nextgen_prospective_005__cluster_3water__compressed,nextgen_prospective_005,compressed,6a55ef3f670befd658b5.npz,67014809af378bc1399f0f5ba63e42ca8613a87a54f7ddabada8b912d4d6780f,1.4901161193847656e-08,2.2351741790771484e-08,5.960464477539063e-08,-6.705522537231445e-08
nextgen_prospective__nextgen_prospective_005__cluster_3water__cooperative,nextgen_prospective_005,cooperative,b040f0139ff4e669d27e.npz,5ec971f582ca9b7ea377ca1e20dc0180ab4f51e3c3fd1a00a907301f0ecb912b,7.450580596923828e-09,2.2351741790771484e-08,1.1920928955078125e-07,-1.341104507446289e-07
nextgen_prospective__nextgen_prospective_005__cluster_3water__equilibrium,nextgen_prospective_005,equilibrium,bc8f7fe7e7b522dc0856.npz,47d00b41b984a0b77e9ad15f319b7c03d04e1456f3c86a479a097610d1098321,0.0,2.2351741790771484e-08,1.1920928955078125e-07,-1.4156103134155273e-07
nextgen_prospective__nextgen_prospective_005__cluster_3water__orientation,nextgen_prospective_005,orientation,9fc3455096e50b30b63d.npz,11aae7fa3a5983a044344ea9adcdc2863cf097e340a1304574deaaa81d0e0c50,8.195638656616211e-08,2.2351741790771484e-08,8.940696716308594e-08,-2.9802322387695312e-08
nextgen_prospective__nextgen_prospective_006__cluster_3water__compressed,nextgen_prospective_006,compressed,d099c51fe55e28fb8517.npz,8a18302def92f8c6b0e6791f8388ddd736edade61cbfd603e99ecc947400dd03,1.685693860054016e-07,7.078051567077637e-08,5.960464477539063e-08,3.818422555923462e-08
nextgen_prospective__nextgen_prospective_006__cluster_3water__cooperative,nextgen_prospective_006,cooperative,8b1c4c73488995471d42.npz,2738ade161bcae4d895d47f0fb4b830f2be2746801b1d77261e800452f2623a3,3.166496753692627e-08,7.078051567077637e-08,1.7881393432617188e-07,-2.1792948246002197e-07
nextgen_prospective__nextgen_prospective_006__cluster_3water__equilibrium,nextgen_prospective_006,equilibrium,a1cfa37bf3e531572843.npz,844f38550c200b5765102f9ad738f34bdc9b62c42ce504999ad00129c21b1f56,5.21540641784668e-08,7.078051567077637e-08,1.4901161193847656e-07,-1.6763806343078613e-07
nextgen_prospective__nextgen_prospective_006__cluster_3water__orientation,nextgen_prospective_006,orientation,5c04868e20147e412d77.npz,d110511cb17ed2d6ef7d5f5aba1c4db0a0cf1bdb5267fc07e4eb410baf271b1d,1.2293457984924316e-07,7.078051567077637e-08,8.940696716308594e-08,-3.725290298461914e-08
nextgen_prospective__nextgen_prospective_007__cluster_3water__compressed,nextgen_prospective_007,compressed,3ea4eb609111c0b4cd3a.npz,b968ca4575affa62e7a47956ea63072b5c19df2a6b2d0f44795442ac377d8f14,0.0,8.568167686462402e-08,1.7881393432617188e-07,-2.644956111907959e-07
nextgen_prospective__nextgen_prospective_007__cluster_3water__cooperative,nextgen_prospective_007,cooperative,03e3c1cab859e0cceca0.npz,61c2b48e2f4392cd2469cf9c02e54f04068602dea6e9f341cbfec1f55df302ea,5.960464477539063e-08,8.568167686462402e-08,1.1920928955078125e-07,-1.4528632164001465e-07
nextgen_prospective__nextgen_prospective_007__cluster_3water__equilibrium,nextgen_prospective_007,equilibrium,bbbbac934a8c5c71983d.npz,58f438f8128e3c679d031e068e1fd1e4aae0614525f657c94c3b38aa50bfe9cb,7.450580596923828e-09,8.568167686462402e-08,5.960464477539063e-08,-1.3783574104309082e-07
nextgen_prospective__nextgen_prospective_007__cluster_3water__orientation,nextgen_prospective_007,orientation,2da77ad4e27cef73061e.npz,b0aaad4622e9a944957ad607f9b15d7fca37b4a6c5fb089581a545dd5aa70f65,-1.2665987014770508e-07,8.568167686462402e-08,5.960464477539063e-08,-2.7194619178771973e-07
nextgen_prospective__nextgen_prospective_008__cluster_3water__compressed,nextgen_prospective_008,compressed,1a3d4916afda007e878e.npz,d73b3820ce727e50e2fe2bceb26f822246365951578d5199626b4619ba86970b,4.470348358154297e-08,0.0,1.1920928955078125e-07,-7.450580596923828e-08
nextgen_prospective__nextgen_prospective_008__cluster_3water__cooperative,nextgen_prospective_008,cooperative,cda90f7929cedc805e4d.npz,e49a47859031f1d5d678401393434210765a2679d3dce5b04e7634d4701a4345,1.1920928955078125e-07,0.0,5.960464477539063e-08,5.960464477539063e-08
nextgen_prospective__nextgen_prospective_008__cluster_3water__equilibrium,nextgen_prospective_008,equilibrium,9e7db025cadf056fda93.npz,ce3faeee76bd1d5cfcd7e1cf2169421fe29b199f201f66fe47b1502f5a43c393,1.4156103134155273e-07,0.0,8.940696716308594e-08,5.21540641784668e-08
nextgen_prospective__nextgen_prospective_008__cluster_3water__orientation,nextgen_prospective_008,orientation,c3adc2b116a442bddaf9.npz,643fd04840c6aedf01691507343349541b2092441b492f65970bc64fe7e70c63,1.7136335372924805e-07,0.0,5.960464477539063e-08,1.1175870895385742e-07
nextgen_prospective__nextgen_prospective_009__cluster_3water__compressed,nextgen_prospective_009,compressed,52af06c4115ee52a799d.npz,5201110f4cc7bc7394739704ef764864d87238b0c807cfaba87f3334d0494d6c,1.6763806343078613e-07,3.725290298461914e-09,5.960464477539063e-08,1.043081283569336e-07
nextgen_prospective__nextgen_prospective_009__cluster_3water__cooperative,nextgen_prospective_009,cooperative,0a0757b8f966d276b029.npz,2033ad4367cd28e93d865d22b193376661ec97e4100dc6fde336e385e8926a19,-4.842877388000488e-08,3.725290298461914e-09,8.940696716308594e-08,-1.4156103134155273e-07
nextgen_prospective__nextgen_prospective_009__cluster_3water__equilibrium,nextgen_prospective_009,equilibrium,da58a33183cbde2e0bbb.npz,d5103e691adc7d6aae5b7bf421c608061763590b076fa79280e2fd5298a1a9dd,9.685754776000977e-08,3.725290298461914e-09,2.9802322387695312e-08,6.332993507385254e-08
nextgen_prospective__nextgen_prospective_009__cluster_3water__orientation,nextgen_prospective_009,orientation,96379722e4e4f48d1c7b.npz,4d009d313c327b61a3f670e0c01acf8ef5493e9e4dbf82e56bdd0390675db22e,1.4901161193847656e-07,3.725290298461914e-09,2.9802322387695312e-08,1.1548399925231934e-07
nextgen_prospective__nextgen_prospective_010__cluster_3water__compressed,nextgen_prospective_010,compressed,6ef118e334c5b4da84a7.npz,0b183c3f323c90fed43a21b4b1f4f1d295f76da88340c5a86e004a37631fab5e,-1.4156103134155273e-07,1.1175870895385742e-08,8.940696716308594e-08,-2.421438694000244e-07
nextgen_prospective__nextgen_prospective_010__cluster_3water__cooperative,nextgen_prospective_010,cooperative,8df491d5c3c93313616c.npz,afa0a152aa3591b44c73ef4e16a8050be5737c22572cfd7217930d8ed74717aa,-7.450580596923828e-09,1.1175870895385742e-08,1.7881393432617188e-07,-1.9744038581848145e-07
nextgen_prospective__nextgen_prospective_010__cluster_3water__equilibrium,nextgen_prospective_010,equilibrium,ac5889077c7caa0564a9.npz,3b61c075d03b21ae4cc7ee319a2b14223f039ac35eded4db02051e71223fee20,2.60770320892334e-08,1.1175870895385742e-08,-1.4901161193847656e-07,1.6391277313232422e-07
nextgen_prospective__nextgen_prospective_010__cluster_3water__orientation,nextgen_prospective_010,orientation,37c4704341ac3afe53af.npz,a1cb56fbd13f262050c1c9d209f560f2657c35db39afa75900d93312c9996ebe,-1.4901161193847656e-08,1.1175870895385742e-08,-8.940696716308594e-08,6.332993507385254e-08
nextgen_prospective__nextgen_prospective_011__cluster_3water__compressed,nextgen_prospective_011,compressed,6b3656f663ab2feaeece.npz,05c0fd921eddd7c93b551119c656b533c1af5d36376d6eabb6902e313a758a3b,1.862645149230957e-09,8.195638656616211e-08,2.9802322387695312e-08,-1.0989606380462646e-07
nextgen_prospective__nextgen_prospective_011__cluster_3water__cooperative,nextgen_prospective_011,cooperative,5109d063f8be38349d6c.npz,57935c8a52d9d82cc595dae3bed5efef2d8c3423602ec894297dcc96e08b9456,4.7497451305389404e-08,8.195638656616211e-08,1.1920928955078125e-07,-1.5366822481155396e-07
nextgen_prospective__nextgen_prospective_011__cluster_3water__equilibrium,nextgen_prospective_011,equilibrium,fddf655329a86ac6cb40.npz,fbddc03c2257303eadbd7dfe51298e2f7df1685e8dd87741309c9ed423b56e49,8.754432201385498e-08,8.195638656616211e-08,1.4901161193847656e-07,-1.434236764907837e-07
nextgen_prospective__nextgen_prospective_011__cluster_3water__orientation,nextgen_prospective_011,orientation,3412e50a278afe125654.npz,073810313198592b973b721e7bb81b994119a65aa8632773f803b0b395ece1e1,-1.862645149230957e-09,8.195638656616211e-08,5.960464477539063e-08,-1.434236764907837e-07
nextgen_prospective__nextgen_prospective_012__cluster_3water__compressed,nextgen_prospective_012,compressed,62bb87591548330c4554.npz,19d00b6c10ea6addf3132e8c768633f41d3a08d3b77bb0bf1789fbf8bbe84db1,1.2665987014770508e-07,-1.4901161193847656e-07,5.960464477539063e-08,2.1606683731079102e-07
nextgen_prospective__nextgen_prospective_012__cluster_3water__cooperative,nextgen_prospective_012,cooperative,793d6780256d14c91165.npz,80b151ff778e54d42e9b4e23a5947fb32e0ab2dd588427e93ddea74fd4a137b3,-1.4901161193847656e-08,-1.4901161193847656e-07,1.1920928955078125e-07,1.4901161193847656e-08
nextgen_prospective__nextgen_prospective_012__cluster_3water__equilibrium,nextgen_prospective_012,equilibrium,00d34018997ec1ff30aa.npz,e900c01b8faa5b97f06646200f89e5580a29912e99b4a4b60219eeaeeb4ae6bd,5.587935447692871e-08,-1.4901161193847656e-07,1.4901161193847656e-07,5.587935447692871e-08
nextgen_prospective__nextgen_prospective_012__cluster_3water__orientation,nextgen_prospective_012,orientation,5fe9f7fd581245eae51b.npz,efb8531ccaec307a8654ac7b5a45fe1468b0d5e684caa3f87039eefc57686116,-1.4528632164001465e-07,-1.4901161193847656e-07,5.960464477539063e-08,-5.587935447692871e-08
nextgen_prospective__nextgen_prospective_013__cluster_3water__compressed,nextgen_prospective_013,compressed,f2702a279cbf43efedf0.npz,90781e87029f19e63a124fb1c4389f97c802021ae901e3ed253bafbfe44d32ca,7.450580596923828e-09,-1.4901161193847656e-08,8.940696716308594e-08,-6.705522537231445e-08
nextgen_prospective__nextgen_prospective_013__cluster_3water__cooperative,nextgen_prospective_013,cooperative,3cba84fd531cb7670d73.npz,2822a6eaa23b72e284dfdae951e0699a15b9640596f175dacea3eb13e54f393d,-1.043081283569336e-07,-1.4901161193847656e-08,8.940696716308594e-08,-1.7881393432617188e-07
nextgen_prospective__nextgen_prospective_013__cluster_3water__equilibrium,nextgen_prospective_013,equilibrium,4afc6d6249af8682fdfb.npz,48cbc6c09d0d2fc853940ddd7592de91adf02f66e866b52b50f9a205f7505844,7.450580596923828e-08,-1.4901161193847656e-08,0.0,8.940696716308594e-08
nextgen_prospective__nextgen_prospective_013__cluster_3water__orientation,nextgen_prospective_013,orientation,14773bca155de095df83.npz,34c31ae937c1a35ca7632b1142574faabda0e27d03de7de8c528ec9ac384c7a6,-8.195638656616211e-08,-1.4901161193847656e-08,0.0,-6.705522537231445e-08
nextgen_prospective__nextgen_prospective_014__cluster_3water__compressed,nextgen_prospective_014,compressed,821a7c9df666fa31f218.npz,2634eedfb1a5869beed64a36d3a338f11ba7e507c74fff7cb48df66e24131b6d,-3.725290298461914e-08,2.9802322387695312e-08,2.9802322387695312e-08,-9.685754776000977e-08
nextgen_prospective__nextgen_prospective_014__cluster_3water__cooperative,nextgen_prospective_014,cooperative,b956cfc142e4f8ba45b2.npz,0beb3b160b6440b93a0fd2f8af2d65ef6410b0e9ecb0cce062f733e38c08507c,-2.2351741790771484e-08,2.9802322387695312e-08,1.7881393432617188e-07,-2.3096799850463867e-07
nextgen_prospective__nextgen_prospective_014__cluster_3water__equilibrium,nextgen_prospective_014,equilibrium,711dcda7173ceefaf939.npz,e3d45f0ee58ef22dd5b35bcc569d43431cc7b04308260a6a7b3192bb13e44abe,-3.725290298461914e-08,2.9802322387695312e-08,-5.960464477539063e-08,-7.450580596923828e-09
nextgen_prospective__nextgen_prospective_014__cluster_3water__orientation,nextgen_prospective_014,orientation,611a8bf355c197135455.npz,9d6a28cf389209f690c804edd504d4a599c525d36a4279e6f209a0e7a4dc7ec8,4.470348358154297e-08,2.9802322387695312e-08,-8.940696716308594e-08,1.043081283569336e-07
nextgen_prospective__nextgen_prospective_015__cluster_3water__compressed,nextgen_prospective_015,compressed,aba2c81241629c05dba6.npz,14796ebd29ae7f90b46b2ae662c545e9abc2798d03223eff6cf966cbdf71a2ff,1.1175870895385742e-07,4.470348358154297e-08,1.4901161193847656e-07,-8.195638656616211e-08
nextgen_prospective__nextgen_prospective_015__cluster_3water__cooperative,nextgen_prospective_015,cooperative,7cf87da98e6ecc64a8f2.npz,0a19bfc698e8206c147cdacb668553cd8d3cfe51d0c9586e1b3d7b16d420ea18,2.9802322387695312e-08,4.470348358154297e-08,1.4901161193847656e-07,-1.6391277313232422e-07
nextgen_prospective__nextgen_prospective_015__cluster_3water__equilibrium,nextgen_prospective_015,equilibrium,4e3c7f2c442c0657b30c.npz,ccf115ae74de6850fb9f9dc79abe34e3865b756ca024a537bfeb0fa16e740389,-7.450580596923828e-09,4.470348358154297e-08,-5.960464477539063e-08,7.450580596923828e-09
nextgen_prospective__nextgen_prospective_015__cluster_3water__orientation,nextgen_prospective_015,orientation,8a6e0f2bebe8089c23d0.npz,7449d04ad7feea81813d85ba7c5486a3c9ba9d71fda9f5d15210991e1daa9efb,8.568167686462402e-08,4.470348358154297e-08,-2.9802322387695312e-08,7.078051567077637e-08
nextgen_prospective__nextgen_prospective_016__cluster_3water__compressed,nextgen_prospective_016,compressed,596770745d997f0017dc.npz,593c756e400069024ca724e634a51221776957cb489befbd4ee86a11d660763d,1.4528632164001465e-07,5.21540641784668e-08,8.940696716308594e-08,3.725290298461914e-09
nextgen_prospective__nextgen_prospective_016__cluster_3water__cooperative,nextgen_prospective_016,cooperative,0f0ea87b154aa9d8ac0c.npz,21072b262b87763fbd920db8927f3b892db5ac3905d766a14df337481d05a93d,4.470348358154297e-08,5.21540641784668e-08,5.960464477539063e-08,-6.705522537231445e-08
nextgen_prospective__nextgen_prospective_016__cluster_3water__equilibrium,nextgen_prospective_016,equilibrium,ea28074aa4752f1fa104.npz,c4e94db7d8de511e739129d281fa43e9496ccf5b991f3b7f2aed2cdeee9d8a0f,9.313225746154785e-08,5.21540641784668e-08,5.960464477539063e-08,-1.862645149230957e-08
nextgen_prospective__nextgen_prospective_016__cluster_3water__orientation,nextgen_prospective_016,orientation,9df059dc4f3b8ffdf982.npz,ae96aeb8c05e8636a81a2177db3c160f338e4f441fd5d9a5af1ef8e941fc7b7c,4.0978193283081055e-08,5.21540641784668e-08,-5.960464477539063e-08,4.842877388000488e-08
nextgen_prospective__nextgen_prospective_017__cluster_3water__compressed,nextgen_prospective_017,compressed,93e215091a285902843d.npz,1308816ddcd62a5fb5ecfb3a27ece1b5f0a72b7453b0701742462a2519d7e2d1,4.842877388000488e-08,-1.862645149230957e-08,5.960464477539063e-08,7.450580596923828e-09
nextgen_prospective__nextgen_prospective_017__cluster_3water__cooperative,nextgen_prospective_017,cooperative,79fc62ef4587ecab1773.npz,321dbf4cef45f24bd95427f6a23653d4affa25c11a8bb7f2acf95cf777f16c8c,8.940696716308594e-08,-1.862645149230957e-08,8.940696716308594e-08,1.862645149230957e-08
nextgen_prospective__nextgen_prospective_017__cluster_3water__equilibrium,nextgen_prospective_017,equilibrium,4a9538b959e5d2bf4178.npz,46febf9b020bf8a7e26d36121598795a24d21c1a0af88be39dce208f148a29ce,5.960464477539063e-08,-1.862645149230957e-08,1.4901161193847656e-07,-7.078051567077637e-08
nextgen_prospective__nextgen_prospective_017__cluster_3water__orientation,nextgen_prospective_017,orientation,531987ee4b47b52d5c8e.npz,4652cbed8bccdf4bc7aea111ee8a3e3d9e9662cfb55922ec660069a975d793a5,5.960464477539063e-08,-1.862645149230957e-08,1.1920928955078125e-07,-4.0978193283081055e-08
nextgen_prospective__nextgen_prospective_018__cluster_3water__compressed,nextgen_prospective_018,compressed,0f620581de75072a78ed.npz,e763c313ca57b619a0ffbd289f3a8979fe7a3d1bd0fb06809c34e385365075fe,1.564621925354004e-07,2.9802322387695312e-08,5.960464477539063e-08,6.705522537231445e-08
nextgen_prospective__nextgen_prospective_018__cluster_3water__cooperative,nextgen_prospective_018,cooperative,bd24d4b4bc993df86a59.npz,9ab14bf62b25c6bdcd99c8690ebf0b7a553aecb59523ed1892658463101ac952,5.21540641784668e-08,2.9802322387695312e-08,1.1920928955078125e-07,-9.685754776000977e-08
nextgen_prospective__nextgen_prospective_018__cluster_3water__equilibrium,nextgen_prospective_018,equilibrium,e3bd4313847571b60b3b.npz,6fcb2f4097fb4e2cdd4c31a130c1238e8e2a9827634b345cceb38840692f3945,1.4901161193847656e-08,2.9802322387695312e-08,1.1920928955078125e-07,-1.341104507446289e-07
nextgen_prospective__nextgen_prospective_018__cluster_3water__orientation,nextgen_prospective_018,orientation,ee153f045d9660ee2bf4.npz,e36285339edfe287966500246a2bf1865165cffb1db47bcb03496f1474fcdaf0,5.960464477539063e-08,2.9802322387695312e-08,8.940696716308594e-08,-5.960464477539063e-08
nextgen_prospective__nextgen_prospective_019__cluster_3water__compressed,nextgen_prospective_019,compressed,a625267a00e9d3cd4b2e.npz,304324fa5dac413baca29254d7573fdea846d7f2272f4a9d592aabbc55bd10c2,1.4901161193847656e-08,5.960464477539063e-08,5.960464477539063e-08,-1.043081283569336e-07
nextgen_prospective__nextgen_prospective_019__cluster_3water__cooperative,nextgen_prospective_019,cooperative,396dd7b4ff511a5f87b1.npz,2334ccdf598ddeb6ef61ba43d2c8a3dcf49b1c08f666f1b4c1fa26644f1d4d1d,7.450580596923828e-09,5.960464477539063e-08,1.1920928955078125e-07,-1.7136335372924805e-07
nextgen_prospective__nextgen_prospective_019__cluster_3water__equilibrium,nextgen_prospective_019,equilibrium,0e08694253c6a2e709a7.npz,298f0df83a9c976c70e5968f6ff0ef749e93b09ea5a5d16df11f8abc438ce6b7,1.564621925354004e-07,5.960464477539063e-08,5.960464477539063e-08,3.725290298461914e-08
nextgen_prospective__nextgen_prospective_019__cluster_3water__orientation,nextgen_prospective_019,orientation,9f38fb5fa8d032613dd8.npz,2deeff0562e78194261b313fe8e770f796a3e4c7facd702d0ef5206f5d3345da,1.341104507446289e-07,5.960464477539063e-08,5.960464477539063e-08,1.4901161193847656e-08
nextgen_prospective__nextgen_prospective_020__cluster_3water__compressed,nextgen_prospective_020,compressed,a0917c5938d83e1605cb.npz,3d51851f8413c1616e38bc04423743e2e4ff4c8b80bf477e5a10eb08f1358723,-8.940696716308594e-08,1.341104507446289e-07,-2.9802322387695312e-08,-1.9371509552001953e-07
nextgen_prospective__nextgen_prospective_020__cluster_3water__cooperative,nextgen_prospective_020,cooperative,ef92ed4597c1999c82b9.npz,93215cee7e090d7fccaf0176b9717e08a715892dd7f30ebcf858d75494a7db6f,7.82310962677002e-08,1.341104507446289e-07,5.960464477539063e-08,-1.1548399925231934e-07
nextgen_prospective__nextgen_prospective_020__cluster_3water__equilibrium,nextgen_prospective_020,equilibrium,d40ed726430b7548e25a.npz,d76161c7e262ba58fe70d069b31588c4d4fc46581639d40cd3104bf0caa763bd,3.073364496231079e-08,1.341104507446289e-07,0.0,-1.0337680578231812e-07
nextgen_prospective__nextgen_prospective_020__cluster_3water__orientation,nextgen_prospective_020,orientation,c2ef9fec0ff2a315faec.npz,8c817b2bcfdddcf9eae27548aa6486178b27dead89f3c9828611a1cef14e487f,4.284083843231201e-08,1.341104507446289e-07,2.9802322387695312e-08,-1.210719347000122e-07
nextgen_prospective__nextgen_prospective_021__cluster_3water__compressed,nextgen_prospective_021,compressed,1967e0f7661c5bb999dc.npz,e8bc73c2f0e2b7e7d1d9cc024dc2e67e29bc77515b6449bca3046ed257b72337,3.259629011154175e-08,3.725290298461914e-08,8.940696716308594e-08,-9.406358003616333e-08
nextgen_prospective__nextgen_prospective_021__cluster_3water__cooperative,nextgen_prospective_021,cooperative,ecd6317583471e1d73f6.npz,00811ee02d13f450dcf930abd77e9f2fb40e16be9fd1060d67f97f2d73429c77,1.5273690223693848e-07,3.725290298461914e-08,0.0,1.1548399925231934e-07
nextgen_prospective__nextgen_prospective_021__cluster_3water__equilibrium,nextgen_prospective_021,equilibrium,d783feb7d0886af36b4a.npz,3fd5f8c74a63028056c1ad8be865363b098d9da234ecdae27f8d66888f5952e4,-1.862645149230957e-08,3.725290298461914e-08,1.4901161193847656e-07,-2.0489096641540527e-07
nextgen_prospective__nextgen_prospective_021__cluster_3water__orientation,nextgen_prospective_021,orientation,db308fce1275585fdaa0.npz,29e4624cbec9928a019270c0fbc69aa853fe0256d63acd39b98f318436860def,1.043081283569336e-07,3.725290298461914e-08,1.4901161193847656e-07,-8.195638656616211e-08
nextgen_prospective__nextgen_prospective_022__cluster_3water__compressed,nextgen_prospective_022,compressed,c0a672e950891e9aa99b.npz,0f874d1ed1290a53fa6d6e16c75afbb1c08c7b96daa1b1e2428fb95f9ff7fbcb,1.4901161193847656e-08,0.0,5.960464477539063e-08,-4.470348358154297e-08
nextgen_prospective__nextgen_prospective_022__cluster_3water__cooperative,nextgen_prospective_022,cooperative,eaadf5484b584f4fb332.npz,34b49b0d309d20caa0e402add30435d1b6772046286c47ac5dc498748224116f,-2.9802322387695312e-08,0.0,8.940696716308594e-08,-1.1920928955078125e-07
nextgen_prospective__nextgen_prospective_022__cluster_3water__equilibrium,nextgen_prospective_022,equilibrium,001c893d5d58916354c7.npz,c47ad90f5e07f0acc66ff7a73b5ad78e159628d7b5a21e23171fdc0108ee3a4a,1.4901161193847656e-07,0.0,1.1920928955078125e-07,2.9802322387695312e-08
nextgen_prospective__nextgen_prospective_022__cluster_3water__orientation,nextgen_prospective_022,orientation,c0b023b2ec2fd58e6498.npz,ace62ec02567d0112a88172489da449c44f3a8d2ab6ffa7014a9a1453ad6b821,0.0,0.0,8.940696716308594e-08,-8.940696716308594e-08
nextgen_prospective__nextgen_prospective_023__cluster_3water__compressed,nextgen_prospective_023,compressed,1178814961d8f64230e0.npz,95a7b7ac1e3a1373e053f146965308b1ea85f10012acc17c4c3d1db82c61007f,-3.166496753692627e-08,3.166496753692627e-08,2.9802322387695312e-08,-9.313225746154785e-08
nextgen_prospective__nextgen_prospective_023__cluster_3water__cooperative,nextgen_prospective_023,cooperative,957a9ac9f9ddb68bb0e3.npz,d8d50b0e8acaae1362a9cf586d4e0707543e526f50f4bdaeb0a8281de932c1a8,-1.862645149230957e-08,3.166496753692627e-08,8.940696716308594e-08,-1.3969838619232178e-07
nextgen_prospective__nextgen_prospective_023__cluster_3water__equilibrium,nextgen_prospective_023,equilibrium,e99cf39df05201b77871.npz,a8253df9c7888ca9cb19b396b1a364e0b8eb822e812f7b9852034d4bd866e9e8,1.4901161193847656e-08,3.166496753692627e-08,5.960464477539063e-08,-7.636845111846924e-08
nextgen_prospective__nextgen_prospective_023__cluster_3water__orientation,nextgen_prospective_023,orientation,38be14ce0bd6b4c3c6dc.npz,1a3f8940b61cf347c0a89c7d6cbf24f5583d817b4a384027df0a0f5705dce164,7.078051567077637e-08,3.166496753692627e-08,-5.960464477539063e-08,9.872019290924072e-08
nextgen_prospective__nextgen_prospective_024__cluster_3water__compressed,nextgen_prospective_024,compressed,ce68f15d32cc06d322d2.npz,c1585b7fa4f9593fbd0e24ba6117692d34592f70c07b076ed07f2f874f87d6b2,4.470348358154297e-08,1.862645149230957e-07,1.1920928955078125e-07,-2.60770320892334e-07
nextgen_prospective__nextgen_prospective_024__cluster_3water__cooperative,nextgen_prospective_024,cooperative,7699c554c8f261d0a84c.npz,50b349c303b7637352184c242deed3c3271cb2567f45fd53a65b96f830d0cb96,7.450580596923828e-09,1.862645149230957e-07,2.9802322387695312e-08,-2.086162567138672e-07
nextgen_prospective__nextgen_prospective_024__cluster_3water__equilibrium,nextgen_prospective_024,equilibrium,128b3103a1c65a323051.npz,95d4601a2216db246d1fab1bd0026e710e30214495f097749d5a4201c8752c71,-5.21540641784668e-08,1.862645149230957e-07,-2.9802322387695312e-08,-2.086162567138672e-07
nextgen_prospective__nextgen_prospective_024__cluster_3water__orientation,nextgen_prospective_024,orientation,9b5674ff88c36a49e171.npz,01b14ad42bb3e29882b56141e5403870cfa984453f433c8e2f05cd6cfa4f43ac,1.043081283569336e-07,1.862645149230957e-07,2.9802322387695312e-08,-1.1175870895385742e-07
