panel,label,esp_nrmse,dipole
I,MACE-MDP,,0.1508774598934386
I,GLIDER,0.3217993544394221,0.1893592936738254
I,MACE-POLAR-1-M,0.6287589955290869,0.1965122708367064
I,MACE-POLAR-1-L,0.5244760795423442,0.2155607113740909
I,MACE-POLAR-1-S,0.7621025342162028,0.2751569828644986
I,AIMNet2,0.766827896478783,0.3629295051342247
I,GFN2-xTB,,0.5437638677081194
II,GLIDER,0.3421748733189548,0.1125412327243028
II,MACE-POLAR-1-L,0.5710076353912171,0.1128963112752569
II,MACE-POLAR-1-M,0.6654787539297301,0.1353696881751913
II,MACE-POLAR-1-S,0.7346192245047822,0.2449809165032482
II,AIMNet2,0.8430021285426106,0.2998266111982106
II,GFN2-xTB,,0.3938883141494844
II,MACE-MDP,,0.8483540368627605
III,GLIDER,0.4265806058122326,0.2266974500095138
III,MACE-POLAR-1-L,0.6297064007236949,0.3559788189340138
III,MACE-POLAR-1-M,0.7090592231369398,0.3063322193820005
III,AIMNet2,0.7703828311829171,0.313961253329962
III,MACE-POLAR-1-S,0.7856847134659317,0.2568690313354539
III,MACE-MDP,,0.2462950170469064
III,GFN2-xTB,,0.4408982245350686
