dataset,config_id,molecule_id,regime,n_probe_points,reference_rms_hartree_per_e,reference_rms_millihartree_per_e,glider_rmse_hartree_per_e,glider_rmse_millihartree_per_e,glider_nrmse,mace_polar_l_rmse_hartree_per_e,mace_polar_l_rmse_millihartree_per_e,mace_polar_l_nrmse
prospective_1,prospective__pros_azaaryl_sulfoxide__cluster_3water__compressed,pros_azaaryl_sulfoxide,compressed,886,0.002105419373963398,2.105419373963398,0.0006734347246788989,0.6734347246788989,0.31985775993462784,0.0010526639139676695,1.0526639139676695,0.4999782594315434
prospective_1,prospective__pros_azaaryl_sulfoxide__cluster_3water__cooperative,pros_azaaryl_sulfoxide,cooperative,902,0.0022148955003919355,2.2148955003919353,0.0005799211577297121,0.5799211577297121,0.26182777364760207,0.0008155322419569992,0.8155322419569992,0.36820348491054644
prospective_1,prospective__pros_azaaryl_sulfoxide__cluster_3water__equilibrium,pros_azaaryl_sulfoxide,equilibrium,880,0.0028659719647771242,2.865971964777124,0.0009853098852793732,0.9853098852793732,0.34379606548454045,0.001644901203352407,1.644901203352407,0.5739418331959589
prospective_1,prospective__pros_azaaryl_sulfoxide__cluster_3water__orientation,pros_azaaryl_sulfoxide,orientation,909,0.0031256163433669164,3.125616343366916,0.001052912505236676,1.0529125052366761,0.3368655617222931,0.0015834955401577292,1.583495540157729,0.5066186525157423
prospective_1,prospective__pros_cyano_cyclic_acetal__cluster_3water__compressed,pros_cyano_cyclic_acetal,compressed,787,0.00321609872415311,3.21609872415311,0.001782893426129351,1.782893426129351,0.5543652664452449,0.001699813172767624,1.699813172767624,0.5285326473350824
prospective_1,prospective__pros_cyano_cyclic_acetal__cluster_3water__cooperative,pros_cyano_cyclic_acetal,cooperative,833,0.001945669616927094,1.945669616927094,0.0004845546497387426,0.4845546497387426,0.24904261521235407,0.0011062334136046348,1.1062334136046348,0.5685617969158463
prospective_1,prospective__pros_cyano_cyclic_acetal__cluster_3water__equilibrium,pros_cyano_cyclic_acetal,equilibrium,863,0.0042786958870192895,4.27869588701929,0.0011719226716994467,1.1719226716994466,0.2738971646138316,0.0018062791746037024,1.8062791746037024,0.42215647531379674
prospective_1,prospective__pros_cyano_cyclic_acetal__cluster_3water__orientation,pros_cyano_cyclic_acetal,orientation,839,0.0034626430828125147,3.4626430828125145,0.0018095894011908485,1.8095894011908484,0.5226035019817921,0.001461967772306736,1.461967772306736,0.4222115122299177
prospective_1,prospective__pros_halogen_oxazinanone__cluster_3water__compressed,pros_halogen_oxazinanone,compressed,741,0.0033567095276718748,3.3567095276718746,0.0004883587008318002,0.48835870083180016,0.1454873282319763,0.0012683759268172176,1.2683759268172177,0.3778628792158044
prospective_1,prospective__pros_halogen_oxazinanone__cluster_3water__cooperative,pros_halogen_oxazinanone,cooperative,762,0.00245778454102721,2.4577845410272103,0.0003331251279419004,0.33312512794190036,0.13553878396625993,0.0011513518621917385,1.1513518621917385,0.4684510960877558
prospective_1,prospective__pros_halogen_oxazinanone__cluster_3water__equilibrium,pros_halogen_oxazinanone,equilibrium,767,0.00492721245879179,4.92721245879179,0.0013567435885413234,1.3567435885413235,0.27535723289553715,0.0025577932393537417,2.557793239353742,0.5191156786409292
prospective_1,prospective__pros_halogen_oxazinanone__cluster_3water__orientation,pros_halogen_oxazinanone,orientation,749,0.004565428999129593,4.565428999129593,0.0019354499038055735,1.9354499038055735,0.4239360428504244,0.0024898879038161383,2.4898879038161383,0.5453787375273692
prospective_1,prospective__pros_heteroaryl_amide__cluster_3water__compressed,pros_heteroaryl_amide,compressed,813,0.005108148616805682,5.108148616805682,0.0009226785998401822,0.9226785998401822,0.1806287696494563,0.002139119957258666,2.139119957258666,0.41876619451145464
prospective_1,prospective__pros_heteroaryl_amide__cluster_3water__cooperative,pros_heteroaryl_amide,cooperative,828,0.0022476227788684536,2.2476227788684535,0.000495920585219883,0.495920585219883,0.22064226696863698,0.0008969265618593463,0.8969265618593463,0.3990556468336276
prospective_1,prospective__pros_heteroaryl_amide__cluster_3water__equilibrium,pros_heteroaryl_amide,equilibrium,852,0.0022607268549300398,2.2607268549300397,0.0008062454355726202,0.8062454355726202,0.3566310692574005,0.001292451854837773,1.292451854837773,0.5716974839394161
prospective_1,prospective__pros_heteroaryl_amide__cluster_3water__orientation,pros_heteroaryl_amide,orientation,864,0.0015551546579771782,1.5551546579771782,0.0010269181069285805,1.0269181069285804,0.6603318208005846,0.0009819201350914982,0.9819201350914981,0.6313970961375005
prospective_1,prospective__pros_isoxazole_thioether__cluster_3water__compressed,pros_isoxazole_thioether,compressed,787,0.004647085317878582,4.647085317878583,0.0014514214202862189,1.4514214202862188,0.3123294110186038,0.0022472868101111555,2.2472868101111554,0.48359060709844104
prospective_1,prospective__pros_isoxazole_thioether__cluster_3water__cooperative,pros_isoxazole_thioether,cooperative,814,0.00232449389576106,2.32449389576106,0.0008355904320701847,0.8355904320701847,0.35947198381289147,0.0013104985527602247,1.3104985527602246,0.5637780142808918
prospective_1,prospective__pros_isoxazole_thioether__cluster_3water__equilibrium,pros_isoxazole_thioether,equilibrium,826,0.003380953101579995,3.3809531015799954,0.001075079267958365,1.075079267958365,0.3179811241557762,0.00146683522658219,1.46683522658219,0.4338525801782654
prospective_1,prospective__pros_isoxazole_thioether__cluster_3water__orientation,pros_isoxazole_thioether,orientation,803,0.002483906796221943,2.483906796221943,0.0011164379601323905,1.1164379601323906,0.44946853957262334,0.0012350920513170835,1.2350920513170836,0.49723767944742364
prospective_1,prospective__pros_polyfunctional_oxane__cluster_3water__compressed,pros_polyfunctional_oxane,compressed,799,0.002663170496654429,2.6631704966544287,0.0005876327974255578,0.5876327974255579,0.22065158733312923,0.0012950696772115378,1.2950696772115378,0.4862886844227402
prospective_1,prospective__pros_polyfunctional_oxane__cluster_3water__cooperative,pros_polyfunctional_oxane,cooperative,828,0.0027905820574853145,2.7905820574853144,0.0004071960841551187,0.4071960841551187,0.1459179754499162,0.0014089256119235647,1.4089256119235647,0.5048859280608985
prospective_1,prospective__pros_polyfunctional_oxane__cluster_3water__equilibrium,pros_polyfunctional_oxane,equilibrium,856,0.002758644547844075,2.758644547844075,0.0008455589850734206,0.8455589850734205,0.3065124811872695,0.0012713310540353638,1.2713310540353637,0.4608535213530606
prospective_1,prospective__pros_polyfunctional_oxane__cluster_3water__orientation,pros_polyfunctional_oxane,orientation,867,0.002490598453173044,2.490598453173044,0.0006965036324879712,0.6965036324879712,0.2796531217630122,0.0014170855996441197,1.4170855996441198,0.5689739338907644
prospective_1,prospective__pros_sulfonyl_piperidinol__cluster_3water__compressed,pros_sulfonyl_piperidinol,compressed,850,0.003252947529362513,3.252947529362513,0.0008370093274604432,0.8370093274604432,0.25730797066513816,0.0014170472794485089,1.417047279448509,0.4356194702366474
prospective_1,prospective__pros_sulfonyl_piperidinol__cluster_3water__cooperative,pros_sulfonyl_piperidinol,cooperative,878,0.0023710459389031727,2.3710459389031726,0.0006897576143744433,0.6897576143744433,0.2909085830253967,0.0009149958095716774,0.9149958095716775,0.38590387244666685
prospective_1,prospective__pros_sulfonyl_piperidinol__cluster_3water__equilibrium,pros_sulfonyl_piperidinol,equilibrium,868,0.004036291572961188,4.036291572961188,0.0009948097848701618,0.9948097848701618,0.2464662839360559,0.0015450058887700308,1.5450058887700309,0.3827785631543341
prospective_1,prospective__pros_sulfonyl_piperidinol__cluster_3water__orientation,pros_sulfonyl_piperidinol,orientation,889,0.002455759662782142,2.455759662782142,0.0012402006587158418,1.2402006587158418,0.5050171144642112,0.0011575313901089853,1.1575313901089854,0.4713536946028392
prospective_1,prospective__prospective_diverse_01__cluster_3water__compressed,prospective_diverse_01,compressed,654,0.0025156956030087385,2.5156956030087385,0.0006402801151806388,0.6402801151806388,0.2545141448809913,0.0016497630297515834,1.6497630297515835,0.6557880165543434
prospective_1,prospective__prospective_diverse_01__cluster_3water__cooperative,prospective_diverse_01,cooperative,690,0.001945313880188864,1.945313880188864,0.0006319809699575972,0.6319809699575972,0.32487352112875495,0.001116238046603256,1.116238046603256,0.5738087092119469
prospective_1,prospective__prospective_diverse_01__cluster_3water__equilibrium,prospective_diverse_01,equilibrium,687,0.004012902283026511,4.012902283026511,0.0007563087145978215,0.7563087145978215,0.18846925772322,0.002118028398992709,2.1180283989927093,0.5278046285730393
prospective_1,prospective__prospective_diverse_01__cluster_3water__orientation,prospective_diverse_01,orientation,695,0.0031434042752588594,3.1434042752588596,0.0008778868578878286,0.8778868578878286,0.2792790175916951,0.00180996326321403,1.80996326321403,0.5757971627957335
prospective_1,prospective__prospective_diverse_02__cluster_3water__compressed,prospective_diverse_02,compressed,586,0.004510494301501434,4.510494301501434,0.0012802518373135766,1.2802518373135765,0.28383847794407185,0.0023348026988613555,2.3348026988613553,0.5176378779780647
prospective_1,prospective__prospective_diverse_02__cluster_3water__cooperative,prospective_diverse_02,cooperative,590,0.00485018175587975,4.85018175587975,0.004382567827514855,4.382567827514855,0.9035883701063329,0.004980881775614518,4.9808817756145185,1.026947447809832
prospective_1,prospective__prospective_diverse_02__cluster_3water__equilibrium,prospective_diverse_02,equilibrium,583,0.008564895869490954,8.564895869490954,0.006491365969691788,6.491365969691787,0.757903664983798,0.0055355575495124295,5.535557549512429,0.6463076298721457
prospective_1,prospective__prospective_diverse_02__cluster_3water__orientation,prospective_diverse_02,orientation,557,0.006506478655614103,6.506478655614103,0.006710985704588361,6.710985704588361,1.0314312948368467,0.0057496573572713774,5.749657357271378,0.8836818902510801
prospective_1,prospective__prospective_diverse_03__cluster_3water__compressed,prospective_diverse_03,compressed,719,0.0025844597630470894,2.5844597630470894,0.00044721784066998157,0.44721784066998155,0.17304113109608243,0.001256142169722822,1.2561421697228219,0.48603665171471844
prospective_1,prospective__prospective_diverse_03__cluster_3water__cooperative,prospective_diverse_03,cooperative,728,0.0034086652506642823,3.4086652506642823,0.0004373368477285505,0.4373368477285505,0.12830149503337768,0.0014718059893300498,1.47180598933005,0.4317836692949604
prospective_1,prospective__prospective_diverse_03__cluster_3water__equilibrium,prospective_diverse_03,equilibrium,763,0.0019667376410771376,1.9667376410771376,0.0004652121089661732,0.4652121089661732,0.23653999356588665,0.0011838942096754487,1.1838942096754486,0.6019583827292067
prospective_1,prospective__prospective_diverse_03__cluster_3water__orientation,prospective_diverse_03,orientation,770,0.0016569682410193627,1.6569682410193627,0.0005542207885791214,0.5542207885791214,0.33447882395028056,0.0010700052747792618,1.0700052747792619,0.6457608832146338
prospective_1,prospective__prospective_diverse_04__cluster_3water__compressed,prospective_diverse_04,compressed,576,0.0028364487279239213,2.8364487279239214,0.000517244251770038,0.517244251770038,0.18235628470133639,0.0018171057124207015,1.8171057124207015,0.6406270258058546
prospective_1,prospective__prospective_diverse_04__cluster_3water__cooperative,prospective_diverse_04,cooperative,584,0.0026432164641555325,2.6432164641555325,0.0005226100266755394,0.5226100266755395,0.19771745286949302,0.0015095478111156707,1.5095478111156706,0.5711026060810908
prospective_1,prospective__prospective_diverse_04__cluster_3water__equilibrium,prospective_diverse_04,equilibrium,586,0.003903268577437139,3.903268577437139,0.0010904930251448848,1.0904930251448848,0.2793794491745929,0.002053738552318083,2.053738552318083,0.5261586569240271
prospective_1,prospective__prospective_diverse_04__cluster_3water__orientation,prospective_diverse_04,orientation,596,0.004620794105020781,4.6207941050207815,0.0013754567090674002,1.3754567090674001,0.2976667381853004,0.0022587584462702157,2.2587584462702157,0.48882473335393445
prospective_1,prospective__prospective_diverse_05__cluster_3water__compressed,prospective_diverse_05,compressed,744,0.0027060504329475803,2.7060504329475803,0.0004020070980995683,0.4020070980995683,0.1485586126573701,0.0011989511481473646,1.1989511481473645,0.4430631201656506
prospective_1,prospective__prospective_diverse_05__cluster_3water__cooperative,prospective_diverse_05,cooperative,752,0.0025621175553579277,2.562117555357928,0.00035644005308873677,0.3564400530887368,0.1391193204009494,0.0011651346445057283,1.1651346445057282,0.45475456115164825
prospective_1,prospective__prospective_diverse_05__cluster_3water__equilibrium,prospective_diverse_05,equilibrium,734,0.005827251762358573,5.827251762358573,0.001109047083227518,1.1090470832275179,0.19032077700700414,0.00278260392199761,2.78260392199761,0.4775156515412601
prospective_1,prospective__prospective_diverse_05__cluster_3water__orientation,prospective_diverse_05,orientation,709,0.006560761298335273,6.560761298335273,0.0010660973708894329,1.0660973708894328,0.16249598520829348,0.0032964314801329064,3.2964314801329064,0.5024464890940846
prospective_2,nextgen_prospective__nextgen_prospective_001__cluster_3water__compressed,nextgen_prospective_001,compressed,550,0.0035659622276401582,3.565962227640158,0.0018517752013697858,1.851775201369786,0.5192918721955259,0.0018715018121273962,1.871501812127396,0.5248237902300769
prospective_2,nextgen_prospective__nextgen_prospective_001__cluster_3water__cooperative,nextgen_prospective_001,cooperative,577,0.0032199113290307044,3.219911329030704,0.0005454414041342302,0.5454414041342303,0.16939640517940147,0.001239869489372145,1.239869489372145,0.38506324015617693
prospective_2,nextgen_prospective__nextgen_prospective_001__cluster_3water__equilibrium,nextgen_prospective_001,equilibrium,558,0.0038946390807429554,3.894639080742955,0.0012547830750028368,1.2547830750028368,0.32218211982905226,0.001671996807504086,1.671996807504086,0.42930725359668753
prospective_2,nextgen_prospective__nextgen_prospective_001__cluster_3water__orientation,nextgen_prospective_001,orientation,555,0.002193081769487656,2.1930817694876557,0.0012587206343847874,1.2587206343847874,0.5739506168430955,0.001023315557431938,1.023315557431938,0.46661076284036745
prospective_2,nextgen_prospective__nextgen_prospective_002__cluster_3water__compressed,nextgen_prospective_002,compressed,707,0.0032116869817720587,3.2116869817720586,0.0006338967170731112,0.6338967170731111,0.1973718860744507,0.002015143485933628,2.015143485933628,0.6274408114397768
prospective_2,nextgen_prospective__nextgen_prospective_002__cluster_3water__cooperative,nextgen_prospective_002,cooperative,716,0.002817030661059651,2.817030661059651,0.0004972554424217221,0.49725544242172215,0.17651758260759404,0.0013618172192220355,1.3618172192220355,0.4834229311191721
prospective_2,nextgen_prospective__nextgen_prospective_002__cluster_3water__equilibrium,nextgen_prospective_002,equilibrium,735,0.003911375796228771,3.9113757962287714,0.0018793322400400638,1.8793322400400638,0.4804785676313839,0.001671015234807976,1.671015234807976,0.4272193013054685
prospective_2,nextgen_prospective__nextgen_prospective_002__cluster_3water__orientation,nextgen_prospective_002,orientation,733,0.0026913808784493317,2.6913808784493316,0.001767996853636293,1.7679968536362929,0.656910683951557,0.001772390465307334,1.7723904653073341,0.6585431588294988
prospective_2,nextgen_prospective__nextgen_prospective_003__cluster_3water__compressed,nextgen_prospective_003,compressed,671,0.002041913277231782,2.041913277231782,0.0024830288147569242,2.483028814756924,1.2160304957334729,0.002957134909743517,2.9571349097435173,1.4482176803083917
prospective_2,nextgen_prospective__nextgen_prospective_003__cluster_3water__cooperative,nextgen_prospective_003,cooperative,675,0.0029647346681899948,2.964734668189995,0.00043744279357541503,0.43744279357541505,0.1475487160011115,0.0014387524572460324,1.4387524572460324,0.4852887756476392
prospective_2,nextgen_prospective__nextgen_prospective_003__cluster_3water__equilibrium,nextgen_prospective_003,equilibrium,710,0.003302423548969835,3.302423548969835,0.001112892482446327,1.1128924824463269,0.33699265583104415,0.0013483244558634973,1.3483244558634973,0.4082833215878976
prospective_2,nextgen_prospective__nextgen_prospective_003__cluster_3water__orientation,nextgen_prospective_003,orientation,703,0.0034883534572038833,3.4883534572038832,0.0011196318790319777,1.1196318790319777,0.32096285332548474,0.0016433074655648485,1.6433074655648485,0.47108399011895263
prospective_2,nextgen_prospective__nextgen_prospective_004__cluster_3water__compressed,nextgen_prospective_004,compressed,541,0.005257744415103779,5.257744415103779,0.005159520917155748,5.159520917155748,0.981318320140122,0.004639031763157427,4.639031763157427,0.8823235587167393
prospective_2,nextgen_prospective__nextgen_prospective_004__cluster_3water__cooperative,nextgen_prospective_004,cooperative,578,0.007429342182064553,7.429342182064553,0.0077801873888458375,7.780187388845838,1.0472242626848274,0.007396188702361001,7.396188702361001,0.9955374945868574
prospective_2,nextgen_prospective__nextgen_prospective_004__cluster_3water__equilibrium,nextgen_prospective_004,equilibrium,577,0.006741493410559447,6.741493410559447,0.005106113278830831,5.106113278830831,0.7574157486875147,0.004643280564888938,4.643280564888938,0.6887614185925033
prospective_2,nextgen_prospective__nextgen_prospective_004__cluster_3water__orientation,nextgen_prospective_004,orientation,572,0.015621561917851932,15.621561917851933,0.013314052385519342,13.314052385519341,0.8522868875425558,0.01353947459721689,13.53947459721689,0.866717084272112
prospective_2,nextgen_prospective__nextgen_prospective_005__cluster_3water__compressed,nextgen_prospective_005,compressed,602,0.003127144239421366,3.127144239421366,0.0007354360150314882,0.7354360150314883,0.23517815576283435,0.0012787742246768662,1.278774224676866,0.40892716381815675
prospective_2,nextgen_prospective__nextgen_prospective_005__cluster_3water__cooperative,nextgen_prospective_005,cooperative,621,0.0021805588156654796,2.1805588156654796,0.0005297703204227036,0.5297703204227036,0.2429516308465288,0.0010145297617137475,1.0145297617137476,0.4652613607233179
prospective_2,nextgen_prospective__nextgen_prospective_005__cluster_3water__equilibrium,nextgen_prospective_005,equilibrium,636,0.0021426876546161207,2.142687654616121,0.0007406776564115418,0.7406776564115418,0.3456769141390512,0.0010080603408935609,1.008060340893561,0.4704653703127639
prospective_2,nextgen_prospective__nextgen_prospective_005__cluster_3water__orientation,nextgen_prospective_005,orientation,632,0.001761857673182475,1.7618576731824749,0.0009297311006101514,0.9297311006101514,0.5276993225739748,0.0015109220144280807,1.5109220144280808,0.8575732520430412
prospective_2,nextgen_prospective__nextgen_prospective_006__cluster_3water__compressed,nextgen_prospective_006,compressed,589,0.002242467907607888,2.242467907607888,0.0006324179707361367,0.6324179707361367,0.28201873863637905,0.0011105744342603725,1.1105744342603725,0.4952465230349975
prospective_2,nextgen_prospective__nextgen_prospective_006__cluster_3water__cooperative,nextgen_prospective_006,cooperative,587,0.0032792929594957928,3.279292959495793,0.0006124672408045698,0.6124672408045697,0.1867680772561228,0.0014357881720741727,1.4357881720741728,0.4378346765014042
prospective_2,nextgen_prospective__nextgen_prospective_006__cluster_3water__equilibrium,nextgen_prospective_006,equilibrium,612,0.0026222806235027415,2.6222806235027414,0.0008551305108474087,0.8551305108474087,0.3261018302858671,0.0012001842179074874,1.2001842179074873,0.45768717777593443
prospective_2,nextgen_prospective__nextgen_prospective_006__cluster_3water__orientation,nextgen_prospective_006,orientation,605,0.0018464514708059951,1.8464514708059951,0.0008968807965054305,0.8968807965054305,0.48573212493580065,0.001232511778362264,1.2325117783622639,0.6675029362262415
prospective_2,nextgen_prospective__nextgen_prospective_007__cluster_3water__compressed,nextgen_prospective_007,compressed,672,0.0019797798677070677,1.9797798677070677,0.0006896307406222054,0.6896307406222054,0.3483370812437439,0.0011342186381867576,1.1342186381867576,0.5729013900421068
prospective_2,nextgen_prospective__nextgen_prospective_007__cluster_3water__cooperative,nextgen_prospective_007,cooperative,709,0.002222123846399573,2.222123846399573,0.00039640614596044655,0.39640614596044654,0.17839066287989713,0.001031661810236671,1.031661810236671,0.46426836735865795
prospective_2,nextgen_prospective__nextgen_prospective_007__cluster_3water__equilibrium,nextgen_prospective_007,equilibrium,716,0.0026374373649113826,2.6374373649113827,0.0006361516568470721,0.6361516568470721,0.2412006689942556,0.0014805260913528238,1.4805260913528238,0.5613502375638669
prospective_2,nextgen_prospective__nextgen_prospective_007__cluster_3water__orientation,nextgen_prospective_007,orientation,712,0.0020657053190997394,2.0657053190997394,0.0007298602698134099,0.7298602698134099,0.3533225494774309,0.0015228505498061185,1.5228505498061184,0.7372060940762819
prospective_2,nextgen_prospective__nextgen_prospective_008__cluster_3water__compressed,nextgen_prospective_008,compressed,584,0.005925611087676237,5.925611087676237,0.0010134480374234288,1.013448037423429,0.17102844287758656,0.00261068554644994,2.61068554644994,0.44057659333726806
prospective_2,nextgen_prospective__nextgen_prospective_008__cluster_3water__cooperative,nextgen_prospective_008,cooperative,616,0.0019792737575613597,1.9792737575613597,0.00036162613029586783,0.3616261302958678,0.18270647449063498,0.001116473220692786,1.116473220692786,0.5640822632177874
prospective_2,nextgen_prospective__nextgen_prospective_008__cluster_3water__equilibrium,nextgen_prospective_008,equilibrium,604,0.0030236534277454843,3.0236534277454843,0.0010703448319198574,1.0703448319198574,0.353990580434324,0.00170143606608938,1.70143606608938,0.5627086922319717
prospective_2,nextgen_prospective__nextgen_prospective_008__cluster_3water__orientation,nextgen_prospective_008,orientation,620,0.0032036791388599024,3.2036791388599024,0.0010735055351522881,1.0735055351522882,0.3350852219034388,0.0018195388001765356,1.8195388001765356,0.5679528820804625
prospective_2,nextgen_prospective__nextgen_prospective_009__cluster_3water__compressed,nextgen_prospective_009,compressed,757,0.002754141073277461,2.7541410732774607,0.0005514123140524179,0.5514123140524179,0.2002120804204959,0.0017351551637543043,1.7351551637543043,0.6300168065426833
prospective_2,nextgen_prospective__nextgen_prospective_009__cluster_3water__cooperative,nextgen_prospective_009,cooperative,779,0.0022335364061844536,2.2335364061844536,0.00047982813204450214,0.47982813204450214,0.21482888334208605,0.0012199503924917253,1.2199503924917254,0.546196779740772
prospective_2,nextgen_prospective__nextgen_prospective_009__cluster_3water__equilibrium,nextgen_prospective_009,equilibrium,793,0.0037166813985610265,3.7166813985610263,0.0008460423365207562,0.8460423365207562,0.22763380709692127,0.0021920544963133955,2.1920544963133954,0.5897881096728078
prospective_2,nextgen_prospective__nextgen_prospective_009__cluster_3water__orientation,nextgen_prospective_009,orientation,769,0.0038317986643361486,3.8317986643361484,0.0012795365857052542,1.2795365857052543,0.3339258394795989,0.0020392259625950718,2.0392259625950717,0.5321850496934613
prospective_2,nextgen_prospective__nextgen_prospective_010__cluster_3water__compressed,nextgen_prospective_010,compressed,706,0.0040525275497535155,4.052527549753515,0.0005249607180802661,0.5249607180802661,0.12953908681316564,0.0018012375759620478,1.8012375759620478,0.4444726294511196
prospective_2,nextgen_prospective__nextgen_prospective_010__cluster_3water__cooperative,nextgen_prospective_010,cooperative,728,0.0031284405787224594,3.1284405787224596,0.0004351772293886546,0.4351772293886546,0.1391035624420794,0.0016029732956630645,1.6029732956630645,0.5123873237565727
prospective_2,nextgen_prospective__nextgen_prospective_010__cluster_3water__equilibrium,nextgen_prospective_010,equilibrium,754,0.002971032332433937,2.971032332433937,0.0006048191250190854,0.6048191250190854,0.20357204410616558,0.001714593144394684,1.714593144394684,0.5771034955348502
prospective_2,nextgen_prospective__nextgen_prospective_010__cluster_3water__orientation,nextgen_prospective_010,orientation,759,0.003888209735547241,3.8882097355472407,0.0005945708636758127,0.5945708636758127,0.1529163558848326,0.0017485889394007893,1.7485889394007892,0.4497156939386878
prospective_2,nextgen_prospective__nextgen_prospective_011__cluster_3water__compressed,nextgen_prospective_011,compressed,731,0.002089129485586292,2.089129485586292,0.0005458034067448494,0.5458034067448494,0.2612587733362422,0.0010032162547715198,1.0032162547715198,0.4802077907056957
prospective_2,nextgen_prospective__nextgen_prospective_011__cluster_3water__cooperative,nextgen_prospective_011,cooperative,738,0.002222061680916267,2.222061680916267,0.0005511945414459445,0.5511945414459445,0.24805546406734283,0.0012319849658032683,1.2319849658032682,0.5544332888613872
prospective_2,nextgen_prospective__nextgen_prospective_011__cluster_3water__equilibrium,nextgen_prospective_011,equilibrium,741,0.003723406446795579,3.723406446795579,0.000800614763886949,0.800614763886949,0.21502212431736276,0.0017186288210341084,1.7186288210341083,0.46157432598130316
prospective_2,nextgen_prospective__nextgen_prospective_011__cluster_3water__orientation,nextgen_prospective_011,orientation,763,0.00483277675718533,4.8327767571853295,0.0008590744722599345,0.8590744722599345,0.17776001570580935,0.0018957166297334542,1.8957166297334542,0.39226240419959796
prospective_2,nextgen_prospective__nextgen_prospective_012__cluster_3water__compressed,nextgen_prospective_012,compressed,737,0.0023120165983876602,2.31201659838766,0.0005278414748384813,0.5278414748384813,0.22830349713171785,0.0009480577163433199,0.9480577163433199,0.41005662200023585
prospective_2,nextgen_prospective__nextgen_prospective_012__cluster_3water__cooperative,nextgen_prospective_012,cooperative,740,0.0019514338919388902,1.9514338919388903,0.0004402690273334685,0.4402690273334685,0.22561308848440134,0.0009476652007646826,0.9476652007646826,0.48562505995174093
prospective_2,nextgen_prospective__nextgen_prospective_012__cluster_3water__equilibrium,nextgen_prospective_012,equilibrium,744,0.0017684517367976783,1.7684517367976782,0.0006574502427343364,0.6574502427343364,0.3717660081155795,0.0012218677744472923,1.2218677744472923,0.6909251460036205
prospective_2,nextgen_prospective__nextgen_prospective_012__cluster_3water__orientation,nextgen_prospective_012,orientation,754,0.0022816645251820407,2.2816645251820407,0.0006776695733924647,0.6776695733924647,0.2970066659288562,0.0011643072278389635,1.1643072278389635,0.510288526200437
prospective_2,nextgen_prospective__nextgen_prospective_013__cluster_3water__compressed,nextgen_prospective_013,compressed,856,0.002564442228588443,2.564442228588443,0.00044168063968093025,0.44168063968093024,0.17223263396502655,0.0012531520670152345,1.2531520670152345,0.4886645731555483
prospective_2,nextgen_prospective__nextgen_prospective_013__cluster_3water__cooperative,nextgen_prospective_013,cooperative,847,0.0018220515690575852,1.8220515690575851,0.0004067516868709795,0.40675168687097946,0.2232382956544762,0.0010027032064002974,1.0027032064002974,0.5503154923979033
prospective_2,nextgen_prospective__nextgen_prospective_013__cluster_3water__equilibrium,nextgen_prospective_013,equilibrium,824,0.0019663792024061555,1.9663792024061555,0.0009504844374880839,0.9504844374880839,0.4833678246418726,0.0013956012261188604,1.3956012261188604,0.7097314823158911
prospective_2,nextgen_prospective__nextgen_prospective_013__cluster_3water__orientation,nextgen_prospective_013,orientation,841,0.0015427487139983791,1.542748713998379,0.0005727412653735164,0.5727412653735164,0.37124728102292764,0.0011962505166933698,1.1962505166933697,0.7754020507934947
prospective_2,nextgen_prospective__nextgen_prospective_014__cluster_3water__compressed,nextgen_prospective_014,compressed,766,0.0018713042400045506,1.8713042400045505,0.00047773512093246187,0.4777351209324619,0.2552952698548367,0.0011634446919963034,1.1634446919963033,0.6217293089623279
prospective_2,nextgen_prospective__nextgen_prospective_014__cluster_3water__cooperative,nextgen_prospective_014,cooperative,779,0.0018301674372044323,1.8301674372044323,0.000384019079696567,0.38401907969656696,0.20982729333396588,0.0009870737270347857,0.9870737270347857,0.5393352034186193
prospective_2,nextgen_prospective__nextgen_prospective_014__cluster_3water__equilibrium,nextgen_prospective_014,equilibrium,782,0.002244166798993914,2.244166798993914,0.000834182443788938,0.834182443788938,0.37171142722676037,0.0015681957777488472,1.568195777748847,0.6987875315025102
prospective_2,nextgen_prospective__nextgen_prospective_014__cluster_3water__orientation,nextgen_prospective_014,orientation,812,0.0021236652288691635,2.1236652288691635,0.0006815841268427561,0.681584126842756,0.32094706716354476,0.0011470449732569443,1.1470449732569443,0.5401251372692755
prospective_2,nextgen_prospective__nextgen_prospective_015__cluster_3water__compressed,nextgen_prospective_015,compressed,653,0.00306357699178549,3.06357699178549,0.000790984284262918,0.790984284262918,0.2581897848116175,0.0016652753798227621,1.6652753798227622,0.5435722308556115
prospective_2,nextgen_prospective__nextgen_prospective_015__cluster_3water__cooperative,nextgen_prospective_015,cooperative,679,0.0024886437279810635,2.4886437279810636,0.0006636460652107615,0.6636460652107615,0.2666697758899989,0.0013181802671959062,1.3181802671959062,0.5296781746518988
prospective_2,nextgen_prospective__nextgen_prospective_015__cluster_3water__equilibrium,nextgen_prospective_015,equilibrium,671,0.0043862784982392974,4.386278498239298,0.0010351987266722874,1.0351987266722875,0.23600843564489307,0.0021336022745376618,2.1336022745376617,0.4864265402650822
prospective_2,nextgen_prospective__nextgen_prospective_015__cluster_3water__orientation,nextgen_prospective_015,orientation,663,0.0034519906574700483,3.451990657470048,0.001147061646266355,1.1470616462663552,0.3322899046045022,0.0021053662785175046,2.1053662785175047,0.6098991820738356
prospective_2,nextgen_prospective__nextgen_prospective_016__cluster_3water__compressed,nextgen_prospective_016,compressed,798,0.0019391989737390287,1.9391989737390287,0.000542909509748201,0.542909509748201,0.27996586069834833,0.0009784226827476601,0.9784226827476601,0.5045499177741073
prospective_2,nextgen_prospective__nextgen_prospective_016__cluster_3water__cooperative,nextgen_prospective_016,cooperative,803,0.002763186488043625,2.7631864880436248,0.0008433351482401852,0.8433351482401852,0.30520384776391923,0.0013464525897749174,1.3464525897749173,0.48728256149233884
prospective_2,nextgen_prospective__nextgen_prospective_016__cluster_3water__equilibrium,nextgen_prospective_016,equilibrium,822,0.002759383116300282,2.759383116300282,0.0009402299264660506,0.9402299264660505,0.34073917496700834,0.001631567487522484,1.631567487522484,0.5912797965184524
prospective_2,nextgen_prospective__nextgen_prospective_016__cluster_3water__orientation,nextgen_prospective_016,orientation,820,0.0032359303891720736,3.2359303891720734,0.0009117094102517798,0.9117094102517799,0.2817456807175152,0.0015910509421155207,1.5910509421155208,0.4916826849673357
prospective_2,nextgen_prospective__nextgen_prospective_017__cluster_3water__compressed,nextgen_prospective_017,compressed,596,0.002735260063724804,2.735260063724804,0.0003569758218682232,0.3569758218682232,0.13050891452789432,0.001700635265466463,1.7006352654664632,0.6217453645524965
prospective_2,nextgen_prospective__nextgen_prospective_017__cluster_3water__cooperative,nextgen_prospective_017,cooperative,592,0.002668392764248632,2.6683927642486323,0.0008075167628739613,0.8075167628739612,0.30262290233025063,0.0017115501491357997,1.7115501491357996,0.6414161258669652
prospective_2,nextgen_prospective__nextgen_prospective_017__cluster_3water__equilibrium,nextgen_prospective_017,equilibrium,581,0.003208058971879026,3.208058971879026,0.0011651845669178092,1.1651845669178091,0.3632054700775456,0.0015849209654181,1.5849209654181,0.49404358813571914
prospective_2,nextgen_prospective__nextgen_prospective_017__cluster_3water__orientation,nextgen_prospective_017,orientation,581,0.0027843303049893825,2.7843303049893824,0.0014825207106645734,1.4825207106645735,0.5324514508957394,0.002305545172704678,2.3055451727046776,0.8280429834683244
prospective_2,nextgen_prospective__nextgen_prospective_018__cluster_3water__compressed,nextgen_prospective_018,compressed,628,0.00520643638211765,5.2064363821176505,0.0020332641134142696,2.0332641134142695,0.3905289461324919,0.0025668889681156144,2.5668889681156144,0.49302224779544235
prospective_2,nextgen_prospective__nextgen_prospective_018__cluster_3water__cooperative,nextgen_prospective_018,cooperative,654,0.002631023007053946,2.631023007053946,0.0008454083158437499,0.8454083158437499,0.3213230418651431,0.0012939364821044947,1.2939364821044947,0.49179975949863064
prospective_2,nextgen_prospective__nextgen_prospective_018__cluster_3water__equilibrium,nextgen_prospective_018,equilibrium,662,0.004378138378451616,4.378138378451616,0.001287089951781509,1.287089951781509,0.2939811035019649,0.0017378768565055646,1.7378768565055647,0.3969442503368719
prospective_2,nextgen_prospective__nextgen_prospective_018__cluster_3water__orientation,nextgen_prospective_018,orientation,656,0.004238401950978964,4.2384019509789645,0.001227458328015443,1.227458328015443,0.2896040399688687,0.0015715244377776825,1.5715244377776825,0.37078230331946216
prospective_2,nextgen_prospective__nextgen_prospective_019__cluster_3water__compressed,nextgen_prospective_019,compressed,594,0.005260439574230801,5.260439574230801,0.0023631186887588473,2.3631186887588473,0.4492245667709984,0.0024595626450943037,2.459562645094304,0.4675583875429173
prospective_2,nextgen_prospective__nextgen_prospective_019__cluster_3water__cooperative,nextgen_prospective_019,cooperative,598,0.002397802187557853,2.3978021875578532,0.0012546264773610346,1.2546264773610345,0.5232401921523243,0.001995497473996175,1.9954974739961748,0.8322193900525952
prospective_2,nextgen_prospective__nextgen_prospective_019__cluster_3water__equilibrium,nextgen_prospective_019,equilibrium,630,0.004739632416301047,4.739632416301047,0.0010474304669506147,1.0474304669506147,0.22099402969483048,0.0021877394035782136,2.1877394035782136,0.4615841929120722
prospective_2,nextgen_prospective__nextgen_prospective_019__cluster_3water__orientation,nextgen_prospective_019,orientation,633,0.004906289095564561,4.906289095564561,0.0009103504189813562,0.9103504189813562,0.18554765144278626,0.001798858832476358,1.798858832476358,0.36664346463044395
prospective_2,nextgen_prospective__nextgen_prospective_020__cluster_3water__compressed,nextgen_prospective_020,compressed,800,0.0021445646077120667,2.144564607712067,0.0004701668304968818,0.4701668304968818,0.21923649621285146,0.0011673888359129507,1.1673888359129507,0.5443477112859668
prospective_2,nextgen_prospective__nextgen_prospective_020__cluster_3water__cooperative,nextgen_prospective_020,cooperative,793,0.0026247509004759507,2.624750900475951,0.0014170075522476984,1.4170075522476984,0.539863631246207,0.001684927553098906,1.684927553098906,0.6419380798358333
prospective_2,nextgen_prospective__nextgen_prospective_020__cluster_3water__equilibrium,nextgen_prospective_020,equilibrium,846,0.001839398537031426,1.8393985370314259,0.0005735510613541516,0.5735510613541517,0.3118144598939368,0.0011135905153053314,1.1135905153053314,0.6054101342836427
prospective_2,nextgen_prospective__nextgen_prospective_020__cluster_3water__orientation,nextgen_prospective_020,orientation,850,0.002175552608464782,2.175552608464782,0.0005865336529432414,0.5865336529432414,0.2696021464436751,0.0012298716251436408,1.2298716251436408,0.5653145873643212
prospective_2,nextgen_prospective__nextgen_prospective_021__cluster_3water__compressed,nextgen_prospective_021,compressed,643,0.0033919492078177257,3.3919492078177256,0.001186578537180164,1.186578537180164,0.349822023998871,0.0019355175005261501,1.9355175005261502,0.5706210152160273
prospective_2,nextgen_prospective__nextgen_prospective_021__cluster_3water__cooperative,nextgen_prospective_021,cooperative,651,0.0022693835756219327,2.2693835756219327,0.001033367792080956,1.033367792080956,0.45535175418626966,0.001592167584674371,1.592167584674371,0.7015859292266323
prospective_2,nextgen_prospective__nextgen_prospective_021__cluster_3water__equilibrium,nextgen_prospective_021,equilibrium,668,0.004585751741986361,4.585751741986361,0.0011045967487285956,1.1045967487285957,0.24087582819084952,0.0018128914536592376,1.8128914536592375,0.3953313558299968
prospective_2,nextgen_prospective__nextgen_prospective_021__cluster_3water__orientation,nextgen_prospective_021,orientation,669,0.0024373265073863587,2.437326507386359,0.001037449879122023,1.037449879122023,0.4256507595424798,0.0016383004193964018,1.6383004193964017,0.6721710917398653
prospective_2,nextgen_prospective__nextgen_prospective_022__cluster_3water__compressed,nextgen_prospective_022,compressed,584,0.003356425126306696,3.356425126306696,0.002615245339171969,2.615245339171969,0.7791758316532752,0.002971206955183722,2.9712069551837224,0.8852296247862809
prospective_2,nextgen_prospective__nextgen_prospective_022__cluster_3water__cooperative,nextgen_prospective_022,cooperative,570,0.002927320342682963,2.927320342682963,0.0007511935741777485,0.7511935741777485,0.256614748725881,0.0016314966095240901,1.6314966095240901,0.5573344965822163
prospective_2,nextgen_prospective__nextgen_prospective_022__cluster_3water__equilibrium,nextgen_prospective_022,equilibrium,590,0.0021468098613023697,2.1468098613023696,0.0018021044834571837,1.8021044834571838,0.8394336713005085,0.0020262978104218163,2.0262978104218163,0.9438645904079068
prospective_2,nextgen_prospective__nextgen_prospective_022__cluster_3water__orientation,nextgen_prospective_022,orientation,569,0.003255117262043068,3.255117262043068,0.0018306902786466971,1.8306902786466972,0.5624037880274912,0.00228440259187021,2.28440259187021,0.7017881102189263
prospective_2,nextgen_prospective__nextgen_prospective_023__cluster_3water__compressed,nextgen_prospective_023,compressed,786,0.0025422342329800614,2.5422342329800616,0.00043441581899627684,0.43441581899627685,0.17087954105906492,0.0011871546697266916,1.1871546697266915,0.4669729698097423
prospective_2,nextgen_prospective__nextgen_prospective_023__cluster_3water__cooperative,nextgen_prospective_023,cooperative,792,0.002669133574346013,2.6691335743460134,0.000637027365895551,0.637027365895551,0.2386644760000947,0.0010666826643889544,1.0666826643889544,0.39963629944983603
prospective_2,nextgen_prospective__nextgen_prospective_023__cluster_3water__equilibrium,nextgen_prospective_023,equilibrium,839,0.001435826272382291,1.435826272382291,0.0005091601546165875,0.5091601546165875,0.3546112537499403,0.001091022264455351,1.0910222644553509,0.7598567357631303
prospective_2,nextgen_prospective__nextgen_prospective_023__cluster_3water__orientation,nextgen_prospective_023,orientation,843,0.0018684210424539927,1.8684210424539927,0.0005190422577265322,0.5190422577265322,0.2777972662119132,0.0012072813242059498,1.2072813242059497,0.6461505714045593
prospective_2,nextgen_prospective__nextgen_prospective_024__cluster_3water__compressed,nextgen_prospective_024,compressed,699,0.0031878792204655536,3.1878792204655535,0.0006523532336533737,0.6523532336533737,0.20463549229387207,0.001260911058558406,1.260911058558406,0.3955328829472605
prospective_2,nextgen_prospective__nextgen_prospective_024__cluster_3water__cooperative,nextgen_prospective_024,cooperative,710,0.0032178052872929323,3.2178052872929324,0.0007007739425301338,0.7007739425301338,0.21778009542637033,0.0017448046044918615,1.7448046044918615,0.5422343643296473
prospective_2,nextgen_prospective__nextgen_prospective_024__cluster_3water__equilibrium,nextgen_prospective_024,equilibrium,775,0.006499981811068677,6.499981811068677,0.0007859582505107554,0.7859582505107554,0.12091699228640368,0.003097127455165977,3.097127455165977,0.4764824802881673
prospective_2,nextgen_prospective__nextgen_prospective_024__cluster_3water__orientation,nextgen_prospective_024,orientation,772,0.006371093998702236,6.371093998702236,0.0007846656391022703,0.7846656391022703,0.12316026717893398,0.002951329237854229,2.951329237854229,0.4632374343331619
prospective_3_canonical,canonical_p3__mobley_1278715__cluster_3water__compressed,mobley_1278715,compressed,544,0.0019284949544780459,1.9284949544780459,0.0020354191003337887,2.035419100333789,1.055444348250671,0.0020171419887930727,2.017141988793073,1.0459669516423595
prospective_3_canonical,canonical_p3__mobley_1278715__cluster_3water__cooperative,mobley_1278715,cooperative,540,0.0014284347635785703,1.4284347635785704,0.0013216480992409227,1.3216480992409227,0.9252421832200992,0.0017050083492721568,1.7050083492721568,1.193620032741785
prospective_3_canonical,canonical_p3__mobley_1278715__cluster_3water__equilibrium,mobley_1278715,equilibrium,526,0.005403935603317858,5.403935603317858,0.0013840471616091486,1.3840471616091485,0.2561183669101061,0.0019778923077260137,1.9778923077260138,0.3660095998389851
prospective_3_canonical,canonical_p3__mobley_1278715__cluster_3water__orientation,mobley_1278715,orientation,522,0.002824798495022133,2.824798495022133,0.0017992292209120984,1.7992292209120984,0.6369407319080298,0.0021243321177683784,2.1243321177683785,0.7520296125588717
prospective_3_canonical,canonical_p3__mobley_1352110__cluster_3water__compressed,mobley_1352110,compressed,1246,0.0022702276024774534,2.2702276024774535,0.00040299570621469405,0.40299570621469405,0.1775133496636694,0.0010389322231461838,1.0389322231461837,0.45763350864574903
prospective_3_canonical,canonical_p3__mobley_1352110__cluster_3water__cooperative,mobley_1352110,cooperative,1272,0.001652260402393785,1.652260402393785,0.00035510567101035176,0.35510567101035173,0.21492112895514337,0.0008871626762627763,0.8871626762627763,0.5369387748913309
prospective_3_canonical,canonical_p3__mobley_1352110__cluster_3water__equilibrium,mobley_1352110,equilibrium,1290,0.0018007114064644027,1.8007114064644028,0.0005358860469413242,0.5358860469413241,0.2975968525647909,0.0010424425016587538,1.0424425016587537,0.5789059245787375
prospective_3_canonical,canonical_p3__mobley_1352110__cluster_3water__orientation,mobley_1352110,orientation,1288,0.001751270541986552,1.751270541986552,0.0005211110543366643,0.5211110543366643,0.297561708395747,0.0008876395078785138,0.8876395078785139,0.5068545873395557
prospective_3_canonical,canonical_p3__mobley_1723043__cluster_3water__compressed,mobley_1723043,compressed,647,0.0032953486215342837,3.2953486215342838,0.0008756374687130366,0.8756374687130366,0.265719221022918,0.0011370531535735355,1.1370531535735355,0.3450479096940384
prospective_3_canonical,canonical_p3__mobley_1723043__cluster_3water__cooperative,mobley_1723043,cooperative,643,0.002217344196767123,2.217344196767123,0.0007068228877620793,0.7068228877620794,0.3187700352487555,0.0009649066692266897,0.9649066692266897,0.435163232949363
prospective_3_canonical,canonical_p3__mobley_1723043__cluster_3water__equilibrium,mobley_1723043,equilibrium,677,0.0013792533562085188,1.3792533562085187,0.0009490509681120107,0.9490509681120107,0.6880903815386699,0.0008895609381760922,0.8895609381760923,0.6449583277588967
prospective_3_canonical,canonical_p3__mobley_1723043__cluster_3water__orientation,mobley_1723043,orientation,684,0.0016169825489842319,1.6169825489842318,0.0008058183117430301,0.8058183117430301,0.4983469439724226,0.000773910391985535,0.773910391985535,0.47861394204389884
prospective_3_canonical,canonical_p3__mobley_172879__cluster_3water__compressed,mobley_172879,compressed,978,0.0033081916921525,3.3081916921525,0.0006766858136725137,0.6766858136725137,0.20454854997602118,0.0016465444640963159,1.6465444640963158,0.4977173686767163
prospective_3_canonical,canonical_p3__mobley_172879__cluster_3water__cooperative,mobley_172879,cooperative,993,0.0028447739667871305,2.8447739667871303,0.0006177730828249333,0.6177730828249333,0.21716069186426162,0.0014130526923033658,1.4130526923033657,0.496718793408834
prospective_3_canonical,canonical_p3__mobley_172879__cluster_3water__equilibrium,mobley_172879,equilibrium,1037,0.0029437278932920373,2.943727893292037,0.0008470098506469014,0.8470098506469014,0.2877337448807713,0.0010003698534136985,1.0003698534136984,0.3398309523421889
prospective_3_canonical,canonical_p3__mobley_172879__cluster_3water__orientation,mobley_172879,orientation,1020,0.0021421005750106733,2.1421005750106734,0.0009265892136760522,0.9265892136760522,0.43256102187052325,0.0016899808588716053,1.6899808588716054,0.7889362799238242
prospective_3_canonical,canonical_p3__mobley_2261979__cluster_3water__compressed,mobley_2261979,compressed,977,0.003035651694526645,3.0356516945266447,0.0005646185310274407,0.5646185310274406,0.185995821604126,0.001356253073212125,1.356253073212125,0.4467749299623151
prospective_3_canonical,canonical_p3__mobley_2261979__cluster_3water__cooperative,mobley_2261979,cooperative,964,0.0028877744802678932,2.8877744802678933,0.00029600349239270563,0.2960034923927056,0.10250228832455295,0.0012469488915038448,1.246948891503845,0.4318027256020933
prospective_3_canonical,canonical_p3__mobley_2261979__cluster_3water__equilibrium,mobley_2261979,equilibrium,967,0.005768685223221664,5.768685223221664,0.0008198662561983789,0.8198662561983788,0.14212359046703268,0.001719136413245197,1.719136413245197,0.2980118253505784
prospective_3_canonical,canonical_p3__mobley_2261979__cluster_3water__orientation,mobley_2261979,orientation,953,0.0018799583896785396,1.8799583896785397,0.000687971799909198,0.687971799909198,0.3659505463984427,0.0015897922127268982,1.5897922127268982,0.8456528726674328
prospective_3_canonical,canonical_p3__mobley_2689721__cluster_3water__compressed,mobley_2689721,compressed,804,0.0027320309400597847,2.7320309400597846,0.00043701182997557417,0.4370118299755742,0.1599585947463725,0.001167076543690352,1.167076543690352,0.42718276963027846
prospective_3_canonical,canonical_p3__mobley_2689721__cluster_3water__cooperative,mobley_2689721,cooperative,820,0.002299823076855297,2.299823076855297,0.00024014987041817864,0.24014987041817865,0.10442101952753327,0.0009884549252315597,0.9884549252315598,0.42979607221923377
prospective_3_canonical,canonical_p3__mobley_2689721__cluster_3water__equilibrium,mobley_2689721,equilibrium,820,0.0026129890240435445,2.6129890240435447,0.0005645300889198728,0.5645300889198728,0.2160476311707864,0.0013639026986923442,1.3639026986923442,0.5219703129796289
prospective_3_canonical,canonical_p3__mobley_2689721__cluster_3water__orientation,mobley_2689721,orientation,841,0.0017189686641205357,1.7189686641205357,0.0004093791371164145,0.4093791371164145,0.23815392663127014,0.001530149876684647,1.5301498766846469,0.8901557710870239
prospective_3_canonical,canonical_p3__mobley_2727678__cluster_3water__compressed,mobley_2727678,compressed,662,0.0031157557319420686,3.115755731942069,0.0011695779134254223,1.1695779134254223,0.3753753548248847,0.0020616080080132436,2.0616080080132435,0.6616718977287194
prospective_3_canonical,canonical_p3__mobley_2727678__cluster_3water__cooperative,mobley_2727678,cooperative,693,0.0035781307506173583,3.5781307506173583,0.0010007011943778457,1.0007011943778457,0.27967150004375557,0.0016841253121730785,1.6841253121730784,0.4706718198831905
prospective_3_canonical,canonical_p3__mobley_2727678__cluster_3water__equilibrium,mobley_2727678,equilibrium,689,0.0057254275779888225,5.725427577988823,0.005630731238128923,5.630731238128923,0.9834603898887908,0.005650034496361939,5.65003449636194,0.9868318862478099
prospective_3_canonical,canonical_p3__mobley_2727678__cluster_3water__orientation,mobley_2727678,orientation,696,0.009020594109723131,9.020594109723131,0.009314386019400671,9.314386019400672,1.0325690199674173,0.009168612164242343,9.168612164242344,1.0164089030854038
prospective_3_canonical,canonical_p3__mobley_3047364__cluster_3water__compressed,mobley_3047364,compressed,1225,0.0019036066780188253,1.9036066780188252,0.0004529447720121176,0.4529447720121176,0.2379403146891242,0.0010542842124773646,1.0542842124773646,0.55383510924358
prospective_3_canonical,canonical_p3__mobley_3047364__cluster_3water__cooperative,mobley_3047364,cooperative,1238,0.0015670489485587248,1.5670489485587247,0.013172435360768123,13.172435360768123,8.405886346360347,0.010896296630501815,10.896296630501816,6.953386261816236
prospective_3_canonical,canonical_p3__mobley_3047364__cluster_3water__equilibrium,mobley_3047364,equilibrium,1255,0.0018359041725090753,1.8359041725090754,0.0005028549852619975,0.5028549852619975,0.27390045340697744,0.0010863226422065477,1.0863226422065477,0.5917098825054159
prospective_3_canonical,canonical_p3__mobley_3047364__cluster_3water__orientation,mobley_3047364,orientation,1246,0.0020260491023163744,2.0260491023163745,0.0006359788781321419,0.6359788781321419,0.3139010191831134,0.0014518113870934713,1.4518113870934712,0.7165726563258614
prospective_3_canonical,canonical_p3__mobley_3709920__cluster_3water__compressed,mobley_3709920,compressed,1099,0.0018140041543257077,1.8140041543257077,0.000265639768849129,0.26563976884912904,0.1464383464699789,0.0008661480641056796,0.8661480641056796,0.47747854493069763
prospective_3_canonical,canonical_p3__mobley_3709920__cluster_3water__cooperative,mobley_3709920,cooperative,1098,0.0015377903774367824,1.5377903774367825,0.00028953372638593244,0.28953372638593244,0.18827905976920772,0.0006936606488741022,0.6936606488741022,0.451076205867739
prospective_3_canonical,canonical_p3__mobley_3709920__cluster_3water__equilibrium,mobley_3709920,equilibrium,1119,0.0019372162033074387,1.9372162033074387,0.0004975409818111381,0.49754098181113815,0.2568329652424334,0.0009960502362278444,0.9960502362278444,0.5141657573002294
prospective_3_canonical,canonical_p3__mobley_3709920__cluster_3water__orientation,mobley_3709920,orientation,1138,0.0012863784504999274,1.2863784504999274,0.0005384853631873613,0.5384853631873613,0.4186057089016757,0.0008537011087687982,0.8537011087687982,0.663646929437463
prospective_3_canonical,canonical_p3__mobley_3777264__cluster_3water__compressed,mobley_3777264,compressed,779,0.0045920502947541285,4.592050294754128,0.0009619933190828682,0.9619933190828681,0.20949102412528695,0.0025329941653733563,2.5329941653733563,0.5516041861011411
prospective_3_canonical,canonical_p3__mobley_3777264__cluster_3water__cooperative,mobley_3777264,cooperative,779,0.003237484479928459,3.237484479928459,0.0006407516648102316,0.6407516648102316,0.19791652092318004,0.0015879767597038953,1.5879767597038954,0.4904971033989284
prospective_3_canonical,canonical_p3__mobley_3777264__cluster_3water__equilibrium,mobley_3777264,equilibrium,800,0.005859360732786864,5.859360732786865,0.0011288596979700082,1.1288596979700083,0.1926591909000102,0.0021050217931134914,2.1050217931134916,0.3592579274620439
prospective_3_canonical,canonical_p3__mobley_3777264__cluster_3water__orientation,mobley_3777264,orientation,793,0.0027829513986589163,2.7829513986589163,0.0008832744700619568,0.8832744700619568,0.31738767356397246,0.0015355268148816035,1.5355268148816035,0.5517619947015828
prospective_3_canonical,canonical_p3__mobley_4479135__cluster_3water__compressed,mobley_4479135,compressed,1069,0.0030103280886151153,3.010328088615115,0.0007135664769311491,0.713566476931149,0.2370394375383254,0.0012698605418198104,1.2698605418198103,0.4218345989004815
prospective_3_canonical,canonical_p3__mobley_4479135__cluster_3water__cooperative,mobley_4479135,cooperative,1081,0.002266226343692475,2.266226343692475,0.0005582536428637965,0.5582536428637964,0.24633622516019563,0.0011141061992335042,1.1141061992335042,0.49161294163505115
prospective_3_canonical,canonical_p3__mobley_4479135__cluster_3water__equilibrium,mobley_4479135,equilibrium,1125,0.0020592293866887666,2.0592293866887665,0.0008692645672832214,0.8692645672832214,0.42213100342405063,0.0009641110387034229,0.9641110387034229,0.468190209859869
prospective_3_canonical,canonical_p3__mobley_4479135__cluster_3water__orientation,mobley_4479135,orientation,1107,0.0020011526265537823,2.0011526265537825,0.0008686932757283134,0.8686932757283133,0.43409646230947624,0.0014027842879268293,1.4027842879268293,0.7009881551826395
prospective_3_canonical,canonical_p3__mobley_4934872__cluster_3water__compressed,mobley_4934872,compressed,1198,0.002313059667293031,2.313059667293031,0.0004107271908211322,0.41072719082113224,0.17756878329982964,0.0011945564462329233,1.1945564462329232,0.5164399618064804
prospective_3_canonical,canonical_p3__mobley_4934872__cluster_3water__cooperative,mobley_4934872,cooperative,1212,0.0018942073142387621,1.894207314238762,0.0004537335800223298,0.45373358002232983,0.2395374448253964,0.0009651380958200491,0.9651380958200491,0.5095208367981177
prospective_3_canonical,canonical_p3__mobley_4934872__cluster_3water__equilibrium,mobley_4934872,equilibrium,1215,0.002674756527047219,2.674756527047219,0.0006100312605859718,0.6100312605859718,0.22806982782070712,0.0011282815100344449,1.1282815100344448,0.4218258741030176
prospective_3_canonical,canonical_p3__mobley_4934872__cluster_3water__orientation,mobley_4934872,orientation,1205,0.0024141253075471297,2.41412530754713,0.0006715658468098646,0.6715658468098645,0.27818185108717847,0.0011659706376673151,1.1659706376673151,0.48297850737996645
prospective_3_canonical,canonical_p3__mobley_5200358__cluster_3water__compressed,mobley_5200358,compressed,1024,0.004946553210528566,4.946553210528566,0.0013595000200401794,1.3595000200401794,0.27483784408636924,0.0024101562052138412,2.410156205213841,0.4872395186377269
prospective_3_canonical,canonical_p3__mobley_5200358__cluster_3water__cooperative,mobley_5200358,cooperative,1023,0.0019443494645363204,1.9443494645363204,0.000662786412196261,0.662786412196261,0.3408782342295238,0.0009206814460926285,0.9206814460926285,0.4735164449011168
prospective_3_canonical,canonical_p3__mobley_5200358__cluster_3water__equilibrium,mobley_5200358,equilibrium,1009,0.0024808982778225506,2.4808982778225506,0.0011941010987276993,1.1941010987276994,0.48131804088950597,0.0015160723138296223,1.5160723138296222,0.6110981362606521
prospective_3_canonical,canonical_p3__mobley_5200358__cluster_3water__orientation,mobley_5200358,orientation,1035,0.00246239974614187,2.46239974614187,0.0009600232944318428,0.9600232944318428,0.38987304800368977,0.001411074336606845,1.411074336606845,0.5730484413904526
prospective_3_canonical,canonical_p3__mobley_6239320__cluster_3water__compressed,mobley_6239320,compressed,690,0.00443457944723406,4.43457944723406,0.001251403838659646,1.251403838659646,0.2821922244374656,0.002120631253678189,2.120631253678189,0.47820346414153686
prospective_3_canonical,canonical_p3__mobley_6239320__cluster_3water__cooperative,mobley_6239320,cooperative,684,0.003108168784922087,3.108168784922087,0.0007056523821271017,0.7056523821271018,0.22703155168093306,0.002008859786869099,2.008859786869099,0.6463161835400311
prospective_3_canonical,canonical_p3__mobley_6239320__cluster_3water__equilibrium,mobley_6239320,equilibrium,733,0.003221717775423811,3.221717775423811,0.0011653704077780954,1.1653704077780953,0.361723306947578,0.0020728851621448752,2.072885162144875,0.6434099156535185
prospective_3_canonical,canonical_p3__mobley_6239320__cluster_3water__orientation,mobley_6239320,orientation,743,0.003116751192309416,3.1167511923094158,0.0008153313565387271,0.8153313565387271,0.26159654917291997,0.001527604002102109,1.527604002102109,0.4901270290267225
prospective_3_canonical,canonical_p3__mobley_7578802__cluster_3water__compressed,mobley_7578802,compressed,471,0.006780937547648011,6.780937547648011,0.003216258643100816,3.216258643100816,0.47430884306203136,0.0021310636842212386,2.1310636842212385,0.31427271955341995
prospective_3_canonical,canonical_p3__mobley_7578802__cluster_3water__cooperative,mobley_7578802,cooperative,466,0.0014506081288087277,1.4506081288087278,0.0012234749859356593,1.2234749859356593,0.8434221218244549,0.0018095378083004205,1.8095378083004205,1.2474339364046263
prospective_3_canonical,canonical_p3__mobley_7578802__cluster_3water__equilibrium,mobley_7578802,equilibrium,497,0.00677471902130181,6.77471902130181,0.0012496100087976126,1.2496100087976125,0.1844519314924283,0.0022779297510058727,2.2779297510058725,0.33623973833355414
prospective_3_canonical,canonical_p3__mobley_7578802__cluster_3water__orientation,mobley_7578802,orientation,505,0.00869844695478436,8.698446954784359,0.0013162869630526227,1.3162869630526228,0.15132436513033312,0.0027919378065746426,2.7919378065746425,0.3209696881624378
prospective_3_canonical,canonical_p3__mobley_8337722__cluster_3water__compressed,mobley_8337722,compressed,1131,0.0021093035390088136,2.1093035390088137,0.00034938270507951265,0.34938270507951263,0.16563889388991954,0.0009486828168497925,0.9486828168497925,0.44976116490829465
prospective_3_canonical,canonical_p3__mobley_8337722__cluster_3water__cooperative,mobley_8337722,cooperative,1119,0.002240963169927911,2.240963169927911,0.0003629078310450992,0.3629078310450992,0.16194279134751396,0.0009729357711970227,0.9729357711970227,0.4341596436091008
prospective_3_canonical,canonical_p3__mobley_8337722__cluster_3water__equilibrium,mobley_8337722,equilibrium,1104,0.0027301423600277317,2.7301423600277315,0.0005600274091565068,0.5600274091565068,0.20512754842235342,0.001695881036759901,1.695881036759901,0.6211694531352845
prospective_3_canonical,canonical_p3__mobley_8337722__cluster_3water__orientation,mobley_8337722,orientation,1104,0.0028858063702094923,2.8858063702094925,0.0005404137852958077,0.5404137852958076,0.1872661280654727,0.001404644159972884,1.4046441599728838,0.4867423450419909
prospective_3_canonical,canonical_p3__mobley_9007496__cluster_3water__compressed,mobley_9007496,compressed,1049,0.004615803151861506,4.615803151861506,0.0012305997120675178,1.2305997120675178,0.26660576103017514,0.002044741747874535,2.044741747874535,0.44298720734005126
prospective_3_canonical,canonical_p3__mobley_9007496__cluster_3water__cooperative,mobley_9007496,cooperative,1107,0.002425084843118011,2.425084843118011,0.0005394838645171008,0.5394838645171008,0.2224597898288246,0.0010877055298730918,1.0877055298730918,0.448522670437622
prospective_3_canonical,canonical_p3__mobley_9007496__cluster_3water__equilibrium,mobley_9007496,equilibrium,1088,0.005369352709852751,5.369352709852751,0.0010407579394067978,1.0407579394067978,0.19383303642858274,0.002267891723275996,2.267891723275996,0.422377118030339
prospective_3_canonical,canonical_p3__mobley_9007496__cluster_3water__orientation,mobley_9007496,orientation,1090,0.003987668642517896,3.9876686425178964,0.0008451052894297686,0.8451052894297686,0.21192966748013237,0.0018090949116493255,1.8090949116493256,0.45367232682277875
prospective_3_canonical,canonical_p3__mobley_9460824__cluster_3water__compressed,mobley_9460824,compressed,1177,0.0019561083953536632,1.9561083953536633,0.000652950389944295,0.652950389944295,0.33380071957936763,0.0010367946059811732,1.0367946059811732,0.5300292194665016
prospective_3_canonical,canonical_p3__mobley_9460824__cluster_3water__cooperative,mobley_9460824,cooperative,1202,0.001913614848084339,1.913614848084339,0.0006130663308472707,0.6130663308472707,0.3203708057872735,0.0010092685212086065,1.0092685212086066,0.5274146582939373
prospective_3_canonical,canonical_p3__mobley_9460824__cluster_3water__equilibrium,mobley_9460824,equilibrium,1212,0.0017501760580446335,1.7501760580446335,0.0007329586169937897,0.7329586169937897,0.41879136308873993,0.0009382178884073546,0.9382178884073546,0.5360705764970691
prospective_3_canonical,canonical_p3__mobley_9460824__cluster_3water__orientation,mobley_9460824,orientation,1212,0.0024143425848303477,2.4143425848303477,0.0008635374879423659,0.863537487942366,0.357669824227967,0.0012688328301032892,1.2688328301032892,0.5255396802738532
prospective_3_canonical,canonical_p3__mobley_9534740__cluster_3water__compressed,mobley_9534740,compressed,939,0.002857501713294843,2.857501713294843,0.0006676390174675681,0.6676390174675682,0.2336443104692829,0.00138914046329154,1.38914046329154,0.4861381033748502
prospective_3_canonical,canonical_p3__mobley_9534740__cluster_3water__cooperative,mobley_9534740,cooperative,978,0.0028787385625658997,2.8787385625659,0.0006547668586704358,0.6547668586704358,0.22744922626347283,0.0016375199907966555,1.6375199907966556,0.5688324782564098
prospective_3_canonical,canonical_p3__mobley_9534740__cluster_3water__equilibrium,mobley_9534740,equilibrium,936,0.003942432649171583,3.942432649171583,0.0009075873589838938,0.9075873589838938,0.2302099844811816,0.001846924632798251,1.8469246327982511,0.4684733506319613
prospective_3_canonical,canonical_p3__mobley_9534740__cluster_3water__orientation,mobley_9534740,orientation,914,0.004215607238506535,4.215607238506536,0.001172521071385487,1.172521071385487,0.27813811985978004,0.0019883429770434333,1.9883429770434333,0.47166229312858005
prospective_3_canonical,canonical_p3__mobley_9741965__cluster_3water__compressed,mobley_9741965,compressed,897,0.003680174994763236,3.680174994763236,0.0011769893831510563,1.1769893831510563,0.31981886318609093,0.0018461732942513913,1.8461732942513913,0.5016536705125254
prospective_3_canonical,canonical_p3__mobley_9741965__cluster_3water__cooperative,mobley_9741965,cooperative,907,0.002337177820573037,2.337177820573037,0.0007153602914488643,0.7153602914488644,0.3060786753801514,0.0011998405425695056,1.1998405425695056,0.513371525267737
prospective_3_canonical,canonical_p3__mobley_9741965__cluster_3water__equilibrium,mobley_9741965,equilibrium,914,0.0033815840694927735,3.3815840694927735,0.0012484568805096665,1.2484568805096665,0.36919291517035413,0.0016702467782218325,1.6702467782218324,0.4939243691411061
prospective_3_canonical,canonical_p3__mobley_9741965__cluster_3water__orientation,mobley_9741965,orientation,895,0.0032092955160660107,3.209295516066011,0.0014789183981358152,1.4789183981358152,0.46082337719671557,0.0018994977959718839,1.899497795971884,0.591873757484418
liquid_derived_bridge,glider_h__MNSOL-CONN-BYEAHWXPCBROCE__liquid_00__3w,MNSOL-CONN-BYEAHWXPCBROCE,liquid,666,0.004962366331510866,4.962366331510866,0.000995157758649623,0.995157758649623,0.20054097020818543,0.0017512600622473693,1.7512600622473693,0.35290825893423555
liquid_derived_bridge,glider_h__MNSOL-CONN-BYEAHWXPCBROCE__liquid_01__3w,MNSOL-CONN-BYEAHWXPCBROCE,liquid,675,0.005703422751229328,5.703422751229328,0.0008889089667323681,0.8889089667323681,0.15585535309315282,0.002332057729566678,2.332057729566678,0.40888740521014705
liquid_derived_bridge,glider_h__MNSOL-CONN-BYEAHWXPCBROCE__liquid_02__3w,MNSOL-CONN-BYEAHWXPCBROCE,liquid,653,0.005136691538019014,5.136691538019014,0.000933979450924057,0.933979450924057,0.1818250996796763,0.001844964482774073,1.844964482774073,0.35917369558180456
liquid_derived_bridge,glider_h__MNSOL-CONN-BYEAHWXPCBROCE__liquid_03__3w,MNSOL-CONN-BYEAHWXPCBROCE,liquid,627,0.005155518973365358,5.155518973365359,0.0009174353654827116,0.9174353654827115,0.1779520878930718,0.002192974547809558,2.192974547809558,0.42536446071462214
liquid_derived_bridge,glider_h__MNSOL-CONN-HSFWRNGVRCDJHI__liquid_00__3w,MNSOL-CONN-HSFWRNGVRCDJHI,liquid,474,0.0022562066185102254,2.2562066185102254,0.0011078801869360746,1.1078801869360746,0.49103667095330505,0.0015083482707489199,1.50834827074892,0.6685328632467549
liquid_derived_bridge,glider_h__MNSOL-CONN-HSFWRNGVRCDJHI__liquid_01__3w,MNSOL-CONN-HSFWRNGVRCDJHI,liquid,495,0.0019920174753595594,1.9920174753595594,0.0010075740902196974,1.0075740902196975,0.5058058489360542,0.0016858703256795405,1.6858703256795404,0.8463130201080393
liquid_derived_bridge,glider_h__MNSOL-CONN-HSFWRNGVRCDJHI__liquid_02__3w,MNSOL-CONN-HSFWRNGVRCDJHI,liquid,512,0.0010783543494611815,1.0783543494611814,0.0008501670698625424,0.8501670698625424,0.7883930456508504,0.0016127967039122452,1.6127967039122453,1.4956092166903274
liquid_derived_bridge,glider_h__MNSOL-CONN-HSFWRNGVRCDJHI__liquid_03__3w,MNSOL-CONN-HSFWRNGVRCDJHI,liquid,475,0.0021557922128074107,2.1557922128074107,0.0008909176040642175,0.8909176040642175,0.4132669181989518,0.002221338834140357,2.221338834140357,1.0304048882557133
liquid_derived_bridge,glider_h__MNSOL-CONN-QKSKPIVNLNLAAV__liquid_00__3w,MNSOL-CONN-QKSKPIVNLNLAAV,liquid,769,0.003703351004354781,3.703351004354781,0.0009973112185870945,0.9973112185870945,0.2692996741098409,0.0015654064268926828,1.5654064268926828,0.4226999884839209
liquid_derived_bridge,glider_h__MNSOL-CONN-QKSKPIVNLNLAAV__liquid_01__3w,MNSOL-CONN-QKSKPIVNLNLAAV,liquid,802,0.0022766880071112784,2.2766880071112783,0.00072890911661108,0.7289091166110799,0.32016205748627763,0.0010563288245438681,1.0563288245438682,0.4639761009169482
liquid_derived_bridge,glider_h__MNSOL-CONN-QKSKPIVNLNLAAV__liquid_02__3w,MNSOL-CONN-QKSKPIVNLNLAAV,liquid,784,0.0024980018013541594,2.4980018013541594,0.0006245224586542349,0.624522458654235,0.25000881036822437,0.0012165457652015173,1.2165457652015172,0.4870075612203448
liquid_derived_bridge,glider_h__MNSOL-CONN-QKSKPIVNLNLAAV__liquid_03__3w,MNSOL-CONN-QKSKPIVNLNLAAV,liquid,763,0.00193821289466626,1.93821289466626,0.0010343455864722142,1.0343455864722142,0.533659428909288,0.001409026211624786,1.4090262116247858,0.7269718489141542
liquid_derived_bridge,glider_h__MNSOL-CONN-WRXCXOUDSPTXNX__liquid_00__3w,MNSOL-CONN-WRXCXOUDSPTXNX,liquid,822,0.004566426530233887,4.566426530233888,0.0011586829249815313,1.1586829249815314,0.25373953074904393,0.0018309451902297242,1.8309451902297242,0.4009579871935321
liquid_derived_bridge,glider_h__MNSOL-CONN-WRXCXOUDSPTXNX__liquid_01__3w,MNSOL-CONN-WRXCXOUDSPTXNX,liquid,874,0.0034804448785127075,3.4804448785127073,0.001035559855231316,1.035559855231316,0.2975366343609039,0.0013604049517907271,1.360404951790727,0.39087099473676096
liquid_derived_bridge,glider_h__MNSOL-CONN-WRXCXOUDSPTXNX__liquid_02__3w,MNSOL-CONN-WRXCXOUDSPTXNX,liquid,885,0.0019962840340638868,1.9962840340638868,0.0008775499023228671,0.8775499023228671,0.4395917050623383,0.0009220140941268526,0.9220140941268525,0.4618651847101561
liquid_derived_bridge,glider_h__MNSOL-CONN-WRXCXOUDSPTXNX__liquid_03__3w,MNSOL-CONN-WRXCXOUDSPTXNX,liquid,855,0.0029863999771585084,2.9863999771585084,0.0010044146010454765,1.0044146010454766,0.3363295635975574,0.0012601072872690726,1.2601072872690726,0.4219485992857648
liquid_derived_bridge,glider_h__MNSOL-CONN-XSQUKJJJFZCRTK__liquid_00__3w,MNSOL-CONN-XSQUKJJJFZCRTK,liquid,587,0.0031517658018239223,3.1517658018239225,0.0009616128203086676,0.9616128203086676,0.30510287907565453,0.0018101209907181674,1.8101209907181675,0.5743196368431477
liquid_derived_bridge,glider_h__MNSOL-CONN-XSQUKJJJFZCRTK__liquid_01__3w,MNSOL-CONN-XSQUKJJJFZCRTK,liquid,572,0.004452300776191367,4.452300776191366,0.0014616648193604435,1.4616648193604436,0.3282942669050306,0.002250790452903284,2.2507904529032836,0.5055342318603817
liquid_derived_bridge,glider_h__MNSOL-CONN-XSQUKJJJFZCRTK__liquid_02__3w,MNSOL-CONN-XSQUKJJJFZCRTK,liquid,546,0.003796352113352317,3.796352113352317,0.0015040863204924722,1.5040863204924722,0.39619252260673715,0.0017859134607433509,1.785913460743351,0.47042882414990855
liquid_derived_bridge,glider_h__MNSOL-CONN-XSQUKJJJFZCRTK__liquid_03__3w,MNSOL-CONN-XSQUKJJJFZCRTK,liquid,584,0.0023976688517790778,2.397668851779078,0.0012667085360294024,1.2667085360294024,0.5283083754829199,0.002105112255432061,2.105112255432061,0.8779829015462504
liquid_derived_bridge,glider_h__MNSOL-CONN-ZWEHNKRNPOVVGH__liquid_00__3w,MNSOL-CONN-ZWEHNKRNPOVVGH,liquid,732,0.0021791054075774472,2.179105407577447,0.0005679294273973739,0.5679294273973738,0.26062503696356376,0.0016027352062446508,1.6027352062446507,0.7355014588424348
liquid_derived_bridge,glider_h__MNSOL-CONN-ZWEHNKRNPOVVGH__liquid_01__3w,MNSOL-CONN-ZWEHNKRNPOVVGH,liquid,707,0.0018339776956477216,1.8339776956477216,0.0006192262625755924,0.6192262625755924,0.337641108746906,0.0010691942863392272,1.0691942863392272,0.582991979060907
liquid_derived_bridge,glider_h__MNSOL-CONN-ZWEHNKRNPOVVGH__liquid_02__3w,MNSOL-CONN-ZWEHNKRNPOVVGH,liquid,722,0.004215804942747191,4.215804942747191,0.0011977411807887039,1.197741180788704,0.2841073524640366,0.0018682597593333398,1.8682597593333399,0.44315611957983647
liquid_derived_bridge,glider_h__MNSOL-CONN-ZWEHNKRNPOVVGH__liquid_03__3w,MNSOL-CONN-ZWEHNKRNPOVVGH,liquid,734,0.004864902841103651,4.8649028411036515,0.0010758075816376146,1.0758075816376147,0.22113649887272097,0.0020789200016649257,2.0789200016649256,0.4273302200611477
