dataset,config_id,molecule_id,regime,response_rms_hartree_per_e,esp_rmse_hartree_per_e,esp_nrmse,dipole_mse_D2,dipole_vector_error_D
prospective_1,prospective__pros_azaaryl_sulfoxide__cluster_3water__compressed,pros_azaaryl_sulfoxide,compressed,0.002105419373963398,0.001690930266852449,0.8031322822252349,0.08088802304241809,0.4926094488814179
prospective_1,prospective__pros_azaaryl_sulfoxide__cluster_3water__cooperative,pros_azaaryl_sulfoxide,cooperative,0.0022148955003919355,0.001611320671229097,0.7274928640849948,0.19166257533735223,0.7582794511339844
prospective_1,prospective__pros_azaaryl_sulfoxide__cluster_3water__equilibrium,pros_azaaryl_sulfoxide,equilibrium,0.0028659719647771242,0.0019037447817034654,0.6642579917391175,0.022463327801528116,0.2595958077561815
prospective_1,prospective__pros_azaaryl_sulfoxide__cluster_3water__orientation,pros_azaaryl_sulfoxide,orientation,0.0031256163433669164,0.0020587599539682263,0.6586732752205053,0.06740523553725342,0.4496840075116751
prospective_1,prospective__pros_cyano_cyclic_acetal__cluster_3water__compressed,pros_cyano_cyclic_acetal,compressed,0.00321609872415311,0.0036238754981418983,1.1267923683207728,0.07673045328098949,0.47978261727887606
prospective_1,prospective__pros_cyano_cyclic_acetal__cluster_3water__cooperative,pros_cyano_cyclic_acetal,cooperative,0.001945669616927094,0.0015592046859948204,0.80137176035948,0.12514217031802122,0.612720581467657
prospective_1,prospective__pros_cyano_cyclic_acetal__cluster_3water__equilibrium,pros_cyano_cyclic_acetal,equilibrium,0.0042786958870192895,0.0034165849787815114,0.7985108240916933,0.05580787707412943,0.40917432864536885
prospective_1,prospective__pros_cyano_cyclic_acetal__cluster_3water__orientation,pros_cyano_cyclic_acetal,orientation,0.0034626430828125147,0.004446015214024432,1.2839946560166917,0.30165497958828363,0.9512964515674653
prospective_1,prospective__pros_halogen_oxazinanone__cluster_3water__compressed,pros_halogen_oxazinanone,compressed,0.0033567095276718748,0.003470939609418164,1.0340303743307562,0.4860816540963522,1.207578139206344
prospective_1,prospective__pros_halogen_oxazinanone__cluster_3water__cooperative,pros_halogen_oxazinanone,cooperative,0.00245778454102721,0.002551821066320867,1.038260687104149,0.34660414266029105,1.019711933822917
prospective_1,prospective__pros_halogen_oxazinanone__cluster_3water__equilibrium,pros_halogen_oxazinanone,equilibrium,0.00492721245879179,0.003364125295917649,0.6827644076753636,0.26935184908432785,0.8989190993927004
prospective_1,prospective__pros_halogen_oxazinanone__cluster_3water__orientation,pros_halogen_oxazinanone,orientation,0.004565428999129593,0.0031043937489098382,0.6799785407902951,0.430536027895283,1.136489368047871
prospective_1,prospective__pros_heteroaryl_amide__cluster_3water__compressed,pros_heteroaryl_amide,compressed,0.005108148616805682,0.003245804326945705,0.6354169720644167,0.2057174291341375,0.7855904068930657
prospective_1,prospective__pros_heteroaryl_amide__cluster_3water__cooperative,pros_heteroaryl_amide,cooperative,0.0022476227788684536,0.002131834359434755,0.9484840514510218,0.14246068523855793,0.653744641060769
prospective_1,prospective__pros_heteroaryl_amide__cluster_3water__equilibrium,pros_heteroaryl_amide,equilibrium,0.0022607268549300398,0.0026677593903970897,1.1800449862306104,0.3683827760717058,1.051260352251105
prospective_1,prospective__pros_heteroaryl_amide__cluster_3water__orientation,pros_heteroaryl_amide,orientation,0.0015551546579771782,0.002101015386787384,1.3510009284351296,0.16909074844200525,0.712230472056634
prospective_1,prospective__pros_isoxazole_thioether__cluster_3water__compressed,pros_isoxazole_thioether,compressed,0.004647085317878582,0.0024018856276167124,0.5168585173971338,0.1090098801819805,0.5718650544892051
prospective_1,prospective__pros_isoxazole_thioether__cluster_3water__cooperative,pros_isoxazole_thioether,cooperative,0.00232449389576106,0.0033150782295057603,1.4261505420819245,0.45058874563965423,1.1626548227737081
prospective_1,prospective__pros_isoxazole_thioether__cluster_3water__equilibrium,pros_isoxazole_thioether,equilibrium,0.003380953101579995,0.0019399244778049488,0.5737803570532755,0.007693893429153695,0.15192656215244615
prospective_1,prospective__pros_isoxazole_thioether__cluster_3water__orientation,pros_isoxazole_thioether,orientation,0.002483906796221943,0.002140314864152021,0.8616727758897677,0.007319395748329043,0.1481829519377554
prospective_1,prospective__pros_polyfunctional_oxane__cluster_3water__compressed,pros_polyfunctional_oxane,compressed,0.002663170496654429,0.001896376712529875,0.7120748427155422,0.056212366569127904,0.41065447727668053
prospective_1,prospective__pros_polyfunctional_oxane__cluster_3water__cooperative,pros_polyfunctional_oxane,cooperative,0.0027905820574853145,0.0014800392935034857,0.5303693863914534,0.058487840735572304,0.4188836618999563
prospective_1,prospective__pros_polyfunctional_oxane__cluster_3water__equilibrium,pros_polyfunctional_oxane,equilibrium,0.002758644547844075,0.0017850885505122111,0.6470890031509448,0.059457510637920985,0.42234172409763515
prospective_1,prospective__pros_polyfunctional_oxane__cluster_3water__orientation,pros_polyfunctional_oxane,orientation,0.002490598453173044,0.0018756063761423227,0.7530745768161801,0.04270659596575168,0.3579382459269406
prospective_1,prospective__pros_sulfonyl_piperidinol__cluster_3water__compressed,pros_sulfonyl_piperidinol,compressed,0.003252947529362513,0.002918242426369178,0.8971071313102527,0.17752234238627648,0.7297719007736797
prospective_1,prospective__pros_sulfonyl_piperidinol__cluster_3water__cooperative,pros_sulfonyl_piperidinol,cooperative,0.0023710459389031727,0.001981448601861515,0.8356854539807514,0.21578552634303494,0.8045847245810132
prospective_1,prospective__pros_sulfonyl_piperidinol__cluster_3water__equilibrium,pros_sulfonyl_piperidinol,equilibrium,0.004036291572961188,0.002475246378463224,0.6132476640301985,0.02032935732573089,0.24695763194765344
prospective_1,prospective__pros_sulfonyl_piperidinol__cluster_3water__orientation,pros_sulfonyl_piperidinol,orientation,0.002455759662782142,0.0027325786208779175,1.112722332845131,0.03449471624466879,0.32168952226332514
prospective_1,prospective__prospective_diverse_01__cluster_3water__compressed,prospective_diverse_01,compressed,0.0025156956030087385,0.0010844984799575814,0.4310928868582255,0.0037853377987816916,0.1065645972935903
prospective_1,prospective__prospective_diverse_01__cluster_3water__cooperative,prospective_diverse_01,cooperative,0.001945313880188864,0.0010954437116451074,0.563119259468171,0.019269384994484367,0.24043326513494986
prospective_1,prospective__prospective_diverse_01__cluster_3water__equilibrium,prospective_diverse_01,equilibrium,0.004012902283026511,0.0014388235704121248,0.35854936625243994,0.0055765253602028065,0.12934286250353522
prospective_1,prospective__prospective_diverse_01__cluster_3water__orientation,prospective_diverse_01,orientation,0.0031434042752588594,0.0016896338020098176,0.5375171801185759,0.025535962158790722,0.2767812971939617
prospective_1,prospective__prospective_diverse_02__cluster_3water__compressed,prospective_diverse_02,compressed,0.004510494301501434,0.002321221051361658,0.5146267562269128,0.1524372059776565,0.6762481925543088
prospective_1,prospective__prospective_diverse_02__cluster_3water__cooperative,prospective_diverse_02,cooperative,0.00485018175587975,0.003614027947336222,0.7451324773458293,0.19342773719686554,0.7617632254123302
prospective_1,prospective__prospective_diverse_02__cluster_3water__equilibrium,prospective_diverse_02,equilibrium,0.008564895869490954,0.00480063014385639,0.5605007015854951,0.06854197728025584,0.4534599561601526
prospective_1,prospective__prospective_diverse_02__cluster_3water__orientation,prospective_diverse_02,orientation,0.006506478655614103,0.005101615895173918,0.784082476128927,0.29426891986958825,0.939577968882181
prospective_1,prospective__prospective_diverse_03__cluster_3water__compressed,prospective_diverse_03,compressed,0.0025844597630470894,0.0011907793626341507,0.4607459476289995,0.040205039204007545,0.34729687244779883
prospective_1,prospective__prospective_diverse_03__cluster_3water__cooperative,prospective_diverse_03,cooperative,0.0034086652506642823,0.001531365171950059,0.4492565445232928,0.00788378982418223,0.15379001746715126
prospective_1,prospective__prospective_diverse_03__cluster_3water__equilibrium,prospective_diverse_03,equilibrium,0.0019667376410771376,0.0010301931759262035,0.523808135060653,0.004058287803524984,0.11033976350606772
prospective_1,prospective__prospective_diverse_03__cluster_3water__orientation,prospective_diverse_03,orientation,0.0016569682410193627,0.0010468520669588634,0.6317876474897568,0.0015898364511387085,0.06906163445369741
prospective_1,prospective__prospective_diverse_04__cluster_3water__compressed,prospective_diverse_04,compressed,0.0028364487279239213,0.0020061190982350167,0.7072643614127139,0.01034202765614758,0.1761422236956339
prospective_1,prospective__prospective_diverse_04__cluster_3water__cooperative,prospective_diverse_04,cooperative,0.0026432164641555325,0.0014469562461643852,0.5474225307637322,0.04286400273233263,0.3585972785688674
prospective_1,prospective__prospective_diverse_04__cluster_3water__equilibrium,prospective_diverse_04,equilibrium,0.003903268577437139,0.0019640962165001392,0.5031926903143704,0.005315814182338873,0.12628318394393062
prospective_1,prospective__prospective_diverse_04__cluster_3water__orientation,prospective_diverse_04,orientation,0.004620794105020781,0.0025132993075149524,0.5439106894600856,0.06088382075329266,0.42737742366657366
prospective_1,prospective__prospective_diverse_05__cluster_3water__compressed,prospective_diverse_05,compressed,0.0027060504329475803,0.0020426284777066957,0.7548375495285028,0.23059195939100216,0.8317306524188023
prospective_1,prospective__prospective_diverse_05__cluster_3water__cooperative,prospective_diverse_05,cooperative,0.0025621175553579277,0.0017531457886092,0.68425657712036,0.11368075720678679,0.5839882461320265
prospective_1,prospective__prospective_diverse_05__cluster_3water__equilibrium,prospective_diverse_05,equilibrium,0.005827251762358573,0.002263886441138905,0.3884998509524839,0.011789454386093494,0.18806478447141686
prospective_1,prospective__prospective_diverse_05__cluster_3water__orientation,prospective_diverse_05,orientation,0.006560761298335273,0.002521569525473703,0.38434099501738095,0.016420050967843092,0.22194628382455356
prospective_2,nextgen_prospective__nextgen_prospective_001__cluster_3water__compressed,nextgen_prospective_001,compressed,0.0035659622276401582,0.002738125260847044,0.7678503265187555,0.057262507296037636,0.41447258279422167
prospective_2,nextgen_prospective__nextgen_prospective_001__cluster_3water__cooperative,nextgen_prospective_001,cooperative,0.0032199113290307044,0.0022847793347452916,0.709578339672193,0.22484036279241362,0.8212923282103888
prospective_2,nextgen_prospective__nextgen_prospective_001__cluster_3water__equilibrium,nextgen_prospective_001,equilibrium,0.0038946390807429554,0.0020941827216502933,0.5377090606431237,0.039751367407672454,0.3453318725849344
prospective_2,nextgen_prospective__nextgen_prospective_001__cluster_3water__orientation,nextgen_prospective_001,orientation,0.002193081769487656,0.0027229318410613543,1.2416006912945527,0.15820093243807754,0.6889142162230597
prospective_2,nextgen_prospective__nextgen_prospective_002__cluster_3water__compressed,nextgen_prospective_002,compressed,0.0032116869817720587,0.0014503000881595555,0.4515695634072495,0.0727079274119322,0.4670372385964492
prospective_2,nextgen_prospective__nextgen_prospective_002__cluster_3water__cooperative,nextgen_prospective_002,cooperative,0.002817030661059651,0.0015890996300496727,0.564104484916014,0.0981150610698197,0.542535881955709
prospective_2,nextgen_prospective__nextgen_prospective_002__cluster_3water__equilibrium,nextgen_prospective_002,equilibrium,0.003911375796228771,0.0027551287139105894,0.7043886492745085,0.04480857110056905,0.36664112330957527
prospective_2,nextgen_prospective__nextgen_prospective_002__cluster_3water__orientation,nextgen_prospective_002,orientation,0.0026913808784493317,0.0028878315983665755,1.0729925375818345,0.14036846976134745,0.6489263512017696
prospective_2,nextgen_prospective__nextgen_prospective_003__cluster_3water__compressed,nextgen_prospective_003,compressed,0.002041913277231782,0.0027011513141659694,1.3228531026684518,0.013713862197009931,0.20283388915817246
prospective_2,nextgen_prospective__nextgen_prospective_003__cluster_3water__cooperative,nextgen_prospective_003,cooperative,0.0029647346681899948,0.0015133142724978617,0.5104383500941613,0.11543849507609422,0.5884857561813053
prospective_2,nextgen_prospective__nextgen_prospective_003__cluster_3water__equilibrium,nextgen_prospective_003,equilibrium,0.003302423548969835,0.0031140975551197255,0.9429733978523571,0.1600880100012485,0.6930108440737024
prospective_2,nextgen_prospective__nextgen_prospective_003__cluster_3water__orientation,nextgen_prospective_003,orientation,0.0034883534572038833,0.0029713819114890296,0.85180069850799,0.09845066397860923,0.5434629628004356
prospective_2,nextgen_prospective__nextgen_prospective_004__cluster_3water__compressed,nextgen_prospective_004,compressed,0.005257744415103779,0.005359285420921449,1.019312655351975,0.13933566561370936,0.6465346060661626
prospective_2,nextgen_prospective__nextgen_prospective_004__cluster_3water__cooperative,nextgen_prospective_004,cooperative,0.007429342182064553,0.008147740125416518,1.0966973825874216,0.24655072038812298,0.8600303257236741
prospective_2,nextgen_prospective__nextgen_prospective_004__cluster_3water__equilibrium,nextgen_prospective_004,equilibrium,0.006741493410559447,0.004345029966424349,0.6445203906331155,0.0846069872802735,0.5038064726071118
prospective_2,nextgen_prospective__nextgen_prospective_004__cluster_3water__orientation,nextgen_prospective_004,orientation,0.015621561917851932,0.01261304679638221,0.807412655834903,0.027858908122864002,0.28909639286679456
prospective_2,nextgen_prospective__nextgen_prospective_005__cluster_3water__compressed,nextgen_prospective_005,compressed,0.003127144239421366,0.003635259005818531,1.1624852349283334,0.6133305740862985,1.3564629454057695
prospective_2,nextgen_prospective__nextgen_prospective_005__cluster_3water__cooperative,nextgen_prospective_005,cooperative,0.0021805588156654796,0.0032325395236345784,1.4824362912898763,0.5951186107374263,1.3361720818114255
prospective_2,nextgen_prospective__nextgen_prospective_005__cluster_3water__equilibrium,nextgen_prospective_005,equilibrium,0.0021426876546161207,0.001447932248744435,0.6757551646060347,0.010764050104433239,0.1797001678165597
prospective_2,nextgen_prospective__nextgen_prospective_005__cluster_3water__orientation,nextgen_prospective_005,orientation,0.001761857673182475,0.0017879534462003825,1.01481151026846,0.03995682387654987,0.3462231529370178
prospective_2,nextgen_prospective__nextgen_prospective_006__cluster_3water__compressed,nextgen_prospective_006,compressed,0.002242467907607888,0.0019033499304798801,0.8487746576093677,0.060438822475792686,0.42581271402739734
prospective_2,nextgen_prospective__nextgen_prospective_006__cluster_3water__cooperative,nextgen_prospective_006,cooperative,0.0032792929594957928,0.001844169757548507,0.5623681020045422,0.0802140912191831,0.4905530283848519
prospective_2,nextgen_prospective__nextgen_prospective_006__cluster_3water__equilibrium,nextgen_prospective_006,equilibrium,0.0026222806235027415,0.0014465487369369884,0.5516376561577702,0.01061744653680189,0.1784722376460991
prospective_2,nextgen_prospective__nextgen_prospective_006__cluster_3water__orientation,nextgen_prospective_006,orientation,0.0018464514708059951,0.0014676068162429738,0.7948255556385396,0.026761628725028574,0.283345877286199
prospective_2,nextgen_prospective__nextgen_prospective_007__cluster_3water__compressed,nextgen_prospective_007,compressed,0.0019797798677070677,0.0022561013697517565,1.1395718314706966,0.017221637124618706,0.22729916712090284
prospective_2,nextgen_prospective__nextgen_prospective_007__cluster_3water__cooperative,nextgen_prospective_007,cooperative,0.002222123846399573,0.0012175629560516026,0.5479275864954043,0.017969427232873456,0.23218157054042934
prospective_2,nextgen_prospective__nextgen_prospective_007__cluster_3water__equilibrium,nextgen_prospective_007,equilibrium,0.0026374373649113826,0.001940864590366174,0.7358903063206532,0.010455987483169117,0.17711002921773616
prospective_2,nextgen_prospective__nextgen_prospective_007__cluster_3water__orientation,nextgen_prospective_007,orientation,0.0020657053190997394,0.001997644659441022,0.967052096429524,0.008838860209553536,0.16283912499353653
prospective_2,nextgen_prospective__nextgen_prospective_008__cluster_3water__compressed,nextgen_prospective_008,compressed,0.005925611087676237,0.002265392350149347,0.382305270567079,0.024609549550278092,0.2717142775984256
prospective_2,nextgen_prospective__nextgen_prospective_008__cluster_3water__cooperative,nextgen_prospective_008,cooperative,0.0019792737575613597,0.0022322256071854096,1.1278003351773374,0.15524391366681312,0.682445412469334
prospective_2,nextgen_prospective__nextgen_prospective_008__cluster_3water__equilibrium,nextgen_prospective_008,equilibrium,0.0030236534277454843,0.003129721394067674,1.035079406042007,0.028182333461708037,0.29076966895658857
prospective_2,nextgen_prospective__nextgen_prospective_008__cluster_3water__orientation,nextgen_prospective_008,orientation,0.0032036791388599024,0.0036291383066178527,1.132803301865417,0.07392512152456947,0.4709303181721351
prospective_2,nextgen_prospective__nextgen_prospective_009__cluster_3water__compressed,nextgen_prospective_009,compressed,0.002754141073277461,0.0013677865559765666,0.4966290831097059,0.004370115973684476,0.11450042760205495
prospective_2,nextgen_prospective__nextgen_prospective_009__cluster_3water__cooperative,nextgen_prospective_009,cooperative,0.0022335364061844536,0.0010159485987178822,0.4548609979693259,0.004594842824818197,0.11740753159169387
prospective_2,nextgen_prospective__nextgen_prospective_009__cluster_3water__equilibrium,nextgen_prospective_009,equilibrium,0.0037166813985610265,0.002037141596038377,0.5481076739122943,0.01908487867182694,0.23927940992797692
prospective_2,nextgen_prospective__nextgen_prospective_009__cluster_3water__orientation,nextgen_prospective_009,orientation,0.0038317986643361486,0.0023538231795501817,0.6142867581895712,0.009065087539242412,0.16490986209965502
prospective_2,nextgen_prospective__nextgen_prospective_010__cluster_3water__compressed,nextgen_prospective_010,compressed,0.0040525275497535155,0.002112710925550469,0.5213316626753023,0.06970292903216486,0.4572841426252332
prospective_2,nextgen_prospective__nextgen_prospective_010__cluster_3water__cooperative,nextgen_prospective_010,cooperative,0.0031284405787224594,0.001817990361248817,0.5811171142624731,0.003614240097061055,0.10412838369620055
prospective_2,nextgen_prospective__nextgen_prospective_010__cluster_3water__equilibrium,nextgen_prospective_010,equilibrium,0.002971032332433937,0.001988996208011572,0.6694629965141246,0.041773969513844995,0.35400834529928105
prospective_2,nextgen_prospective__nextgen_prospective_010__cluster_3water__orientation,nextgen_prospective_010,orientation,0.003888209735547241,0.0014911733626689332,0.38351155521168406,0.021167503380463488,0.2519970439139921
prospective_2,nextgen_prospective__nextgen_prospective_011__cluster_3water__compressed,nextgen_prospective_011,compressed,0.002089129485586292,0.0014413308678628192,0.6899193553138354,0.009753547519693461,0.17105742474116808
prospective_2,nextgen_prospective__nextgen_prospective_011__cluster_3water__cooperative,nextgen_prospective_011,cooperative,0.002222061680916267,0.0013546147293251438,0.6096206693805946,0.028855066729540784,0.2942196461635802
prospective_2,nextgen_prospective__nextgen_prospective_011__cluster_3water__equilibrium,nextgen_prospective_011,equilibrium,0.003723406446795579,0.0027870307965052713,0.7485164019372188,0.09795876532174506,0.5421035841656419
prospective_2,nextgen_prospective__nextgen_prospective_011__cluster_3water__orientation,nextgen_prospective_011,orientation,0.00483277675718533,0.0024958851148363455,0.516449494822099,0.09702041931981449,0.5395009341599359
prospective_2,nextgen_prospective__nextgen_prospective_012__cluster_3water__compressed,nextgen_prospective_012,compressed,0.0023120165983876602,0.0019195496226925035,0.8302490665642915,0.11171461152807054,0.5789160859608339
prospective_2,nextgen_prospective__nextgen_prospective_012__cluster_3water__cooperative,nextgen_prospective_012,cooperative,0.0019514338919388902,0.0023580965556270488,1.2083917192214542,0.22386804584494444,0.8195145743272864
prospective_2,nextgen_prospective__nextgen_prospective_012__cluster_3water__equilibrium,nextgen_prospective_012,equilibrium,0.0017684517367976783,0.0028355977844212333,1.6034352113877581,0.032990318768342665,0.3145964976045156
prospective_2,nextgen_prospective__nextgen_prospective_012__cluster_3water__orientation,nextgen_prospective_012,orientation,0.0022816645251820407,0.0022686300242870773,0.9942872842387189,0.022169079680403644,0.2578899746814733
prospective_2,nextgen_prospective__nextgen_prospective_013__cluster_3water__compressed,nextgen_prospective_013,compressed,0.002564442228588443,0.0026403188031170633,1.0295879445763088,0.04985619830441795,0.386740992025999
prospective_2,nextgen_prospective__nextgen_prospective_013__cluster_3water__cooperative,nextgen_prospective_013,cooperative,0.0018220515690575852,0.0026850338251763087,1.4736321796671656,0.10645800121735932,0.5651318462554362
prospective_2,nextgen_prospective__nextgen_prospective_013__cluster_3water__equilibrium,nextgen_prospective_013,equilibrium,0.0019663792024061555,0.0024271085182901897,1.2343033913907673,0.010059080576238345,0.17371598006146421
prospective_2,nextgen_prospective__nextgen_prospective_013__cluster_3water__orientation,nextgen_prospective_013,orientation,0.0015427487139983791,0.002715689625040957,1.7602929112173027,0.0021010289774438186,0.0793919827963218
prospective_2,nextgen_prospective__nextgen_prospective_014__cluster_3water__compressed,nextgen_prospective_014,compressed,0.0018713042400045506,0.002512537169870898,1.3426663159085175,0.5249285572399306,1.2549046464651374
prospective_2,nextgen_prospective__nextgen_prospective_014__cluster_3water__cooperative,nextgen_prospective_014,cooperative,0.0018301674372044323,0.002186811368964926,1.1948695646695937,0.44461399409735075,1.154920768837435
prospective_2,nextgen_prospective__nextgen_prospective_014__cluster_3water__equilibrium,nextgen_prospective_014,equilibrium,0.002244166798993914,0.00212578962843372,0.9472511710745992,0.0638832650479869,0.43777824882463123
prospective_2,nextgen_prospective__nextgen_prospective_014__cluster_3water__orientation,nextgen_prospective_014,orientation,0.0021236652288691635,0.0020848939402651535,0.9817432201286003,0.017232875123940086,0.2273733171940372
prospective_2,nextgen_prospective__nextgen_prospective_015__cluster_3water__compressed,nextgen_prospective_015,compressed,0.00306357699178549,0.0015714492099340612,0.5129458845485719,0.02545593277002868,0.2763472422697322
prospective_2,nextgen_prospective__nextgen_prospective_015__cluster_3water__cooperative,nextgen_prospective_015,cooperative,0.0024886437279810635,0.0023743735118231706,0.9540833366893398,0.36186069862256803,1.0419127102918477
prospective_2,nextgen_prospective__nextgen_prospective_015__cluster_3water__equilibrium,nextgen_prospective_015,equilibrium,0.0043862784982392974,0.0022042829861849502,0.5025405904047758,0.03215937464109361,0.31060927855310577
prospective_2,nextgen_prospective__nextgen_prospective_015__cluster_3water__orientation,nextgen_prospective_015,orientation,0.0034519906574700483,0.0020339974179417923,0.589224485164888,0.023744502492718953,0.2668960611889146
prospective_2,nextgen_prospective__nextgen_prospective_016__cluster_3water__compressed,nextgen_prospective_016,compressed,0.0019391989737390287,0.0015788746377188763,0.8141890848233072,0.10390064069844873,0.5583027154647792
prospective_2,nextgen_prospective__nextgen_prospective_016__cluster_3water__cooperative,nextgen_prospective_016,cooperative,0.002763186488043625,0.002577416798482797,0.9327697604325087,0.019469640372320157,0.241679376689366
prospective_2,nextgen_prospective__nextgen_prospective_016__cluster_3water__equilibrium,nextgen_prospective_016,equilibrium,0.002759383116300282,0.0026079282205063634,0.9451127699886104,0.050246892722972364,0.3882533685223054
prospective_2,nextgen_prospective__nextgen_prospective_016__cluster_3water__orientation,nextgen_prospective_016,orientation,0.0032359303891720736,0.0023069406161731697,0.7129141664766807,0.011893849314431023,0.18889560064568225
prospective_2,nextgen_prospective__nextgen_prospective_017__cluster_3water__compressed,nextgen_prospective_017,compressed,0.002735260063724804,0.0017093296293411873,0.6249239887681715,0.018944193266142384,0.23839584685649864
prospective_2,nextgen_prospective__nextgen_prospective_017__cluster_3water__cooperative,nextgen_prospective_017,cooperative,0.002668392764248632,0.0013750400404050037,0.5153064641862003,0.01842863792340255,0.23512956804750793
prospective_2,nextgen_prospective__nextgen_prospective_017__cluster_3water__equilibrium,nextgen_prospective_017,equilibrium,0.003208058971879026,0.002584208167147927,0.8055363663200691,0.02709141885332759,0.2850864019205104
prospective_2,nextgen_prospective__nextgen_prospective_017__cluster_3water__orientation,nextgen_prospective_017,orientation,0.0027843303049893825,0.0022042041587409067,0.7916460754642083,0.006774033401772582,0.14255560390709915
prospective_2,nextgen_prospective__nextgen_prospective_018__cluster_3water__compressed,nextgen_prospective_018,compressed,0.00520643638211765,0.002511309174069922,0.48234703927151024,0.16173685192268802,0.6965705676871972
prospective_2,nextgen_prospective__nextgen_prospective_018__cluster_3water__cooperative,nextgen_prospective_018,cooperative,0.002631023007053946,0.0014510293741045977,0.5515076721922584,0.07485299056436835,0.4738765363394827
prospective_2,nextgen_prospective__nextgen_prospective_018__cluster_3water__equilibrium,nextgen_prospective_018,equilibrium,0.004378138378451616,0.0013829699635692068,0.3158808251415552,0.025284541980366105,0.2754153698345434
prospective_2,nextgen_prospective__nextgen_prospective_018__cluster_3water__orientation,nextgen_prospective_018,orientation,0.004238401950978964,0.0015099681802030185,0.35625884417457243,0.021552762099675177,0.2542799368786801
prospective_2,nextgen_prospective__nextgen_prospective_019__cluster_3water__compressed,nextgen_prospective_019,compressed,0.005260439574230801,0.00522179538042076,0.9926538090087859,0.09036339833577965,0.5206632260946983
prospective_2,nextgen_prospective__nextgen_prospective_019__cluster_3water__cooperative,nextgen_prospective_019,cooperative,0.002397802187557853,0.002157439632916195,0.8997571376450925,0.006448519851341286,0.13908831566319244
prospective_2,nextgen_prospective__nextgen_prospective_019__cluster_3water__equilibrium,nextgen_prospective_019,equilibrium,0.004739632416301047,0.0020071518812723303,0.4234826047625804,0.01349567851102648,0.20121390491981272
prospective_2,nextgen_prospective__nextgen_prospective_019__cluster_3water__orientation,nextgen_prospective_019,orientation,0.004906289095564561,0.0015601168429397597,0.31798306470569665,0.010155782198133146,0.17454898050232043
prospective_2,nextgen_prospective__nextgen_prospective_020__cluster_3water__compressed,nextgen_prospective_020,compressed,0.0021445646077120667,0.0011584924060284644,0.540199349491459,0.008715098391586478,0.1616950684923923
prospective_2,nextgen_prospective__nextgen_prospective_020__cluster_3water__cooperative,nextgen_prospective_020,cooperative,0.0026247509004759507,0.001723904330217214,0.656787785044522,0.03136445645133983,0.30674642516909545
prospective_2,nextgen_prospective__nextgen_prospective_020__cluster_3water__equilibrium,nextgen_prospective_020,equilibrium,0.001839398537031426,0.0011112650961015377,0.6041459062455218,0.008632288237549485,0.16092502823566152
prospective_2,nextgen_prospective__nextgen_prospective_020__cluster_3water__orientation,nextgen_prospective_020,orientation,0.002175552608464782,0.0016504773154625613,0.7586473933292979,0.03272013296884077,0.3133055998646087
prospective_2,nextgen_prospective__nextgen_prospective_021__cluster_3water__compressed,nextgen_prospective_021,compressed,0.0033919492078177257,0.002048846827198135,0.6040322839964632,0.0070314610404333565,0.14523905508264665
prospective_2,nextgen_prospective__nextgen_prospective_021__cluster_3water__cooperative,nextgen_prospective_021,cooperative,0.0022693835756219327,0.0021050386607644506,0.9275816937150244,0.01204817367374171,0.19011712448179183
prospective_2,nextgen_prospective__nextgen_prospective_021__cluster_3water__equilibrium,nextgen_prospective_021,equilibrium,0.004585751741986361,0.0017458009194440017,0.3807011407660267,0.025754768295164546,0.2779645748750974
prospective_2,nextgen_prospective__nextgen_prospective_021__cluster_3water__orientation,nextgen_prospective_021,orientation,0.0024373265073863587,0.002014615014237868,0.826567555939897,0.045072580406528055,0.36771965030384784
prospective_2,nextgen_prospective__nextgen_prospective_022__cluster_3water__compressed,nextgen_prospective_022,compressed,0.003356425126306696,0.00566001532733242,1.6863225349407753,0.5123673564328787,1.2397992052339104
prospective_2,nextgen_prospective__nextgen_prospective_022__cluster_3water__cooperative,nextgen_prospective_022,cooperative,0.002927320342682963,0.002624849238731035,0.8966730427341253,0.1335104622282213,0.6328754906651576
prospective_2,nextgen_prospective__nextgen_prospective_022__cluster_3water__equilibrium,nextgen_prospective_022,equilibrium,0.0021468098613023697,0.002827275489842154,1.3169659506440767,0.08309082531286448,0.49927194587578566
prospective_2,nextgen_prospective__nextgen_prospective_022__cluster_3water__orientation,nextgen_prospective_022,orientation,0.003255117262043068,0.002172099699743313,0.6672876965360071,0.031090049883443088,0.3054016202483694
prospective_2,nextgen_prospective__nextgen_prospective_023__cluster_3water__compressed,nextgen_prospective_023,compressed,0.0025422342329800614,0.0016671780617346663,0.6557924679428002,0.01537634170108196,0.2147766865915523
prospective_2,nextgen_prospective__nextgen_prospective_023__cluster_3water__cooperative,nextgen_prospective_023,cooperative,0.002669133574346013,0.0013392502181944325,0.5017546634107937,0.06940329482547515,0.4563002131014465
prospective_2,nextgen_prospective__nextgen_prospective_023__cluster_3water__equilibrium,nextgen_prospective_023,equilibrium,0.001435826272382291,0.0012333546021141772,0.8589859552213254,0.0142862079003261,0.20702324434946504
prospective_2,nextgen_prospective__nextgen_prospective_023__cluster_3water__orientation,nextgen_prospective_023,orientation,0.0018684210424539927,0.001046122473503506,0.5598965381643979,0.01684858890102805,0.2248238570594414
prospective_2,nextgen_prospective__nextgen_prospective_024__cluster_3water__compressed,nextgen_prospective_024,compressed,0.0031878792204655536,0.0018759851787745684,0.58847435835433,0.11119654686550502,0.5775721951379889
prospective_2,nextgen_prospective__nextgen_prospective_024__cluster_3water__cooperative,nextgen_prospective_024,cooperative,0.0032178052872929323,0.001831397145821163,0.5691447997345659,0.034508544754556926,0.32175399649992037
prospective_2,nextgen_prospective__nextgen_prospective_024__cluster_3water__equilibrium,nextgen_prospective_024,equilibrium,0.006499981811068677,0.004018243049502316,0.6181929682725785,0.10779411375469705,0.5686671621116267
prospective_2,nextgen_prospective__nextgen_prospective_024__cluster_3water__orientation,nextgen_prospective_024,orientation,0.006371093998702236,0.004374378546660338,0.6865977095223175,0.16482685106873438,0.7031931123142512
prospective_3_canonical,canonical_p3__mobley_1278715__cluster_3water__compressed,mobley_1278715,compressed,0.0019284949544780459,0.0033427825740197756,1.7333634014741366,0.049862411797156225,0.3867650907094236
prospective_3_canonical,canonical_p3__mobley_1278715__cluster_3water__cooperative,mobley_1278715,cooperative,0.0014284347635785703,0.003160461105114699,2.2125344367823905,0.05586673927446256,0.409390055843309
prospective_3_canonical,canonical_p3__mobley_1278715__cluster_3water__equilibrium,mobley_1278715,equilibrium,0.005403935603317858,0.0026074770110682244,0.48251444918538816,0.019795381215788957,0.24369272382934798
prospective_3_canonical,canonical_p3__mobley_1278715__cluster_3water__orientation,mobley_1278715,orientation,0.002824798495022133,0.0023283612410560173,0.8242574630222514,0.023258668593705737,0.2641514826403918
prospective_3_canonical,canonical_p3__mobley_1352110__cluster_3water__compressed,mobley_1352110,compressed,0.0022702276024774534,0.003578702770343921,1.5763629895251714,0.0033080813014693578,0.09962049941858389
prospective_3_canonical,canonical_p3__mobley_1352110__cluster_3water__cooperative,mobley_1352110,cooperative,0.001652260402393785,0.0036316709051979483,2.198001537733644,0.007105968552328738,0.14600652607670048
prospective_3_canonical,canonical_p3__mobley_1352110__cluster_3water__equilibrium,mobley_1352110,equilibrium,0.0018007114064644027,0.00431359804438214,2.3954965958990906,0.027281599838764065,0.2860853011189009
prospective_3_canonical,canonical_p3__mobley_1352110__cluster_3water__orientation,mobley_1352110,orientation,0.001751270541986552,0.004433822295353506,2.531774611091216,0.038897405316460215,0.34160242380489725
prospective_3_canonical,canonical_p3__mobley_1723043__cluster_3water__compressed,mobley_1723043,compressed,0.0032953486215342837,0.005004077606448941,1.5185275311232744,1.4293502587052143,2.0707609171789105
prospective_3_canonical,canonical_p3__mobley_1723043__cluster_3water__cooperative,mobley_1723043,cooperative,0.002217344196767123,0.0026843655541583253,1.2106219494799757,0.3068255942098161,0.9594148125964328
prospective_3_canonical,canonical_p3__mobley_1723043__cluster_3water__equilibrium,mobley_1723043,equilibrium,0.0013792533562085188,0.0016922882993441351,1.2269597110106947,0.0023775181020203157,0.08445445107311365
prospective_3_canonical,canonical_p3__mobley_1723043__cluster_3water__orientation,mobley_1723043,orientation,0.0016169825489842319,0.001655879244447515,1.0240551114714984,0.004633688300894831,0.11790277733236182
prospective_3_canonical,canonical_p3__mobley_172879__cluster_3water__compressed,mobley_172879,compressed,0.0033081916921525,0.0019011047161680064,0.5746658274602697,0.06237642704429588,0.43258442081620047
prospective_3_canonical,canonical_p3__mobley_172879__cluster_3water__cooperative,mobley_172879,cooperative,0.0028447739667871305,0.001655337983020711,0.5818873493454523,0.04868478031244513,0.38217056524192883
prospective_3_canonical,canonical_p3__mobley_172879__cluster_3water__equilibrium,mobley_172879,equilibrium,0.0029437278932920373,0.0012787194810143098,0.4343877992011989,0.015664577885561318,0.2167803811618661
prospective_3_canonical,canonical_p3__mobley_172879__cluster_3water__orientation,mobley_172879,orientation,0.0021421005750106733,0.0023887408997722245,1.1151394699384376,0.23039446936011987,0.8313744090843544
prospective_3_canonical,canonical_p3__mobley_2261979__cluster_3water__compressed,mobley_2261979,compressed,0.003035651694526645,0.0014900594855713457,0.49085324520529144,0.035789126596988914,0.32766961987795995
prospective_3_canonical,canonical_p3__mobley_2261979__cluster_3water__cooperative,mobley_2261979,cooperative,0.0028877744802678932,0.0021470354427485503,0.7434913832154144,0.0023823746446754953,0.08454066438126971
prospective_3_canonical,canonical_p3__mobley_2261979__cluster_3water__equilibrium,mobley_2261979,equilibrium,0.005768685223221664,0.0020927024497410006,0.36276939523704493,0.003893434804882873,0.1080754570411276
prospective_3_canonical,canonical_p3__mobley_2261979__cluster_3water__orientation,mobley_2261979,orientation,0.0018799583896785396,0.0019596275886447764,1.0423781714550926,0.033316337925503196,0.31614713944065603
prospective_3_canonical,canonical_p3__mobley_2689721__cluster_3water__compressed,mobley_2689721,compressed,0.0027320309400597847,0.0018785666820264112,0.6876081286199865,0.036635479236905126,0.3315213985713673
prospective_3_canonical,canonical_p3__mobley_2689721__cluster_3water__cooperative,mobley_2689721,cooperative,0.002299823076855297,0.0023929664875958234,1.0405002505096554,0.18033859533156668,0.7355377529363806
prospective_3_canonical,canonical_p3__mobley_2689721__cluster_3water__equilibrium,mobley_2689721,equilibrium,0.0026129890240435445,0.003391219000080875,1.2978313222429982,0.023855523853973565,0.26751929194344226
prospective_3_canonical,canonical_p3__mobley_2689721__cluster_3water__orientation,mobley_2689721,orientation,0.0017189686641205357,0.0019677934769388337,1.144752384387183,0.016039692501263192,0.2193606106478316
prospective_3_canonical,canonical_p3__mobley_2727678__cluster_3water__compressed,mobley_2727678,compressed,0.0031157557319420686,0.002410261352499041,0.7735719869788096,0.05639004276087709,0.4113029641063036
prospective_3_canonical,canonical_p3__mobley_2727678__cluster_3water__cooperative,mobley_2727678,cooperative,0.0035781307506173583,0.002456839095523462,0.6866264166281704,0.2146006828817323,0.8023727616545797
prospective_3_canonical,canonical_p3__mobley_2727678__cluster_3water__equilibrium,mobley_2727678,equilibrium,0.0057254275779888225,0.0044598387758235285,0.7789529629139316,0.33379674932113285,1.0006948825508195
prospective_3_canonical,canonical_p3__mobley_2727678__cluster_3water__orientation,mobley_2727678,orientation,0.009020594109723131,0.01027259655460012,1.138793790037341,0.617616823426746,1.3611945012672648
prospective_3_canonical,canonical_p3__mobley_3047364__cluster_3water__compressed,mobley_3047364,compressed,0.0019036066780188253,0.0032228339368938455,1.693014620146218,0.020230725002316586,0.2463578190497508
prospective_3_canonical,canonical_p3__mobley_3047364__cluster_3water__cooperative,mobley_3047364,cooperative,0.0015670489485587248,0.0042929695591893005,2.739524864962074,0.00034998306245260976,0.03240291942646263
prospective_3_canonical,canonical_p3__mobley_3047364__cluster_3water__equilibrium,mobley_3047364,equilibrium,0.0018359041725090753,0.0036340818862536256,1.979450747305092,0.0627348378731753,0.4338254414156988
prospective_3_canonical,canonical_p3__mobley_3047364__cluster_3water__orientation,mobley_3047364,orientation,0.0020260491023163744,0.0030972128430908573,1.528695844315829,0.02256799140451193,0.2601998735847806
prospective_3_canonical,canonical_p3__mobley_3709920__cluster_3water__compressed,mobley_3709920,compressed,0.0018140041543257077,0.0056338926130054395,3.105777128222532,0.06470498974534346,0.4405848036825945
prospective_3_canonical,canonical_p3__mobley_3709920__cluster_3water__cooperative,mobley_3709920,cooperative,0.0015377903774367824,0.005533680037443521,3.598461870119881,0.04704748209030463,0.37568929485801683
prospective_3_canonical,canonical_p3__mobley_3709920__cluster_3water__equilibrium,mobley_3709920,equilibrium,0.0019372162033074387,0.00565195284846524,2.9175643063565,0.024401330972336738,0.270562364191715
prospective_3_canonical,canonical_p3__mobley_3709920__cluster_3water__orientation,mobley_3709920,orientation,0.0012863784504999274,0.004745258791092567,3.6888512779799827,0.0016754666913345658,0.07089710906661638
prospective_3_canonical,canonical_p3__mobley_3777264__cluster_3water__compressed,mobley_3777264,compressed,0.0045920502947541285,0.0016055869207418235,0.34964489012152494,0.10424625162007711,0.5592305024408373
prospective_3_canonical,canonical_p3__mobley_3777264__cluster_3water__cooperative,mobley_3777264,cooperative,0.003237484479928459,0.0018254672895722662,0.5638536032804718,0.008278227800129583,0.15759023891215074
prospective_3_canonical,canonical_p3__mobley_3777264__cluster_3water__equilibrium,mobley_3777264,equilibrium,0.005859360732786864,0.0015202502565622115,0.25945667554746044,0.03750413556558154,0.335428690926618
prospective_3_canonical,canonical_p3__mobley_3777264__cluster_3water__orientation,mobley_3777264,orientation,0.0027829513986589163,0.0016990650240222198,0.6105263012645448,0.003744051910876492,0.10598186511205338
prospective_3_canonical,canonical_p3__mobley_4479135__cluster_3water__compressed,mobley_4479135,compressed,0.0030103280886151153,0.00190417415712684,0.6325470517078571,0.07832994917614791,0.48475751415366813
prospective_3_canonical,canonical_p3__mobley_4479135__cluster_3water__cooperative,mobley_4479135,cooperative,0.002266226343692475,0.0018658572306021008,0.8233322482528233,0.008145487800368527,0.15632166644808254
prospective_3_canonical,canonical_p3__mobley_4479135__cluster_3water__equilibrium,mobley_4479135,equilibrium,0.0020592293866887666,0.0025351482486670736,1.23111503024128,0.07281379926324723,0.4673771472694634
prospective_3_canonical,canonical_p3__mobley_4479135__cluster_3water__orientation,mobley_4479135,orientation,0.0020011526265537823,0.002529998295826331,1.2642705320199803,0.003058365283160588,0.09578672063225552
prospective_3_canonical,canonical_p3__mobley_4934872__cluster_3water__compressed,mobley_4934872,compressed,0.002313059667293031,0.0028423000426241922,1.2288053277719941,0.0006422038133910072,0.043893182160479334
prospective_3_canonical,canonical_p3__mobley_4934872__cluster_3water__cooperative,mobley_4934872,cooperative,0.0018942073142387621,0.003372327972050603,1.7803373193107235,0.011639282370449753,0.1868631775159281
prospective_3_canonical,canonical_p3__mobley_4934872__cluster_3water__equilibrium,mobley_4934872,equilibrium,0.002674756527047219,0.00339941865445541,1.270926389030323,0.0054988974372561705,0.1284394499823497
prospective_3_canonical,canonical_p3__mobley_4934872__cluster_3water__orientation,mobley_4934872,orientation,0.0024141253075471297,0.003012148504769146,1.2477183745816562,0.0027587528264702526,0.09097394395875534
prospective_3_canonical,canonical_p3__mobley_5200358__cluster_3water__compressed,mobley_5200358,compressed,0.004946553210528566,0.00363601082355611,0.7350594785510419,0.4985179910451342,1.2229284415432502
prospective_3_canonical,canonical_p3__mobley_5200358__cluster_3water__cooperative,mobley_5200358,cooperative,0.0019443494645363204,0.002869303287177618,1.475713774458686,0.1664478705807027,0.7066424921713299
prospective_3_canonical,canonical_p3__mobley_5200358__cluster_3water__equilibrium,mobley_5200358,equilibrium,0.0024808982778225506,0.0031532519583702123,1.2710121920588284,0.014309756868622051,0.20719379963180884
prospective_3_canonical,canonical_p3__mobley_5200358__cluster_3water__orientation,mobley_5200358,orientation,0.00246239974614187,0.003033561342065171,1.231953238631626,0.011932593540807208,0.18920301430585512
prospective_3_canonical,canonical_p3__mobley_6239320__cluster_3water__compressed,mobley_6239320,compressed,0.00443457944723406,0.003411412366264907,0.7692752845802946,0.016370998984251293,0.22161452333444637
prospective_3_canonical,canonical_p3__mobley_6239320__cluster_3water__cooperative,mobley_6239320,cooperative,0.003108168784922087,0.001976651971527953,0.6359538713331174,0.135328151892036,0.6371690950415816
prospective_3_canonical,canonical_p3__mobley_6239320__cluster_3water__equilibrium,mobley_6239320,equilibrium,0.003221717775423811,0.0029661658962531283,0.9206783781248297,0.06232017812241966,0.4323893319304478
prospective_3_canonical,canonical_p3__mobley_6239320__cluster_3water__orientation,mobley_6239320,orientation,0.003116751192309416,0.002556017169299461,0.8200902194587858,0.023709826356743447,0.2667011043663493
prospective_3_canonical,canonical_p3__mobley_7578802__cluster_3water__compressed,mobley_7578802,compressed,0.006780937547648011,0.0053664943590610885,0.7914089049415406,0.2006385790924724,0.7758322868232652
prospective_3_canonical,canonical_p3__mobley_7578802__cluster_3water__cooperative,mobley_7578802,cooperative,0.0014506081288087277,0.0032619274849478006,2.248662075006135,0.13494390473941933,0.6362638715330755
prospective_3_canonical,canonical_p3__mobley_7578802__cluster_3water__equilibrium,mobley_7578802,equilibrium,0.00677471902130181,0.0020464177163208755,0.30206680304914574,0.022315500411793893,0.25874021959367216
prospective_3_canonical,canonical_p3__mobley_7578802__cluster_3water__orientation,mobley_7578802,orientation,0.00869844695478436,0.001978209098224362,0.2274209532468665,0.00942205258288837,0.1681254226720787
prospective_3_canonical,canonical_p3__mobley_8337722__cluster_3water__compressed,mobley_8337722,compressed,0.0021093035390088136,0.006246231275976225,2.9612766301579345,0.06136709899537319,0.42907027045242785
prospective_3_canonical,canonical_p3__mobley_8337722__cluster_3water__cooperative,mobley_8337722,cooperative,0.002240963169927911,0.006167609863365229,2.752213845425953,0.04643654746973345,0.3732420694525208
prospective_3_canonical,canonical_p3__mobley_8337722__cluster_3water__equilibrium,mobley_8337722,equilibrium,0.0027301423600277317,0.005868834760796968,2.1496442261484687,0.1086980044282711,0.5710464195534487
prospective_3_canonical,canonical_p3__mobley_8337722__cluster_3water__orientation,mobley_8337722,orientation,0.0028858063702094923,0.0054073143870906415,1.8737620246843183,0.3796486846795149,1.067214155658809
prospective_3_canonical,canonical_p3__mobley_9007496__cluster_3water__compressed,mobley_9007496,compressed,0.004615803151861506,0.0029657750159399685,0.6425263206347744,0.010134010482338932,0.17436178321816048
prospective_3_canonical,canonical_p3__mobley_9007496__cluster_3water__cooperative,mobley_9007496,cooperative,0.002425084843118011,0.00281485622575277,1.1607248438094302,0.009276882132193326,0.16682519712735236
prospective_3_canonical,canonical_p3__mobley_9007496__cluster_3water__equilibrium,mobley_9007496,equilibrium,0.005369352709852751,0.0024292516227162964,0.4524291388529244,0.08069578272818773,0.49202372725770366
prospective_3_canonical,canonical_p3__mobley_9007496__cluster_3water__orientation,mobley_9007496,orientation,0.003987668642517896,0.0027971396010698425,0.701447349773694,0.01410795679370779,0.20572766070979218
prospective_3_canonical,canonical_p3__mobley_9460824__cluster_3water__compressed,mobley_9460824,compressed,0.0019561083953536632,0.0025092666672159422,1.2827850814281017,0.06904285599592724,0.4551137967451456
prospective_3_canonical,canonical_p3__mobley_9460824__cluster_3water__cooperative,mobley_9460824,cooperative,0.001913614848084339,0.0023925746726984535,1.2502906084228949,0.09289607342893302,0.5279092917223556
prospective_3_canonical,canonical_p3__mobley_9460824__cluster_3water__equilibrium,mobley_9460824,equilibrium,0.0017501760580446335,0.003241237290413357,1.8519492799110717,0.04844334652980723,0.3812217721870325
prospective_3_canonical,canonical_p3__mobley_9460824__cluster_3water__orientation,mobley_9460824,orientation,0.0024143425848303477,0.0026261875244377175,1.0877443577967854,0.01767464765595565,0.23026928359611265
prospective_3_canonical,canonical_p3__mobley_9534740__cluster_3water__compressed,mobley_9534740,compressed,0.002857501713294843,0.0035775033733328513,1.2519689338026014,0.027816161244106144,0.2888745120849509
prospective_3_canonical,canonical_p3__mobley_9534740__cluster_3water__cooperative,mobley_9534740,cooperative,0.0028787385625658997,0.003570411669143855,1.2402695109490762,0.003691309439116264,0.10523273405812847
prospective_3_canonical,canonical_p3__mobley_9534740__cluster_3water__equilibrium,mobley_9534740,equilibrium,0.003942432649171583,0.003586771069911741,0.9097862637337442,0.0036024533055792666,0.10395845283928479
prospective_3_canonical,canonical_p3__mobley_9534740__cluster_3water__orientation,mobley_9534740,orientation,0.004215607238506535,0.004511332439565315,1.0701500838022915,0.027413187414649886,0.286774410022843
prospective_3_canonical,canonical_p3__mobley_9741965__cluster_3water__compressed,mobley_9741965,compressed,0.003680174994763236,0.003952136244612605,1.073898999432462,0.25277293041713067,0.8708150155178722
prospective_3_canonical,canonical_p3__mobley_9741965__cluster_3water__cooperative,mobley_9741965,cooperative,0.002337177820573037,0.00432446870703471,1.850295116173241,0.3377991933548901,1.0066765021915782
prospective_3_canonical,canonical_p3__mobley_9741965__cluster_3water__equilibrium,mobley_9741965,equilibrium,0.0033815840694927735,0.0035446371861580913,1.0482179692459266,0.00922759437280335,0.16638143862345356
prospective_3_canonical,canonical_p3__mobley_9741965__cluster_3water__orientation,mobley_9741965,orientation,0.0032092955160660107,0.0036992901277193343,1.1526798043995539,0.0052171615624921576,0.12510589389583718
