molecule_id,glider,mace_polar_l,dataset,y,dx,short_id
mobley_3047364,2.30790703340989,2.20387597747277,prospective_3_canonical,0,-0.104031055937117,M-3047364
mobley_1278715,0.718436407572226,0.8394065491955,prospective_3_canonical,1,0.120970141623274,M-1278715
mobley_2727678,0.667769066181212,0.783896126736281,prospective_3_canonical,2,0.116127060555069,M-2727678
mobley_1723043,0.442731645445691,0.475945853111549,prospective_3_canonical,3,0.0332142076658577,M-1723043
mobley_7578802,0.413376815377312,0.554729020613509,prospective_3_canonical,4,0.141352205236198,M-7578802
mobley_5200358,0.371726791802272,0.536225635297487,prospective_3_canonical,5,0.164498843495215,M-5200358
mobley_9741965,0.363978457733328,0.525205830601447,prospective_3_canonical,6,0.161227372868119,M-9741965
mobley_9460824,0.357658178170837,0.52976353363284,prospective_3_canonical,7,0.172105355462003,M-9460824
mobley_4479135,0.334900782108012,0.52065647639451,prospective_3_canonical,8,0.185755694286498,M-4479135
mobley_172879,0.285501002147894,0.530800848587891,prospective_3_canonical,9,0.245299846439996,M-172879
mobley_6239320,0.283135908059724,0.564514148090452,prospective_3_canonical,10,0.281378240030728,M-6239320
mobley_3709920,0.252539020095824,0.526591859384032,prospective_3_canonical,11,0.274052839288208,M-3709920
mobley_1352110,0.246898259894838,0.520083198863843,prospective_3_canonical,12,0.273184938969006,M-1352110
mobley_9534740,0.242360410268429,0.49877655634795,prospective_3_canonical,13,0.256416146079521,M-9534740
mobley_4934872,0.230839476758278,0.482691295021896,prospective_3_canonical,14,0.251851818263618,M-4934872
mobley_3777264,0.229363602378112,0.488280302915924,prospective_3_canonical,15,0.258916700537812,M-3777264
mobley_9007496,0.223707063691929,0.441889830657698,prospective_3_canonical,16,0.218182766965769,M-9007496
mobley_2261979,0.199143061698538,0.505560588395605,prospective_3_canonical,17,0.306417526697066,M-2261979
mobley_8337722,0.179993840431315,0.497958151673668,prospective_3_canonical,18,0.317964311242353,M-8337722
mobley_2689721,0.17964529301899,0.567276231479041,prospective_3_canonical,19,0.387630938460051,M-2689721
