left,right,count,center
1.27319468404439,1.35546689668262,8,1.3143307903635
1.35546689668262,1.43773910932084,20,1.39660300300173
1.43773910932084,1.52001132195907,24,1.47887521563995
1.52001132195907,1.60228353459729,20,1.56114742827818
1.60228353459729,1.68455574723551,163,1.6434196409164
1.68455574723551,1.76682795987374,25,1.72569185355463
1.76682795987374,1.84910017251196,20,1.80796406619285
1.84910017251196,1.93137238515019,32,1.89023627883107
1.93137238515019,2.01364459778841,33,1.9725084914693
2.01364459778841,2.09591681042664,35,2.05478070410752
2.09591681042664,2.17818902306486,179,2.13705291674575
2.17818902306486,2.26046123570308,10,2.21932512938397
2.26046123570308,2.34273344834131,27,2.3015973420222
2.34273344834131,2.42500566097953,14,2.38386955466042
2.42500566097953,2.50727787361776,11,2.46614176729865
2.50727787361776,2.58955008625598,11,2.54841397993687
2.58955008625598,2.67182229889421,15,2.63068619257509
2.67182229889421,2.75409451153243,27,2.71295840521332
2.75409451153243,2.83636672417065,9,2.79523061785154
2.83636672417065,2.91863893680888,8,2.87750283048977
2.91863893680888,3.0009111494471,5,2.95977504312799
3.0009111494471,3.08318336208533,6,3.04204725576622
3.08318336208533,3.16545557472355,0,3.12431946840444
3.16545557472355,3.24772778736178,3,3.20659168104266
3.24772778736178,3.33,5,3.28886389368089
