dataset,bin_left,bin_right,density,center
prospective_3_canonical,-0.287139135528169,-0.283459710413545,0.0081534476352753,-0.285299422970857
prospective_3_canonical,-0.283459710413545,-0.279780285298922,0.0217425270274008,-0.281619997856233
prospective_3_canonical,-0.279780285298922,-0.276100860184298,0.0462028699332261,-0.27794057274161
prospective_3_canonical,-0.276100860184298,-0.272421435069674,0.0733810287174779,-0.274261147626986
prospective_3_canonical,-0.272421435069674,-0.268742009955051,0.152197689191806,-0.270581722512363
prospective_3_canonical,-0.268742009955051,-0.265062584840427,0.290806298991487,-0.266902297397739
prospective_3_canonical,-0.265062584840427,-0.261383159725804,0.41310801352061,-0.263222872283115
prospective_3_canonical,-0.261383159725804,-0.25770373461118,0.693043048998403,-0.259543447168492
prospective_3_canonical,-0.25770373461118,-0.254024309496557,1.13332922130327,-0.255864022053868
prospective_3_canonical,-0.254024309496557,-0.250344884381933,1.74211997807049,-0.252184596939245
prospective_3_canonical,-0.250344884381933,-0.246665459267309,2.55202910984116,-0.248505171824621
prospective_3_canonical,-0.246665459267309,-0.242986034152686,3.59295259127797,-0.244825746709998
prospective_3_canonical,-0.242986034152686,-0.239306609038062,4.88663294940835,-0.241146321595374
prospective_3_canonical,-0.239306609038062,-0.235627183923439,6.1205213582133,-0.237466896480751
prospective_3_canonical,-0.235627183923439,-0.231947758808815,7.36256321465362,-0.233787471366127
prospective_3_canonical,-0.231947758808815,-0.228268333694192,9.85751819104779,-0.230108046251503
prospective_3_canonical,-0.228268333694192,-0.224588908579568,11.3061140542485,-0.22642862113688
prospective_3_canonical,-0.224588908579568,-0.220909483464944,12.9558282924525,-0.222749196022256
prospective_3_canonical,-0.220909483464944,-0.217230058350321,14.4479092097078,-0.219069770907633
prospective_3_canonical,-0.217230058350321,-0.213550633235697,15.0458287029613,-0.215390345793009
prospective_3_canonical,-0.213550633235697,-0.209871208121074,16.6085728330558,-0.211710920678386
prospective_3_canonical,-0.209871208121074,-0.20619178300645,17.0243986624549,-0.208031495563762
prospective_3_canonical,-0.20619178300645,-0.202512357891827,16.5351918043382,-0.204352070449139
prospective_3_canonical,-0.202512357891827,-0.198832932777203,16.4074544580523,-0.200672645334515
prospective_3_canonical,-0.198832932777203,-0.19515350766258,15.2632539732354,-0.196993220219891
prospective_3_canonical,-0.19515350766258,-0.191474082547956,14.2685333617318,-0.193313795105268
prospective_3_canonical,-0.191474082547956,-0.187794657433332,13.3743719377299,-0.189634369990644
prospective_3_canonical,-0.187794657433332,-0.184115232318709,12.2763743228461,-0.185954944876021
prospective_3_canonical,-0.184115232318709,-0.180435807204085,10.4798980272072,-0.182275519761397
prospective_3_canonical,-0.180435807204085,-0.176756382089462,9.18078203732002,-0.178596094646774
prospective_3_canonical,-0.176756382089462,-0.173076956974838,8.01755684135401,-0.17491666953215
prospective_3_canonical,-0.173076956974838,-0.169397531860215,6.65049545450619,-0.171237244417526
prospective_3_canonical,-0.169397531860215,-0.165718106745591,5.27799843590156,-0.167557819302903
prospective_3_canonical,-0.165718106745591,-0.162038681630967,4.28327782439797,-0.163878394188279
prospective_3_canonical,-0.162038681630967,-0.158359256516344,3.23148307944743,-0.160198969073656
prospective_3_canonical,-0.158359256516344,-0.15467983140172,2.6308457703155,-0.156519543959032
prospective_3_canonical,-0.15467983140172,-0.151000406287097,2.04923317233252,-0.152840118844409
prospective_3_canonical,-0.151000406287097,-0.147320981172473,1.56002631421601,-0.149160693729785
prospective_3_canonical,-0.147320981172473,-0.14364155605785,1.10071543076216,-0.145481268615162
prospective_3_canonical,-0.14364155605785,-0.139962130943226,0.856112001703909,-0.141801843500538
prospective_3_canonical,-0.139962130943226,-0.136282705828603,0.635968915551471,-0.138122418385914
prospective_3_canonical,-0.136282705828603,-0.132603280713979,0.453875251696993,-0.134442993271291
prospective_3_canonical,-0.132603280713979,-0.128923855599356,0.288088483113059,-0.130763568156667
prospective_3_canonical,-0.128923855599356,-0.125244430484732,0.214707454395584,-0.127084143042044
prospective_3_canonical,-0.125244430484732,-0.121565005370108,0.127737346285979,-0.12340471792742
prospective_3_canonical,-0.121565005370108,-0.117885580255485,0.0951235557448788,-0.119725292812797
prospective_3_canonical,-0.117885580255485,-0.114206155140861,0.0815344763527526,-0.116045867698173
prospective_3_canonical,-0.114206155140861,-0.110526730026238,0.0434850540548017,-0.112366442583549
prospective_3_canonical,-0.110526730026238,-0.106847304911614,0.0298959746626759,-0.108687017468926
prospective_3_canonical,-0.106847304911614,-0.103167879796991,0.0190247111489757,-0.105007592354302
prospective_3_canonical,-0.103167879796991,-0.099488454682367,0.002717815878425,-0.101328167239679
prospective_3_canonical,-0.099488454682367,-0.0958090295677434,0.0054356317568502,-0.0976487421250552
prospective_3_canonical,-0.0958090295677434,-0.0921296044531199,0.002717815878425,-0.0939693170104317
prospective_3_canonical,-0.0921296044531199,-0.0884501793384963,0,-0.0902898918958081
prospective_3_canonical,-0.0884501793384963,-0.0847707542238727,0.002717815878425,-0.0866104667811845
