molecule_id,glider,mace_polar_l,dataset
pros_azaaryl_sulfoxide,0.315586790197266,0.487185557513448,prospective_1
pros_cyano_cyclic_acetal,0.399977137063306,0.485365607948661,prospective_1
pros_halogen_oxazinanone,0.245079846986049,0.477702097867965,prospective_1
pros_heteroaryl_amide,0.35455848166902,0.5052291053555,prospective_1
pros_isoxazole_thioether,0.359812764639974,0.494614720251255,prospective_1
pros_polyfunctional_oxane,0.238183791433332,0.505250516931866,prospective_1
pros_sulfonyl_piperidinol,0.3249249880227,0.418913900110122,prospective_1
prospective_diverse_01,0.261783985331165,0.583299629283766,prospective_1
prospective_diverse_02,0.744190451967762,0.768643711477781,prospective_1
prospective_diverse_03,0.218090360911407,0.54138489673838,prospective_1
prospective_diverse_04,0.239279981232681,0.556678255541227,prospective_1
prospective_diverse_05,0.160123673818404,0.469444955488161,prospective_1
nextgen_prospective_001,0.396205253511769,0.451451261705827,prospective_2
nextgen_prospective_002,0.377819680066246,0.549156550673479,prospective_2
nextgen_prospective_003,0.505383680222778,0.70321844191572,prospective_2
nextgen_prospective_004,0.909561304763755,0.858334889042053,prospective_2
nextgen_prospective_005,0.337876505830597,0.55055678672432,prospective_2
nextgen_prospective_006,0.320155192778542,0.514567828384644,prospective_2
nextgen_prospective_007,0.280312740648832,0.583931522260228,prospective_2
nextgen_prospective_008,0.260702679926496,0.533830107716872,prospective_2
nextgen_prospective_009,0.244150152584775,0.574546686412431,prospective_2
nextgen_prospective_010,0.156282762311561,0.495919785670308,prospective_2
nextgen_prospective_011,0.225524094356689,0.472119452436996,prospective_2
nextgen_prospective_012,0.280672314915139,0.524223838539009,prospective_2
nextgen_prospective_013,0.312521508821076,0.631028399665709,prospective_2
nextgen_prospective_014,0.289445264394777,0.599994295288183,prospective_2
nextgen_prospective_015,0.273289475237753,0.542394031961607,prospective_2
nextgen_prospective_016,0.301913641036698,0.518698740188059,prospective_2
nextgen_prospective_017,0.332197184457858,0.646312015505876,prospective_2
nextgen_prospective_018,0.323859282867117,0.438137140237602,prospective_2
nextgen_prospective_019,0.344751610015235,0.532001358784507,prospective_2
nextgen_prospective_020,0.335129183449168,0.589252628192441,prospective_2
nextgen_prospective_021,0.367925091479617,0.58492734800313,prospective_2
nextgen_prospective_022,0.609407009926789,0.772054205498833,prospective_2
nextgen_prospective_023,0.260488134255253,0.568154144106817,prospective_2
nextgen_prospective_024,0.166623211796395,0.469371790474559,prospective_2
mobley_1278715,0.718436407572226,0.8394065491955,prospective_3_canonical
mobley_1352110,0.246898259894838,0.520083198863843,prospective_3_canonical
mobley_1723043,0.442731645445691,0.475945853111549,prospective_3_canonical
mobley_172879,0.285501002147894,0.530800848587891,prospective_3_canonical
mobley_2261979,0.199143061698538,0.505560588395605,prospective_3_canonical
mobley_2689721,0.17964529301899,0.567276231479041,prospective_3_canonical
mobley_2727678,0.667769066181212,0.783896126736281,prospective_3_canonical
mobley_3047364,2.30790703340989,2.20387597747277,prospective_3_canonical
mobley_3709920,0.252539020095824,0.526591859384032,prospective_3_canonical
mobley_3777264,0.229363602378112,0.488280302915924,prospective_3_canonical
mobley_4479135,0.334900782108012,0.52065647639451,prospective_3_canonical
mobley_4934872,0.230839476758278,0.482691295021896,prospective_3_canonical
mobley_5200358,0.371726791802272,0.536225635297487,prospective_3_canonical
mobley_6239320,0.283135908059724,0.564514148090452,prospective_3_canonical
mobley_7578802,0.413376815377312,0.554729020613509,prospective_3_canonical
mobley_8337722,0.179993840431315,0.497958151673668,prospective_3_canonical
mobley_9007496,0.223707063691929,0.441889830657698,prospective_3_canonical
mobley_9460824,0.357658178170837,0.52976353363284,prospective_3_canonical
mobley_9534740,0.242360410268429,0.49877655634795,prospective_3_canonical
mobley_9741965,0.363978457733328,0.525205830601447,prospective_3_canonical
