config_id,molecule_id,perturbant,regime,prediction_file,prediction_sha256,net_charge_e
nonwater_environment__pros_azaaryl_sulfoxide__ch3cn__altered_orientation,pros_azaaryl_sulfoxide,CH3CN,altered_orientation,d22b250b198c5c2f1ac9.npz,81f1e08f4ceae027a6bb13bebf7ffa1d0a783968beb703eb72c5c5362cac2b35,-5.204170427930421e-18
nonwater_environment__pros_azaaryl_sulfoxide__ch3cn__equilibrium_like,pros_azaaryl_sulfoxide,CH3CN,equilibrium_like,b9486f0e316a4112c973.npz,f8b613ba9e70165e977fcc07fb8a2f227ade72015a303196668ed8ee589a28b5,-1.2468324983583301e-18
nonwater_environment__pros_azaaryl_sulfoxide__ch3oh__altered_orientation,pros_azaaryl_sulfoxide,CH3OH,altered_orientation,037e8f88357211b673c5.npz,4e4397168845c4a29e86a18de17790b17181437cb24579036cdd26d6eea6fb03,-3.2526065174565133e-19
nonwater_environment__pros_azaaryl_sulfoxide__ch3oh__equilibrium_like,pros_azaaryl_sulfoxide,CH3OH,equilibrium_like,f851e8a83add02fd94d6.npz,61929f2eb8a7573279d96a384b89b85cfcfe62f09e6b5e2ad507fe81ba901206,-2.0816681711721685e-17
nonwater_environment__pros_azaaryl_sulfoxide__nh3__altered_orientation,pros_azaaryl_sulfoxide,NH3,altered_orientation,eac8fc7760bda498c862.npz,da40181aad8bd461ffbcea4f1907b60f52c034042e51888cde83b20e932d7d57,1.3010426069826053e-18
nonwater_environment__pros_azaaryl_sulfoxide__nh3__equilibrium_like,pros_azaaryl_sulfoxide,NH3,equilibrium_like,a4942153bbad19d3202a.npz,3ac4a1382f6b99ca564c97fa4ad259a7e4ad1ba9bd4b9c7ae1a5d6244ce8f3e8,-1.7889335846010823e-18
nonwater_environment__pros_cyano_cyclic_acetal__ch3cn__altered_orientation,pros_cyano_cyclic_acetal,CH3CN,altered_orientation,8c03575243a1e08fd6d0.npz,62f77ef7a6e05a7918a8d82cdeac603d53da86c734cdc95c9746d1a5915a21a2,0.0
nonwater_environment__pros_cyano_cyclic_acetal__ch3cn__equilibrium_like,pros_cyano_cyclic_acetal,CH3CN,equilibrium_like,90fd32db5c2729844b35.npz,b8ca3d0d106901ff842b9e9d307495d61a8f71948facf86bc74d2d73bc315808,0.0
nonwater_environment__pros_cyano_cyclic_acetal__ch3oh__altered_orientation,pros_cyano_cyclic_acetal,CH3OH,altered_orientation,00b3f45038f0c6bb53f9.npz,bd4fa30d8755a49a942769c1e85227cd6239bbdf86abd42472a34805ab3ba2f2,-1.3877787807814457e-17
nonwater_environment__pros_cyano_cyclic_acetal__ch3oh__equilibrium_like,pros_cyano_cyclic_acetal,CH3OH,equilibrium_like,1001d9ea5dfa230209f1.npz,d8e96dd7d67058a5765a92485af1dc1235fdc78b1ce79fb575d4febc479154f2,0.0
nonwater_environment__pros_cyano_cyclic_acetal__nh3__altered_orientation,pros_cyano_cyclic_acetal,NH3,altered_orientation,cdfbc14a79f222f82564.npz,8f5b351ead39a1cd9d2ff8ce07d8e203f38c9761c0450ca87bdf8c73b30dffb0,-1.5178830414797062e-18
nonwater_environment__pros_cyano_cyclic_acetal__nh3__equilibrium_like,pros_cyano_cyclic_acetal,NH3,equilibrium_like,a3760f1f1315f2bdc50f.npz,978fbbe61a3fe5814dfc3526238ac6dbea01f2cc33bbb5c06bac5e344609e17c,2.6020852139652106e-18
nonwater_environment__pros_halogen_oxazinanone__ch3cn__altered_orientation,pros_halogen_oxazinanone,CH3CN,altered_orientation,8bee7d4896cec58ad2d9.npz,c76b1270d797c7577bfa48cc193db8dab5e676db3545a5171b95097a08f21fd7,2.2551405187698492e-17
nonwater_environment__pros_halogen_oxazinanone__ch3cn__equilibrium_like,pros_halogen_oxazinanone,CH3CN,equilibrium_like,84660cf8882969e2cff1.npz,79f70c335f4c89973b90b41c2555a90d13c66bc7e1a719ae960f7bfeeb1ef418,8.673617379884035e-18
nonwater_environment__pros_halogen_oxazinanone__ch3oh__altered_orientation,pros_halogen_oxazinanone,CH3OH,altered_orientation,e0399e69efab0588b81b.npz,0e402de71f6cc9597a187bd379c1d42f8947e6bb139a28d118c4377ccbae87be,-5.204170427930421e-18
nonwater_environment__pros_halogen_oxazinanone__ch3oh__equilibrium_like,pros_halogen_oxazinanone,CH3OH,equilibrium_like,9e0be039b796c5697077.npz,bd4f65bf939d266dbf65485f319e00a0a120d5effa40ebd4cec2fa8d207e3fd5,-9.107298248878237e-18
nonwater_environment__pros_halogen_oxazinanone__nh3__altered_orientation,pros_halogen_oxazinanone,NH3,altered_orientation,ef3e1e72dd17b5441c45.npz,ce148893116ed4fd26c5b36bb9e69196f33c8b98efff5b0b8b1276c0f0ea4638,-1.474514954580286e-17
nonwater_environment__pros_halogen_oxazinanone__nh3__equilibrium_like,pros_halogen_oxazinanone,NH3,equilibrium_like,e6f98ff1434c28cce49a.npz,cf91d29b9225155cfe8ed0e3d38bebab608c8ebadf9cd565a68ea690cc56abff,9.020562075079397e-17
nonwater_environment__pros_heteroaryl_amide__ch3cn__altered_orientation,pros_heteroaryl_amide,CH3CN,altered_orientation,af23c59529a89752c7e1.npz,8e34cb70ac46b733bae01e0da5c7b3bd21b0a1c82809fb0f4b64a439d5911188,-8.673617379884035e-19
nonwater_environment__pros_heteroaryl_amide__ch3cn__equilibrium_like,pros_heteroaryl_amide,CH3CN,equilibrium_like,b88865daace504826f34.npz,31c24b7acfeb30bd3a01ec2989add05c754483f3391c7cf229f1ab3bd2253947,-4.336808689942018e-19
nonwater_environment__pros_heteroaryl_amide__ch3oh__altered_orientation,pros_heteroaryl_amide,CH3OH,altered_orientation,b7255c96b25912c42466.npz,659358d4f4e812b5caf32412fc855dd7d6604fea206bf948ecfa875ea6faf271,0.0
nonwater_environment__pros_heteroaryl_amide__ch3oh__equilibrium_like,pros_heteroaryl_amide,CH3OH,equilibrium_like,fcb77db2b7a712260a63.npz,4b9e32e0f529e0b61574cf972ac1b7f2c6a8ed8e5c27997032f539f578f96356,0.0
nonwater_environment__pros_heteroaryl_amide__nh3__altered_orientation,pros_heteroaryl_amide,NH3,altered_orientation,ebe24f4c03a065f70ff8.npz,bbcd40c68d8d3d91127272a36ecaa6b97402709786d60ff30e57e0601fec6f2d,-8.673617379884035e-19
nonwater_environment__pros_heteroaryl_amide__nh3__equilibrium_like,pros_heteroaryl_amide,NH3,equilibrium_like,085cd48b28b43404302d.npz,ece06fd53be19395ac87a0e9e38b08474340c30cef02ce39a43538969f3070ea,4.336808689942018e-19
nonwater_environment__pros_isoxazole_thioether__ch3cn__altered_orientation,pros_isoxazole_thioether,CH3CN,altered_orientation,d49d4201f00fbf187690.npz,07a5d8df6b3adc671ece4c2d88dcb96bdfa3114cef92cee82aaa0f95f27ef848,7.589415207398531e-19
nonwater_environment__pros_isoxazole_thioether__ch3cn__equilibrium_like,pros_isoxazole_thioether,CH3CN,equilibrium_like,f96c28654466731d35b6.npz,79c88c52239b789335e679ea57d99f4d85b09489f478c420e900addeeba1c123,-1.7618285302889447e-19
nonwater_environment__pros_isoxazole_thioether__ch3oh__altered_orientation,pros_isoxazole_thioether,CH3OH,altered_orientation,35963462d193e82a1cc3.npz,bb88be82816624ceced9ba46576dd0a394e13ccd45a750cf06c1c5e3394079f2,-1.8431436932253575e-18
nonwater_environment__pros_isoxazole_thioether__ch3oh__equilibrium_like,pros_isoxazole_thioether,CH3OH,equilibrium_like,e415d775b7d9d2a671ac.npz,a9a6f7b0485650b23ee57ca8f3617fc74ff51b224027054aa1bc725606915301,6.505213034913027e-19
nonwater_environment__pros_isoxazole_thioether__nh3__altered_orientation,pros_isoxazole_thioether,NH3,altered_orientation,12efd62389d8d16d17d4.npz,18fe8b7ad7a1713e38153d9f1afc8daea00260af79788c80e46f7f6d039e2805,8.673617379884035e-19
nonwater_environment__pros_isoxazole_thioether__nh3__equilibrium_like,pros_isoxazole_thioether,NH3,equilibrium_like,c4131c51c25922b640c8.npz,a86b38b595a949b949883d4bd347811afe126b3e8655afee5e092df43c4be363,2.6020852139652106e-18
nonwater_environment__pros_polyfunctional_oxane__ch3cn__altered_orientation,pros_polyfunctional_oxane,CH3CN,altered_orientation,ddb55b112ae07fff8028.npz,3ff25003871faf9049adadcedc83ba49439cfc81274fd0bee729bcf97f696f01,0.0
nonwater_environment__pros_polyfunctional_oxane__ch3cn__equilibrium_like,pros_polyfunctional_oxane,CH3CN,equilibrium_like,18ed23a8ed5d3f7080b5.npz,1e74af6da1a1d769fa9c6337f85cf479bb5d7717a92cff5fe4ccac84be38adb4,0.0
nonwater_environment__pros_polyfunctional_oxane__ch3oh__altered_orientation,pros_polyfunctional_oxane,CH3OH,altered_orientation,df4691ed015473568bd5.npz,a1cd2f5086a468299b6d7e785e2305bf0b0bdfc6e21b5765a24c1e6b21ec96a3,-6.938893903907228e-18
nonwater_environment__pros_polyfunctional_oxane__ch3oh__equilibrium_like,pros_polyfunctional_oxane,CH3OH,equilibrium_like,2cd60090c6da47bb1441.npz,32b0ca6d916f1c8036e9dcbd621f2ab940d0b2ff77bb5aeb37fba299aa36aed6,-3.469446951953614e-18
nonwater_environment__pros_polyfunctional_oxane__nh3__altered_orientation,pros_polyfunctional_oxane,NH3,altered_orientation,780494f9f9cd15e3ded0.npz,7934ef97ddef6a0de3fda1d0f6acf1dcead7e8c5b0d11e9ad24546ebf28f7edb,6.938893903907228e-18
nonwater_environment__pros_polyfunctional_oxane__nh3__equilibrium_like,pros_polyfunctional_oxane,NH3,equilibrium_like,67396a8e6c5626bad16c.npz,012c6d94870bdd7ad590441c6959138cd27ed0cd4a5f4f0ec17c5cd32fcdf705,3.144186300207963e-18
nonwater_environment__pros_sulfonyl_piperidinol__ch3cn__altered_orientation,pros_sulfonyl_piperidinol,CH3CN,altered_orientation,c10201b9ea459805b071.npz,c731cfb8ef22d573b10a6c1ae772723dc577d454fdc01cb889e02703b281a785,-1.0299920638612292e-18
nonwater_environment__pros_sulfonyl_piperidinol__ch3cn__equilibrium_like,pros_sulfonyl_piperidinol,CH3CN,equilibrium_like,8037bad97d3b437b9c50.npz,b74ea3e8853f7fcccbebb61b7e8b17e40a4ade25edde336fe36ffd85e5a2cd0e,2.3852447794681098e-18
nonwater_environment__pros_sulfonyl_piperidinol__ch3oh__altered_orientation,pros_sulfonyl_piperidinol,CH3OH,altered_orientation,3257083673a18ba89ab4.npz,724a8db8d80ba01630753e0d665264e2d970192e7cdcd82157059752da13b1d3,-4.445228907190568e-18
nonwater_environment__pros_sulfonyl_piperidinol__ch3oh__equilibrium_like,pros_sulfonyl_piperidinol,CH3OH,equilibrium_like,3b394b7da15da771d969.npz,2724c872bb7c09d112c72f31a95b66fb39c909e8b3d9a1557ad39b7464c83567,2.0816681711721685e-17
nonwater_environment__pros_sulfonyl_piperidinol__nh3__altered_orientation,pros_sulfonyl_piperidinol,NH3,altered_orientation,e184850c14799278347a.npz,555428dac8dfcc2a3371477efb4f94a4d2cbdfc9f1475a60127dac36cbda90f9,0.0
nonwater_environment__pros_sulfonyl_piperidinol__nh3__equilibrium_like,pros_sulfonyl_piperidinol,NH3,equilibrium_like,51f8898e775db49bdb7b.npz,c01f564ae3e71c5d42a1c1904846a4964070b46522ed29ca1b5b88034c881881,-2.6020852139652106e-18
nonwater_environment__prospective_diverse_01__ch3cn__altered_orientation,prospective_diverse_01,CH3CN,altered_orientation,092a16e1d4d753316e24.npz,dceda42acbfad391f092a8b40929cd2aea59620d27e20401e32dc869045c3827,1.5178830414797062e-18
nonwater_environment__prospective_diverse_01__ch3cn__equilibrium_like,prospective_diverse_01,CH3CN,equilibrium_like,86509cc91223d9bfad94.npz,51378c7236f4e444f26f0d06b1cbf472e84a83e123860a85476b7541e8b076fd,6.071532165918825e-18
nonwater_environment__prospective_diverse_01__ch3oh__altered_orientation,prospective_diverse_01,CH3OH,altered_orientation,7a4e379b522359efd1f7.npz,84bb2cde84f3de3d7c960154e16c09c4e1739b8646a328ab49a68f78f4351c03,-2.3852447794681098e-18
nonwater_environment__prospective_diverse_01__ch3oh__equilibrium_like,prospective_diverse_01,CH3OH,equilibrium_like,56d9a45338ef61f6d1bd.npz,9165965dbb393c4ec0e4272c85755383aaceb9d8ff36a74a17f34de094a9848c,-9.107298248878237e-18
nonwater_environment__prospective_diverse_01__nh3__altered_orientation,prospective_diverse_01,NH3,altered_orientation,eefb3d403bcef26bb006.npz,db9705762b0225ca4a3d06f3894b352914c7687558d084b6c8d445873c7a4770,-4.943284280176097e-18
nonwater_environment__prospective_diverse_01__nh3__equilibrium_like,prospective_diverse_01,NH3,equilibrium_like,9423902c1b9531c6a450.npz,5c65a977f79ac5e0861e22c51464c7ac349f543bc7a61e2de4417b9778def800,-6.071532165918825e-18
nonwater_environment__prospective_diverse_02__ch3cn__altered_orientation,prospective_diverse_02,CH3CN,altered_orientation,0dd032195bdca6f8aa13.npz,92e3b16b2aed3bc9e0bce8ab399f39f32c72c25768403a86524602289f8fd315,-1.1167282376600696e-17
nonwater_environment__prospective_diverse_02__ch3cn__equilibrium_like,prospective_diverse_02,CH3CN,equilibrium_like,d50e4ccaefdd70b0871e.npz,1a9f2748b3d272f191aebed6eed2184748738bb1db4840bfa61c7497e85c8ba2,-8.673617379884035e-19
nonwater_environment__prospective_diverse_02__ch3oh__altered_orientation,prospective_diverse_02,CH3OH,altered_orientation,06cc62434a474f3558ae.npz,c758a3d022435667ab5be9f7a200468f76365235cd9f6202c156ed9635c0e2fd,8.673617379884035e-19
nonwater_environment__prospective_diverse_02__ch3oh__equilibrium_like,prospective_diverse_02,CH3OH,equilibrium_like,51b0acc4ad24027f6858.npz,fecf310ef88d3b3def55337e363e2bd5e01bd0a1907c62534778c850e36915e3,2.168404344971009e-19
nonwater_environment__prospective_diverse_02__nh3__altered_orientation,prospective_diverse_02,NH3,altered_orientation,9ae3da06fb87c42a9784.npz,494213914e351ca18fb34077f78ece45e80f496efd992d710e65f635a895e491,5.421010862427522e-18
nonwater_environment__prospective_diverse_02__nh3__equilibrium_like,prospective_diverse_02,NH3,equilibrium_like,f6baa72b386408ec5b2b.npz,5b139e1af2046aef18b415632566dea796f9b2b6c440e360c6af14ab29067c54,0.0
nonwater_environment__prospective_diverse_03__ch3cn__altered_orientation,prospective_diverse_03,CH3CN,altered_orientation,1c0fd243aafa06b152b1.npz,cec427e113748987fb9a5189da0a0719a3d958bd1352c1d7b35eefa0cbb4d986,-4.336808689942018e-19
nonwater_environment__prospective_diverse_03__ch3cn__equilibrium_like,prospective_diverse_03,CH3CN,equilibrium_like,5ee2a6f31cd50d94ff92.npz,019b35cd52109879cc240d46be4c48a0be796a692a2f93cb3c847ff6018fa4bf,7.724940478959219e-18
nonwater_environment__prospective_diverse_03__ch3oh__altered_orientation,prospective_diverse_03,CH3OH,altered_orientation,d39838277a4a110343c5.npz,e9c4f99c5b088c912465c541270cd2120c87f4b213d1cddb41370d14051b87af,0.0
nonwater_environment__prospective_diverse_03__ch3oh__equilibrium_like,prospective_diverse_03,CH3OH,equilibrium_like,d863d4b19e41945cce34.npz,af5dcd8cfd8eba4ab64fc98de6b06aa688d7317992d1d131a87d50fee695ac94,-1.0842021724855044e-19
nonwater_environment__prospective_diverse_03__nh3__altered_orientation,prospective_diverse_03,NH3,altered_orientation,38c426bae2ca60a27f4b.npz,2b3790d9b527568dc9c67de333734e483c9017c9260bff70b27df3f421d1cf56,0.0
nonwater_environment__prospective_diverse_03__nh3__equilibrium_like,prospective_diverse_03,NH3,equilibrium_like,27e2a9c3516c888c241c.npz,4d51ede1c78a0a7b0a452c4d74667745ab5a6d630044a722e96309046ea0cfe7,3.2526065174565133e-19
nonwater_environment__prospective_diverse_04__ch3cn__altered_orientation,prospective_diverse_04,CH3CN,altered_orientation,b381a26535100e3fb511.npz,12ee2782909c2e002ed1dd393ef40dcc9ab58106130d26dd418bf23bef7eb68b,0.0
nonwater_environment__prospective_diverse_04__ch3cn__equilibrium_like,prospective_diverse_04,CH3CN,equilibrium_like,44aa21c96556fe521215.npz,0dc2eb6d7ee5142cc56b2420e2cebb4f46ba0547526a9bdda72aaaddd4c87701,9.107298248878237e-18
nonwater_environment__prospective_diverse_04__ch3oh__altered_orientation,prospective_diverse_04,CH3OH,altered_orientation,d9a7139f0c6bdb2fbeff.npz,65ce5bb72043747f975a98c841cd8f81423d8c9638b114d10a0ecc238500e52a,1.0408340855860843e-17
nonwater_environment__prospective_diverse_04__ch3oh__equilibrium_like,prospective_diverse_04,CH3OH,equilibrium_like,38e6f9f49bf7d1d37832.npz,26f82afdae6f4813069f47bbd22f19d40870aa1918ce39c55f1625a73b4491e2,0.0
nonwater_environment__prospective_diverse_04__nh3__altered_orientation,prospective_diverse_04,NH3,altered_orientation,3827e19870599626c2a4.npz,0418e1b0c3cd2090f08470795c343b55777a9e9d5f2565d99617544ea793aaeb,3.469446951953614e-18
nonwater_environment__prospective_diverse_04__nh3__equilibrium_like,prospective_diverse_04,NH3,equilibrium_like,0f692ada9efed127fa45.npz,2192407776af5b25c6125243d9c00793205a87cd74c0905a5fd5107fda1910a0,0.0
nonwater_environment__prospective_diverse_05__ch3cn__altered_orientation,prospective_diverse_05,CH3CN,altered_orientation,78a77645b6bb67032e6b.npz,ba10f2e3832dd9acef293fce61e165f7644de421eaff5bf3064dca657b6e35c2,-9.75781955236954e-18
nonwater_environment__prospective_diverse_05__ch3cn__equilibrium_like,prospective_diverse_05,CH3CN,equilibrium_like,ca46ba117299ffbcfa84.npz,eb467602637ce64d69b6d726d4eb61bfdd7de33d7718378eb2c4c65e184fdc1f,4.119968255444917e-18
nonwater_environment__prospective_diverse_05__ch3oh__altered_orientation,prospective_diverse_05,CH3OH,altered_orientation,6fc46a6edb15988e469c.npz,efc2122cb3540a6aba65baadcec04c3d3b116644f6c964de82751cf403203781,0.0
nonwater_environment__prospective_diverse_05__ch3oh__equilibrium_like,prospective_diverse_05,CH3OH,equilibrium_like,095b75c507c4ba274bd9.npz,87ffe3a5ed30c38d9e53f2be05f4b0b5113353729182b26128f3df7179c9a205,-2.168404344971009e-18
nonwater_environment__prospective_diverse_05__nh3__altered_orientation,prospective_diverse_05,NH3,altered_orientation,5e3a5590350e72d042f4.npz,01b1b3ec6a67d64691a03f994a420c36de9fab3a561d3c81bbdadaabdbee8b1a,0.0
nonwater_environment__prospective_diverse_05__nh3__equilibrium_like,prospective_diverse_05,NH3,equilibrium_like,a6ab049a231501461fc5.npz,21570d5749f9874970fa42df9bd40b62db1780c3a527fbd8e0f96b7aa51a1333,-6.938893903907228e-18
