config_id,molecule_id,status,reason
glider_h__MNSOL-CONN-BYEAHWXPCBROCE__liquid_00__3w,MNSOL-CONN-BYEAHWXPCBROCE,failed,complex_not_successful
glider_h__MNSOL-CONN-BYEAHWXPCBROCE__liquid_01__3w,MNSOL-CONN-BYEAHWXPCBROCE,failed,complex_not_successful
glider_h__MNSOL-CONN-BYEAHWXPCBROCE__liquid_02__3w,MNSOL-CONN-BYEAHWXPCBROCE,failed,complex_not_successful
glider_h__MNSOL-CONN-BYEAHWXPCBROCE__liquid_03__3w,MNSOL-CONN-BYEAHWXPCBROCE,failed,complex_not_successful
glider_h__MNSOL-CONN-HSFWRNGVRCDJHI__liquid_00__3w,MNSOL-CONN-HSFWRNGVRCDJHI,skipped,typify_complex_failed
glider_h__MNSOL-CONN-HSFWRNGVRCDJHI__liquid_01__3w,MNSOL-CONN-HSFWRNGVRCDJHI,skipped,typify_complex_failed
glider_h__MNSOL-CONN-HSFWRNGVRCDJHI__liquid_02__3w,MNSOL-CONN-HSFWRNGVRCDJHI,skipped,typify_complex_failed
glider_h__MNSOL-CONN-HSFWRNGVRCDJHI__liquid_03__3w,MNSOL-CONN-HSFWRNGVRCDJHI,skipped,typify_complex_failed
glider_h__MNSOL-CONN-QKSKPIVNLNLAAV__liquid_00__3w,MNSOL-CONN-QKSKPIVNLNLAAV,failed,complex_not_successful
glider_h__MNSOL-CONN-QKSKPIVNLNLAAV__liquid_01__3w,MNSOL-CONN-QKSKPIVNLNLAAV,failed,complex_not_successful
glider_h__MNSOL-CONN-QKSKPIVNLNLAAV__liquid_02__3w,MNSOL-CONN-QKSKPIVNLNLAAV,failed,complex_not_successful
glider_h__MNSOL-CONN-QKSKPIVNLNLAAV__liquid_03__3w,MNSOL-CONN-QKSKPIVNLNLAAV,failed,complex_not_successful
glider_h__MNSOL-CONN-WRXCXOUDSPTXNX__liquid_00__3w,MNSOL-CONN-WRXCXOUDSPTXNX,skipped,typify_complex_failed
glider_h__MNSOL-CONN-WRXCXOUDSPTXNX__liquid_01__3w,MNSOL-CONN-WRXCXOUDSPTXNX,skipped,typify_complex_failed
glider_h__MNSOL-CONN-WRXCXOUDSPTXNX__liquid_02__3w,MNSOL-CONN-WRXCXOUDSPTXNX,skipped,typify_complex_failed
glider_h__MNSOL-CONN-WRXCXOUDSPTXNX__liquid_03__3w,MNSOL-CONN-WRXCXOUDSPTXNX,skipped,typify_complex_failed
glider_h__MNSOL-CONN-XSQUKJJJFZCRTK__liquid_00__3w,MNSOL-CONN-XSQUKJJJFZCRTK,ok,
glider_h__MNSOL-CONN-XSQUKJJJFZCRTK__liquid_01__3w,MNSOL-CONN-XSQUKJJJFZCRTK,ok,
glider_h__MNSOL-CONN-XSQUKJJJFZCRTK__liquid_02__3w,MNSOL-CONN-XSQUKJJJFZCRTK,ok,
glider_h__MNSOL-CONN-XSQUKJJJFZCRTK__liquid_03__3w,MNSOL-CONN-XSQUKJJJFZCRTK,ok,
glider_h__MNSOL-CONN-ZWEHNKRNPOVVGH__liquid_00__3w,MNSOL-CONN-ZWEHNKRNPOVVGH,ok,
glider_h__MNSOL-CONN-ZWEHNKRNPOVVGH__liquid_01__3w,MNSOL-CONN-ZWEHNKRNPOVVGH,ok,
glider_h__MNSOL-CONN-ZWEHNKRNPOVVGH__liquid_02__3w,MNSOL-CONN-ZWEHNKRNPOVVGH,ok,
glider_h__MNSOL-CONN-ZWEHNKRNPOVVGH__liquid_03__3w,MNSOL-CONN-ZWEHNKRNPOVVGH,ok,
