method,method_label,regime,esp_nrmse,absolute_rmse_mEh_per_e,response_rms_mEh_per_e,n_solutes,dipole_rmse_D
aimnet2,AIMNet2,altered_orientation,0.8978825686342048,3.1063931211941025,3.8446215355276294,12,0.35892052333962343
aimnet2,AIMNet2,equilibrium_like,0.8527378707476544,3.248820036503527,4.168147220376066,12,0.4637077696836411
aimnet2_2025,AIMNet2-2025,altered_orientation,1.1018881499670028,4.004756489134767,3.8446215355276294,12,0.755925466616816
aimnet2_2025,AIMNet2-2025,equilibrium_like,1.0882387781318548,4.573749815748152,4.168147220376066,12,1.0050485369762525
gfn2_xtb,GFN2-xTB,altered_orientation,,,3.8446215355276294,12,0.3757653520064562
gfn2_xtb,GFN2-xTB,equilibrium_like,,,4.168147220376066,12,0.30944450944333884
glider,GLIDER,altered_orientation,0.43600496001373035,1.5309256093292767,3.8446215355276294,12,0.1506297051519613
glider,GLIDER,equilibrium_like,0.46473714741486555,1.7795889232857354,4.168147220376066,12,0.22674640803559024
mace_mdp,MACE-MDP,altered_orientation,,,3.8446215355276294,12,0.4759863371499364
mace_mdp,MACE-MDP,equilibrium_like,,,4.168147220376066,12,0.9497945062151278
mace_polar_l,MACE-POLAR-1-L,altered_orientation,0.6283220012438974,2.2270159943304058,3.8446215355276294,12,0.1752599043581928
mace_polar_l,MACE-POLAR-1-L,equilibrium_like,0.6060184031957379,2.357613452230947,4.168147220376066,12,0.23307370614698386
mace_polar_m,MACE-POLAR-1-M,altered_orientation,0.6134134312573609,2.115826940939192,3.8446215355276294,12,0.190576595906202
mace_polar_m,MACE-POLAR-1-M,equilibrium_like,0.5988757695358103,2.2192749801146467,4.168147220376066,12,0.24965362948970646
mace_polar_s,MACE-POLAR-1-S,altered_orientation,1.021405280541048,3.850166530315389,3.8446215355276294,12,0.3461595607988799
mace_polar_s,MACE-POLAR-1-S,equilibrium_like,0.8479822253143877,3.5622810645959535,4.168147220376066,12,0.3154501671477329
zero,Zero response,altered_orientation,1.0,3.8446215355276294,3.8446215355276294,12,0.39031297227649236
zero,Zero response,equilibrium_like,1.0,4.168147220376066,4.168147220376066,12,0.4330947712959075
