method,method_label,molecule_id,esp_nrmse,absolute_rmse_mEh_per_e,response_rms_mEh_per_e,n_solutes,dipole_rmse_D
aimnet2,AIMNet2,pros_azaaryl_sulfoxide,0.6797362714815106,2.747594412755006,3.9588750551884146,1,0.42836809303429463
aimnet2,AIMNet2,pros_cyano_cyclic_acetal,0.8105128114115497,3.6849835603270953,4.635675883047806,1,0.3924364318473082
aimnet2,AIMNet2,pros_halogen_oxazinanone,1.061155617827207,6.070737792102267,5.687627744788222,1,0.9972227945329449
aimnet2,AIMNet2,pros_heteroaryl_amide,1.3386619251004672,1.4498999012972897,1.219935886251039,1,0.218231407655156
aimnet2,AIMNet2,pros_isoxazole_thioether,0.8471898867738009,2.098546716224694,2.4491856854008685,1,0.3933750561279097
aimnet2,AIMNet2,pros_polyfunctional_oxane,1.0584913589146405,3.2050097008208263,3.455508145165286,1,0.369367015143563
aimnet2,AIMNet2,pros_sulfonyl_piperidinol,0.9912618532542686,3.2934759804343887,3.3411554651181716,1,0.35702209051704537
aimnet2,AIMNet2,prospective_diverse_01,0.4966210433875838,2.683606612913709,5.36512490454772,1,0.1484326868268532
aimnet2,AIMNet2,prospective_diverse_02,0.7159813518714891,3.6028085195190935,5.091540974803223,1,0.21627314961635513
aimnet2,AIMNet2,prospective_diverse_03,1.0053297134516799,1.4980107270098673,1.9583107202715133,1,0.1138237963920495
aimnet2,AIMNet2,prospective_diverse_04,0.8470258309130992,4.638907665418838,5.8917208785974635,1,0.39439141320660465
aimnet2,AIMNet2,prospective_diverse_05,0.6517549719038597,3.1576973573627036,5.021951192242452,1,0.16601722821858605
aimnet2_2025,AIMNet2-2025,pros_azaaryl_sulfoxide,1.3296058406386295,5.807440985299206,3.9588750551884146,1,1.3506663622520083
aimnet2_2025,AIMNet2-2025,pros_cyano_cyclic_acetal,1.021428766379575,4.696224815743231,4.635675883047806,1,0.7760184387543495
aimnet2_2025,AIMNet2-2025,pros_halogen_oxazinanone,1.891050372061622,10.88855197630391,5.687627744788222,1,2.2173268748067825
aimnet2_2025,AIMNet2-2025,pros_heteroaryl_amide,1.5535909155388128,1.882998836151562,1.219935886251039,1,0.329033340618027
aimnet2_2025,AIMNet2-2025,pros_isoxazole_thioether,1.033049914505414,2.544270345323809,2.4491856854008685,1,0.5130482907696952
aimnet2_2025,AIMNet2-2025,pros_polyfunctional_oxane,1.1599252622319216,3.7190814550536246,3.455508145165286,1,0.7148771819774915
aimnet2_2025,AIMNet2-2025,pros_sulfonyl_piperidinol,0.9355357735571799,3.18727233813062,3.3411554651181716,1,0.5362739811215812
aimnet2_2025,AIMNet2-2025,prospective_diverse_01,0.7371138704031558,4.012346688288327,5.36512490454772,1,0.40303100813148995
aimnet2_2025,AIMNet2-2025,prospective_diverse_02,0.7664535569280471,3.879101408693952,5.091540974803223,1,0.37898316003917154
aimnet2_2025,AIMNet2-2025,prospective_diverse_03,1.0043573665676713,1.5454180627366758,1.9583107202715133,1,0.1101256000371329
aimnet2_2025,AIMNet2-2025,prospective_diverse_04,0.9402654464993029,5.449534015812631,5.8917208785974635,1,0.6564888905807096
aimnet2_2025,AIMNet2-2025,prospective_diverse_05,0.7683844832818126,3.8587969017599644,5.021951192242452,1,0.4763867452115897
gfn2_xtb,GFN2-xTB,pros_azaaryl_sulfoxide,,,3.9588750551884146,1,0.21635856141000256
gfn2_xtb,GFN2-xTB,pros_cyano_cyclic_acetal,,,4.635675883047806,1,0.2772752794891091
gfn2_xtb,GFN2-xTB,pros_halogen_oxazinanone,,,5.687627744788222,1,0.7871793038944846
gfn2_xtb,GFN2-xTB,pros_heteroaryl_amide,,,1.219935886251039,1,0.07611353632863148
gfn2_xtb,GFN2-xTB,pros_isoxazole_thioether,,,2.4491856854008685,1,0.10072674818755516
gfn2_xtb,GFN2-xTB,pros_polyfunctional_oxane,,,3.455508145165286,1,0.36865368129432446
gfn2_xtb,GFN2-xTB,pros_sulfonyl_piperidinol,,,3.3411554651181716,1,0.29305767061601085
gfn2_xtb,GFN2-xTB,prospective_diverse_01,,,5.36512490454772,1,0.2608982572549263
gfn2_xtb,GFN2-xTB,prospective_diverse_02,,,5.091540974803223,1,0.26816844673724677
gfn2_xtb,GFN2-xTB,prospective_diverse_03,,,1.9583107202715133,1,0.08669312969407816
gfn2_xtb,GFN2-xTB,prospective_diverse_04,,,5.8917208785974635,1,0.22619972321326937
gfn2_xtb,GFN2-xTB,prospective_diverse_05,,,5.021951192242452,1,0.49193236093424936
glider,GLIDER,pros_azaaryl_sulfoxide,0.4044985829852754,1.678122119651275,3.9588750551884146,1,0.19525077113877617
glider,GLIDER,pros_cyano_cyclic_acetal,0.413166849055409,1.894114299554843,4.635675883047806,1,0.1662061817238062
glider,GLIDER,pros_halogen_oxazinanone,0.5024140873162185,2.8138823427006976,5.687627744788222,1,0.30541428719455493
glider,GLIDER,pros_heteroaryl_amide,0.5140653076493052,0.5684701704978953,1.219935886251039,1,0.047794813418754946
glider,GLIDER,pros_isoxazole_thioether,0.4575940310720672,1.11477858951356,2.4491856854008685,1,0.07111790346534004
glider,GLIDER,pros_polyfunctional_oxane,1.0345404440925212,3.63890493677326,3.455508145165286,1,0.4353503652889294
glider,GLIDER,pros_sulfonyl_piperidinol,0.501351513815971,1.642589944720047,3.3411554651181716,1,0.17686926151695867
glider,GLIDER,prospective_diverse_01,0.2520725999540416,1.3526773662789122,5.36512490454772,1,0.06568424576413838
glider,GLIDER,prospective_diverse_02,0.24775827287523702,1.263125962015931,5.091540974803223,1,0.09255093038552403
glider,GLIDER,prospective_diverse_03,0.5032455636020295,0.7400284569884646,1.9583107202715133,1,0.06303087640303726
glider,GLIDER,prospective_diverse_04,0.31891435168416954,1.8769794212119997,5.8917208785974635,1,0.18971125313112214
glider,GLIDER,prospective_diverse_05,0.2548310404693301,1.279413585783186,5.021951192242452,1,0.06779441038802762
mace_mdp,MACE-MDP,pros_azaaryl_sulfoxide,,,3.9588750551884146,1,1.3221509964610565
mace_mdp,MACE-MDP,pros_cyano_cyclic_acetal,,,4.635675883047806,1,0.2610516683024228
mace_mdp,MACE-MDP,pros_halogen_oxazinanone,,,5.687627744788222,1,1.7123438509435158
mace_mdp,MACE-MDP,pros_heteroaryl_amide,,,1.219935886251039,1,0.020902656172992157
mace_mdp,MACE-MDP,pros_isoxazole_thioether,,,2.4491856854008685,1,0.05432504412803977
mace_mdp,MACE-MDP,pros_polyfunctional_oxane,,,3.455508145165286,1,1.1654914438308388
mace_mdp,MACE-MDP,pros_sulfonyl_piperidinol,,,3.3411554651181716,1,0.7037114168597716
mace_mdp,MACE-MDP,prospective_diverse_01,,,5.36512490454772,1,0.20317642052402762
mace_mdp,MACE-MDP,prospective_diverse_02,,,5.091540974803223,1,0.17965093197449425
mace_mdp,MACE-MDP,prospective_diverse_03,,,1.9583107202715133,1,0.23368823290407603
mace_mdp,MACE-MDP,prospective_diverse_04,,,5.8917208785974635,1,0.11612001648113718
mace_mdp,MACE-MDP,prospective_diverse_05,,,5.021951192242452,1,0.158320969396497
mace_polar_l,MACE-POLAR-1-L,pros_azaaryl_sulfoxide,0.5182391524113559,2.156300117451097,3.9588750551884146,1,0.22951317632926438
mace_polar_l,MACE-POLAR-1-L,pros_cyano_cyclic_acetal,0.5249693334378615,2.331969708086325,4.635675883047806,1,0.15039271764003737
mace_polar_l,MACE-POLAR-1-L,pros_halogen_oxazinanone,0.7269832922550576,4.09696510831312,5.687627744788222,1,0.3732469966224031
mace_polar_l,MACE-POLAR-1-L,pros_heteroaryl_amide,0.675710664447558,0.7670683231418848,1.219935886251039,1,0.042296725639958094
mace_polar_l,MACE-POLAR-1-L,pros_isoxazole_thioether,0.5671800779981327,1.3914341584907586,2.4491856854008685,1,0.10126935649963623
mace_polar_l,MACE-POLAR-1-L,pros_polyfunctional_oxane,1.4505596436148966,4.907699704139478,3.455508145165286,1,0.42230657747639666
mace_polar_l,MACE-POLAR-1-L,pros_sulfonyl_piperidinol,0.6222528908562339,2.1500746589514272,3.3411554651181716,1,0.1681095727849448
mace_polar_l,MACE-POLAR-1-L,prospective_diverse_01,0.38643405478659076,2.068505048742899,5.36512490454772,1,0.11140240444490727
mace_polar_l,MACE-POLAR-1-L,prospective_diverse_02,0.35255209533017284,1.8017014201930357,5.091540974803223,1,0.1079166346901074
mace_polar_l,MACE-POLAR-1-L,prospective_diverse_03,0.7027475142966545,0.9760604752773189,1.9583107202715133,1,0.06689491429239172
mace_polar_l,MACE-POLAR-1-L,prospective_diverse_04,0.4288342786889648,2.5780271306592693,5.8917208785974635,1,0.19250864990624797
mace_polar_l,MACE-POLAR-1-L,prospective_diverse_05,0.44957942851433175,2.2819708259215035,5.021951192242452,1,0.10672186424307957
mace_polar_m,MACE-POLAR-1-M,pros_azaaryl_sulfoxide,0.41881130527662674,1.700268630071238,3.9588750551884146,1,0.17895720798236772
mace_polar_m,MACE-POLAR-1-M,pros_cyano_cyclic_acetal,0.538502613684848,2.397998676834949,4.635675883047806,1,0.26027868718188796
mace_polar_m,MACE-POLAR-1-M,pros_halogen_oxazinanone,0.7140592086471808,3.952986985488358,5.687627744788222,1,0.37212419783793976
mace_polar_m,MACE-POLAR-1-M,pros_heteroaryl_amide,0.6585369561597808,0.7259023640784696,1.219935886251039,1,0.05222785705206771
mace_polar_m,MACE-POLAR-1-M,pros_isoxazole_thioether,0.59298236243097,1.4545203890053908,2.4491856854008685,1,0.09944458180649014
mace_polar_m,MACE-POLAR-1-M,pros_polyfunctional_oxane,1.3646014083609908,4.553980514754044,3.455508145165286,1,0.4761442703455108
mace_polar_m,MACE-POLAR-1-M,pros_sulfonyl_piperidinol,0.6376953670912232,2.0773700592289495,3.3411554651181716,1,0.17101057242330753
mace_polar_m,MACE-POLAR-1-M,prospective_diverse_01,0.3383326435313973,1.8131285235238896,5.36512490454772,1,0.07233064726052771
mace_polar_m,MACE-POLAR-1-M,prospective_diverse_02,0.3049471996349205,1.5775565628265074,5.091540974803223,1,0.12136663449791345
mace_polar_m,MACE-POLAR-1-M,prospective_diverse_03,0.8571916423937761,1.0862694112044662,1.9583107202715133,1,0.08175156791319943
mace_polar_m,MACE-POLAR-1-M,prospective_diverse_04,0.4374440150201551,2.562240383886022,5.8917208785974635,1,0.21548449767186906
mace_polar_m,MACE-POLAR-1-M,prospective_diverse_05,0.41063048252715784,2.108389025420749,5.021951192242452,1,0.10944276942314941
mace_polar_s,MACE-POLAR-1-S,pros_azaaryl_sulfoxide,0.8695701800662946,3.5145665342467374,3.9588750551884146,1,0.2352072096357852
mace_polar_s,MACE-POLAR-1-S,pros_cyano_cyclic_acetal,0.934264826992916,4.171676271587761,4.635675883047806,1,0.30220717575686246
mace_polar_s,MACE-POLAR-1-S,pros_halogen_oxazinanone,1.114368649781292,6.16632367505769,5.687627744788222,1,0.6492911231096878
mace_polar_s,MACE-POLAR-1-S,pros_heteroaryl_amide,0.9032445548239322,1.1033281745174335,1.219935886251039,1,0.11527296096471927
mace_polar_s,MACE-POLAR-1-S,pros_isoxazole_thioether,0.8566008300130887,2.1266175038410124,2.4491856854008685,1,0.22627400687723914
mace_polar_s,MACE-POLAR-1-S,pros_polyfunctional_oxane,1.1917333218097395,3.8962114118641904,3.455508145165286,1,0.3646570342138652
mace_polar_s,MACE-POLAR-1-S,pros_sulfonyl_piperidinol,0.9364874437638551,3.136560063557667,3.3411554651181716,1,0.24182203001436478
mace_polar_s,MACE-POLAR-1-S,prospective_diverse_01,0.8032784194642121,4.338602807640347,5.36512490454772,1,0.2216001398162408
mace_polar_s,MACE-POLAR-1-S,prospective_diverse_02,0.8155791697352642,4.219620923923469,5.091540974803223,1,0.3541027045026407
mace_polar_s,MACE-POLAR-1-S,prospective_diverse_03,0.9602542107577378,1.671891911742687,1.9583107202715133,1,0.24587819826161433
mace_polar_s,MACE-POLAR-1-S,prospective_diverse_04,1.0383620199524546,6.0906828702463605,5.8917208785974635,1,0.3535331536232911
mace_polar_s,MACE-POLAR-1-S,prospective_diverse_05,0.7925814079718286,4.038603421242698,5.021951192242452,1,0.3631850367371439
zero,Zero response,pros_azaaryl_sulfoxide,1.0,3.9588750551884146,3.9588750551884146,1,0.42358611275476826
zero,Zero response,pros_cyano_cyclic_acetal,1.0,4.635675883047806,4.635675883047806,1,0.5446774890575655
zero,Zero response,pros_halogen_oxazinanone,1.0,5.687627744788222,5.687627744788222,1,0.5609749510695559
zero,Zero response,pros_heteroaryl_amide,1.0,1.219935886251039,1.219935886251039,1,0.17562220118667796
zero,Zero response,pros_isoxazole_thioether,1.0,2.4491856854008685,2.4491856854008685,1,0.30157838305694457
zero,Zero response,pros_polyfunctional_oxane,1.0,3.455508145165286,3.455508145165286,1,0.3997082044828651
zero,Zero response,pros_sulfonyl_piperidinol,1.0,3.3411554651181716,3.3411554651181716,1,0.3739281101217525
zero,Zero response,prospective_diverse_01,1.0,5.36512490454772,5.36512490454772,1,0.3752931065968823
zero,Zero response,prospective_diverse_02,1.0,5.091540974803223,5.091540974803223,1,0.4119724289900701
zero,Zero response,prospective_diverse_03,1.0,1.9583107202715133,1.9583107202715133,1,0.4219898230724493
zero,Zero response,prospective_diverse_04,1.0,5.8917208785974635,5.8917208785974635,1,0.3324110090857002
zero,Zero response,prospective_diverse_05,1.0,5.021951192242452,5.021951192242452,1,0.4776817758534458
