config_id,molecule_id,regime,prediction_file,prediction_sha256,net_response_charge_e
canonical_p3__mobley_1278715__cluster_3water__compressed,mobley_1278715,compressed,8ccac7912fbd74fd481d.npz,b192d08e4472ed6b59ab49c115f3f8fab484434e07f89ac586d8fa7698608588,-6.332993507385254e-08
canonical_p3__mobley_1278715__cluster_3water__cooperative,mobley_1278715,cooperative,ece44fb48e99e7726bbe.npz,9aa14b0bfdabafe3be61f2dca5280a28246d54447b01e15aaeecaf7996864c7d,1.862645149230957e-08
canonical_p3__mobley_1278715__cluster_3water__equilibrium,mobley_1278715,equilibrium,2835e0c709d6c1bec778.npz,97fb571968f5f0fd7964e84622f8f12d111f3623dc6a7af19b1a2fc305c6fc87,6.705522537231445e-08
canonical_p3__mobley_1278715__cluster_3water__orientation,mobley_1278715,orientation,e947ea722ef7abd413e9.npz,2bd3ed0dcc057a15f2b4e8b67d66fa230d9e327002c895f2e19478034c90b0af,-1.1175870895385742e-08
canonical_p3__mobley_1352110__cluster_3water__compressed,mobley_1352110,compressed,edb53eb418b1bef4cf89.npz,73a8248e9e1405367b741ffbf947f5726a0fcc91bac0d85399ed5cc7c8e1cc4e,3.725290298461914e-09
canonical_p3__mobley_1352110__cluster_3water__cooperative,mobley_1352110,cooperative,7e9ca8ea4c5ed067ac91.npz,a4f43e4a1f60fa5b7991c81780c02112685bade7fa5d323b7469fa494a55ad9f,1.0244548320770264e-08
canonical_p3__mobley_1352110__cluster_3water__equilibrium,mobley_1352110,equilibrium,1a5ca5112082891d7e42.npz,e3e907821627d2eec30c7f5272f0d21e4181408ba8550b72c684311b9564637e,9.778887033462524e-08
canonical_p3__mobley_1352110__cluster_3water__orientation,mobley_1352110,orientation,abf003d0d17851b773d8.npz,fc5f12f4b683cb208ccfa38079e97408ace302eeded8b6470eb6ef0ccdad26de,3.073364496231079e-08
canonical_p3__mobley_1723043__cluster_3water__compressed,mobley_1723043,compressed,e717b3e38251180ad2a2.npz,e9f9aa5063cd17e78626a3509616582a8c97c9632a93629a5d8e17c43181fe56,-7.450580596923828e-09
canonical_p3__mobley_1723043__cluster_3water__cooperative,mobley_1723043,cooperative,ff5c8d8b6fe9d6ca88e9.npz,574921a0804b3e91ae8e853238855d3dcf1d5aedcd190ff2200be55c9a362c4b,-7.450580596923828e-09
canonical_p3__mobley_1723043__cluster_3water__equilibrium,mobley_1723043,equilibrium,c9ac95845ecc9e19087f.npz,547ea4a9131a3abb2431b2bc5ce04c2a29d574eccef5b1c6ba1ad7ccc0e12b7f,-5.960464477539063e-08
canonical_p3__mobley_1723043__cluster_3water__orientation,mobley_1723043,orientation,838e06893626e0b20ad1.npz,959e9c8dd87685fea2c00cc753659f46e7644db9c3be02ca7141c143883dadcb,3.725290298461914e-08
canonical_p3__mobley_172879__cluster_3water__compressed,mobley_172879,compressed,c370d443d428de4702da.npz,a0b5175f9f2df256b23e6a45b0550b7a56ef2a95fd855e83b65cd0619ce69349,2.2351741790771484e-08
canonical_p3__mobley_172879__cluster_3water__cooperative,mobley_172879,cooperative,0d1569ec810d8244eb48.npz,0058354ed8d46226499e805ec0908f7da7f02a22fdb2edcf056eb705a85a9c6c,-3.725290298461914e-08
canonical_p3__mobley_172879__cluster_3water__equilibrium,mobley_172879,equilibrium,46d30fa961b94eb2f2f8.npz,e143193fc32dddd9947ebb5f638dcb4e20c5f2f55ee55938a85660c650c519c2,2.086162567138672e-07
canonical_p3__mobley_172879__cluster_3water__orientation,mobley_172879,orientation,bf75019913131e1fefd1.npz,82c3a88d61f4835b9842558f8e0366f10263102cd88dbb42fce2b02144c172df,-2.9802322387695312e-08
canonical_p3__mobley_2261979__cluster_3water__compressed,mobley_2261979,compressed,d3033d301bf8c5c98538.npz,08b05ecadf64d176b85f3c38ee0f83428aeda621a0ce818bde27272b0eb6607a,-9.313225746154785e-09
canonical_p3__mobley_2261979__cluster_3water__cooperative,mobley_2261979,cooperative,4686ac39a5c9edfa5c17.npz,1da474c6baa6927ea867307dd86bde56caf034a691b5fe5e7e3d49af5095835e,-1.3969838619232178e-07
canonical_p3__mobley_2261979__cluster_3water__equilibrium,mobley_2261979,equilibrium,40c7cc93829aea28f03d.npz,71dd2f474d017965d554e68327ffef7a6d2980a264ffd71ae9c0ebc762451d88,-1.0803341865539551e-07
canonical_p3__mobley_2261979__cluster_3water__orientation,mobley_2261979,orientation,6e5127b429a51fffcd42.npz,8436c7666241afea8ae34b3ac0e9e7de52a2e849ac9d177a412f328a3b3dc641,-3.725290298461914e-09
canonical_p3__mobley_2689721__cluster_3water__compressed,mobley_2689721,compressed,0a305041f10ad96304f2.npz,d4e7ec15293651bc6240d091a548929ad041cd036960a08f87e9d7818b70d429,2.2351741790771484e-08
canonical_p3__mobley_2689721__cluster_3water__cooperative,mobley_2689721,cooperative,25601b4869411491bd0f.npz,2a3a0d1f54edb1cc9cca9cffea5d5f79b1495cbdb77b439e7ed4d6218810ddcd,-3.166496753692627e-08
canonical_p3__mobley_2689721__cluster_3water__equilibrium,mobley_2689721,equilibrium,0429dadaef79de8da24c.npz,a8992002b8374f3adc2aed67076ede1e00ad53e1582e0f4723fdee1f3fadca8f,-2.60770320892334e-08
canonical_p3__mobley_2689721__cluster_3water__orientation,mobley_2689721,orientation,dab69b65debfeee410dd.npz,daa259fb90097cd233e5d2bf7c2201e3df0e9066f073f7449039cd31876c8e01,1.862645149230957e-08
canonical_p3__mobley_2727678__cluster_3water__compressed,mobley_2727678,compressed,f1798f6619f054540c47.npz,0af910db3fe3abdaa256cbae5bafc0c41fe568edcc58bb92ed219753e274adb2,-5.774199962615967e-08
canonical_p3__mobley_2727678__cluster_3water__cooperative,mobley_2727678,cooperative,18c13e36b83c4df77536.npz,3f435440fd76fc354eea411eac4df10b4a19f9a2639995ed49d432b12e6e06eb,1.862645149230957e-08
canonical_p3__mobley_2727678__cluster_3water__equilibrium,mobley_2727678,equilibrium,0e21427b240a8473490f.npz,654c57b3a0c5b3f82a5902552e19c1787ba62c7ba75d437140ce0924c65eccd6,3.166496753692627e-08
canonical_p3__mobley_2727678__cluster_3water__orientation,mobley_2727678,orientation,483de541b71331982617.npz,3c2722de444f47f2bc0b597d56a2e17de6f8228c6684f6a0d8460367796d4fdf,-3.5390257835388184e-08
canonical_p3__mobley_3047364__cluster_3water__compressed,mobley_3047364,compressed,f30409eda4869155c3b3.npz,faa0c1c910dc4f05ed52e677191219fd4b9f143455d5255f6fd60f6314317568,5.21540641784668e-08
canonical_p3__mobley_3047364__cluster_3water__cooperative,mobley_3047364,cooperative,7f9320e31e6d34599279.npz,6eb2a3a5bae43450df0eef1cb6d4f133c5c833620813356a71a25add02f2d2af,2.421438694000244e-08
canonical_p3__mobley_3047364__cluster_3water__equilibrium,mobley_3047364,equilibrium,cb05ebb922d3d06fd93b.npz,fcebf059f36e794109128e014ff78b927fe4fa6b2d28fba751d561f2595089c4,-7.636845111846924e-08
canonical_p3__mobley_3047364__cluster_3water__orientation,mobley_3047364,orientation,99316b29b96fa60f341c.npz,934ae9d799e7f34967dab7bd5eac153502f2e232a06caa2056b87e042c2d0fd4,3.166496753692627e-08
canonical_p3__mobley_3709920__cluster_3water__compressed,mobley_3709920,compressed,c2c505eb2d756e2fbf06.npz,53624529bea4c36b5808e292e16f7931af7b3e028be9b15108fe7b9555cfb373,2.421438694000244e-08
canonical_p3__mobley_3709920__cluster_3water__cooperative,mobley_3709920,cooperative,113e324bf2b25ae204d7.npz,07596470340b1c64e12d743eda4b7a2aff514b3856614583b259df5ff1278d95,-3.5390257835388184e-08
canonical_p3__mobley_3709920__cluster_3water__equilibrium,mobley_3709920,equilibrium,c8a2ba25e40ca93499e5.npz,b49e8f4ac1bcd500e3afb586b789a0586dc4f1a2d7436c672600d004d1c419d3,1.30385160446167e-08
canonical_p3__mobley_3709920__cluster_3water__orientation,mobley_3709920,orientation,66247784c082babf59b0.npz,84475a2b6ed93b0701ca5cd288179a4abb4e303811e76f01eb84d638fc5c6bce,-4.842877388000488e-08
canonical_p3__mobley_3777264__cluster_3water__compressed,mobley_3777264,compressed,5a82268dc6d07c98facd.npz,af31b3853efa6a11338614aa48a38840b652555ef63e7a226225352bf68fddf3,-4.470348358154297e-08
canonical_p3__mobley_3777264__cluster_3water__cooperative,mobley_3777264,cooperative,443de577c5cb09865e60.npz,15f627370701966b382d2321708737d4398479251f6cf2f0c914ed7f372f72cf,-9.872019290924072e-08
canonical_p3__mobley_3777264__cluster_3water__equilibrium,mobley_3777264,equilibrium,d74799c2b37c3ee8b4b2.npz,425ada1c690241f0956614231cdfb56688b236fb4e69c5e29f8ffc6c98e89d10,-6.705522537231445e-08
canonical_p3__mobley_3777264__cluster_3water__orientation,mobley_3777264,orientation,56e3609bfc2ce30fa3ab.npz,22e5f75d06c7a3cf1f2e9b62eb6bdf63ecb7b45a781d5fc80d5760d943bd430e,-1.564621925354004e-07
canonical_p3__mobley_4479135__cluster_3water__compressed,mobley_4479135,compressed,16158ec3995a5a469ff0.npz,13a93ebf8dac3eace04a3a02ddbc9686776a4a9aac312954cadaa0c75171a684,-5.4016709327697754e-08
canonical_p3__mobley_4479135__cluster_3water__cooperative,mobley_4479135,cooperative,8d090653df26e01120d4.npz,41c6df59a45cce920b5886cff922c59d3dc5345c28accc5a4da06036c60f6ee4,1.955777406692505e-08
canonical_p3__mobley_4479135__cluster_3water__equilibrium,mobley_4479135,equilibrium,c12058cc08715cd7308c.npz,5f1652a922ce75499e2d730aacb6f86af7014016c962f5f1a0d5ca0fffc2f094,-4.6566128730773926e-08
canonical_p3__mobley_4479135__cluster_3water__orientation,mobley_4479135,orientation,677f492b49a8518855af.npz,b8c05dc0b2f678d98ec1511f305a5add1baf2452c23c71cbc55b46ca7e345c76,-9.313225746154785e-08
canonical_p3__mobley_4934872__cluster_3water__compressed,mobley_4934872,compressed,b2076ddf2184691db4f2.npz,9096f0b4b11a7a640d8f62f50a86347e28deb2bcb22720c163f9dece3806270e,-6.705522537231445e-08
canonical_p3__mobley_4934872__cluster_3water__cooperative,mobley_4934872,cooperative,1266946c09be7fb3c454.npz,0483d73fc191653bda54ea81a599bc1f7efe8e361e0c9cca5a2cc7e0a45f0b10,1.862645149230957e-08
canonical_p3__mobley_4934872__cluster_3water__equilibrium,mobley_4934872,equilibrium,194c5f5179482f70453f.npz,2b7ae69af2ef9b49440081c55500f81a641ac115befb45e5231a4eb15a43f49e,-8.754432201385498e-08
canonical_p3__mobley_4934872__cluster_3water__orientation,mobley_4934872,orientation,90c2a9e7f959cf4a6252.npz,fae13702a5f45fa780b2454ded6b7f2cbea259aade7dad146524847d7accc040,-2.0489096641540527e-08
canonical_p3__mobley_5200358__cluster_3water__compressed,mobley_5200358,compressed,2a77871603473f1fae25.npz,fee7f1fdee947ccebca75af3d87aafc70c2b1cc6f177360e7e36330d7c8d6aab,-8.195638656616211e-08
canonical_p3__mobley_5200358__cluster_3water__cooperative,mobley_5200358,cooperative,194223bdd346475ab437.npz,f931d352303487953c7cde701d1a5722c01f6c02a7a4a52dcb079bb690f53b57,-1.6763806343078613e-08
canonical_p3__mobley_5200358__cluster_3water__equilibrium,mobley_5200358,equilibrium,cf6da9d37c7700617a6b.npz,388fdf9898e16f9eb6a35cba4e0f7e3ef6306414c56dc2e44175e3ab88099860,9.313225746154785e-10
canonical_p3__mobley_5200358__cluster_3water__orientation,mobley_5200358,orientation,15b634dc91f00bbe9df3.npz,22be9b39d39188b68788eba58a36f5676c58c57b5a78683753e17175e884f7e7,1.2852251529693604e-07
canonical_p3__mobley_6239320__cluster_3water__compressed,mobley_6239320,compressed,1697be9e8d13dccf829c.npz,6c7cbec7f5d3ae54fc1f158e5893db8e5aca3d82605055fbbb2827295ffca459,-1.862645149230957e-08
canonical_p3__mobley_6239320__cluster_3water__cooperative,mobley_6239320,cooperative,b71f612b7cb21dd1edfc.npz,2c74c86f129c82d0bc45bc26e35d17f849291a67a5af3e6c24b4e7c78a5b537e,-2.2351741790771484e-08
canonical_p3__mobley_6239320__cluster_3water__equilibrium,mobley_6239320,equilibrium,4e2e58e1b75c19c3db30.npz,ff3e8ceb45ebd58070c30bfbaf7747b16915d822d7a6f730113465cf96ae6bbc,2.2351741790771484e-08
canonical_p3__mobley_6239320__cluster_3water__orientation,mobley_6239320,orientation,52f5c2c38b6e4f4452d1.npz,b05575377651237a229087f0f3caf29dd83d29f8abd4429decf60d312c9d3fd3,1.4901161193847656e-08
canonical_p3__mobley_7578802__cluster_3water__compressed,mobley_7578802,compressed,da3e73533ecc0e0f9162.npz,64fdd4c257edf771b3dc57702a50146671630032d02a047a11820ecea96ae20c,-3.725290298461914e-08
canonical_p3__mobley_7578802__cluster_3water__cooperative,mobley_7578802,cooperative,a8cb55137c0549e8ab6b.npz,512288e40d4d4ddeb01ed8313f0821313ec6bfbf564cda9559c17a722fdfc28a,-3.725290298461914e-08
canonical_p3__mobley_7578802__cluster_3water__equilibrium,mobley_7578802,equilibrium,d7d6a2e406e95a65baca.npz,34a994f402e7b8c44de82d3ad5bf34fe414b7427530f8b824bf3e88d653ce9cd,3.725290298461914e-09
canonical_p3__mobley_7578802__cluster_3water__orientation,mobley_7578802,orientation,971982b9a767d3571bc1.npz,6466153654576a24026a36fec0abf147468b04d2f3e0e8a1c57ab39af2b9dc4c,3.3527612686157227e-08
canonical_p3__mobley_8337722__cluster_3water__compressed,mobley_8337722,compressed,69bdf3e032e52ba9e449.npz,27bbdf8e8fdb146766a5cb599025f6a620500e5a1a93c73f15d939d306f3d8d2,3.725290298461914e-09
canonical_p3__mobley_8337722__cluster_3water__cooperative,mobley_8337722,cooperative,b14b38ebe84c5cf756a0.npz,f5aeefbd5a1106e27a51b32edd9236f8b15f9632c304ec99505dc30ce25bc35c,3.725290298461914e-08
canonical_p3__mobley_8337722__cluster_3water__equilibrium,mobley_8337722,equilibrium,7bb994fd94b5a2f07563.npz,5c87ca92514b5fda93c6fe1bafbdec54c540d94981c0214f6b97704fc2ed6adf,-3.91155481338501e-08
canonical_p3__mobley_8337722__cluster_3water__orientation,mobley_8337722,orientation,26cb73e085475fd63ed2.npz,a4ba88fc50549c7a5acc34b6b5985dbf81c5662e0695b124cb97dc363f41118a,2.0023435354232788e-08
canonical_p3__mobley_9007496__cluster_3water__compressed,mobley_9007496,compressed,1b7d58b703c12d1e37a4.npz,7eee5c13ffac1ebe64591e1f04a26598f6016857da93f079800e332f062a26bd,-6.51925802230835e-08
canonical_p3__mobley_9007496__cluster_3water__cooperative,mobley_9007496,cooperative,0c31dfd5d57dc31746cf.npz,f4212bff48bc0a528ad087ae0cc9e9e57554f06f534bd60e8841181ea5062010,3.725290298461914e-08
canonical_p3__mobley_9007496__cluster_3water__equilibrium,mobley_9007496,equilibrium,d2841267182887ac167d.npz,68872a55647d731e5faac1727f585c4c3f80b0d50e989dc6a902dc2acded73ff,-8.381903171539307e-08
canonical_p3__mobley_9007496__cluster_3water__orientation,mobley_9007496,orientation,3bbed0b357fcdf7321a2.npz,f44191ce0eb66f3f70927853601be5c026bc70320416496c702e6ed0221fac51,-1.043081283569336e-07
canonical_p3__mobley_9460824__cluster_3water__compressed,mobley_9460824,compressed,d39233a62211d087aa7f.npz,db2d816df6424aa9d84350b13b219984b520e102b77244ef5b4ba26990c8d471,-1.2665987014770508e-07
canonical_p3__mobley_9460824__cluster_3water__cooperative,mobley_9460824,cooperative,adf2ce317750f1e4cbf0.npz,969df919f786b48d3263c2558869feed9b1c1dc211d6b8975bebcd9ecf5ab1e5,-8.195638656616211e-08
canonical_p3__mobley_9460824__cluster_3water__equilibrium,mobley_9460824,equilibrium,44b3282b650dec703bcd.npz,0a5594516273eed97fc8a47ccd332947b32b792dc843e1921833223a9c953491,-9.685754776000977e-08
canonical_p3__mobley_9460824__cluster_3water__orientation,mobley_9460824,orientation,5766db1cb95aac4d1826.npz,06e0e29dd96493ff6f585b37d4bbef817eb424fe88a2678edadbb59534e34ce2,-8.568167686462402e-08
canonical_p3__mobley_9534740__cluster_3water__compressed,mobley_9534740,compressed,29387de4632b6ac3879c.npz,2e63674c0c9329a5dd27cf1aa7ce7d5cf28861fe82119015b2ef0211271212e9,-1.0617077350616455e-07
canonical_p3__mobley_9534740__cluster_3water__cooperative,mobley_9534740,cooperative,451dd296a9653c8e52fb.npz,78a87b286dec5e6c889e334e6a2a8f860e35fd98f2aa4ceacbdde181be9e2610,5.587935447692871e-09
canonical_p3__mobley_9534740__cluster_3water__equilibrium,mobley_9534740,equilibrium,a134c2c15bfd37ccfed5.npz,0425dd4520a9272eb0a0b0379c0f949268bb6f739dd40d99858fc3b1069cc8ad,-5.774199962615967e-08
canonical_p3__mobley_9534740__cluster_3water__orientation,mobley_9534740,orientation,7f1db0ac3e415f52acf4.npz,ee408ad9c3f5b671ec2477730b6e101b43f4cafe2218b751e03513d0246b55dd,6.51925802230835e-08
canonical_p3__mobley_9741965__cluster_3water__compressed,mobley_9741965,compressed,d9caaff0296a7c0fc790.npz,4c2091b174517c7b1f84159981865a3df06be30de157868ef87f598cdd92f64e,7.82310962677002e-08
canonical_p3__mobley_9741965__cluster_3water__cooperative,mobley_9741965,cooperative,7057dba6488887a2fbef.npz,4c642dc5b3140db6b5b7f1f2eaf8c922f4915e5ea21b197bc75ba774ef372161,-1.1175870895385742e-08
canonical_p3__mobley_9741965__cluster_3water__equilibrium,mobley_9741965,equilibrium,e33c604a3a8457ede4a1.npz,24c81fc0c12fe220dedd439861b3c6e50556c0e2fbff81490d946bb625725e40,7.450580596923828e-09
canonical_p3__mobley_9741965__cluster_3water__orientation,mobley_9741965,orientation,518a105bbfee998aca42.npz,1fb2b3dcd3f027e2a60cfc0a5b63051beed6a52a2d385fadce6700f10a9322f1,1.4901161193847656e-08
