config_id,molecule_id,regime,n_waters,observable_file,n_esp_points,delta_esp_rms_hartree_per_e,distributed_qu_fit_nrmse_pct,delta_dipole_norm_debye,runtime_seconds,observable_sha256
canonical_p3__mobley_1278715__cluster_3water__compressed,mobley_1278715,compressed,3,8ccac7912fbd74fd481d.npz,544,0.0019284949544780459,11.208515251437758,0.18599609068857703,34.17121871607378,eba3eeee8d26b765aaae99922aa5dc02dbddb2501ea5ba57ac0600233ce41caa
canonical_p3__mobley_1278715__cluster_3water__cooperative,mobley_1278715,cooperative,3,ece44fb48e99e7726bbe.npz,540,0.0014284347635785703,11.028571519867397,0.3560818887301543,32.6710430260282,2113c1cf24815259f357bed679c2a9f5a12fd9f4398c7b0fe8931b3cd8a6beac
canonical_p3__mobley_1278715__cluster_3water__equilibrium,mobley_1278715,equilibrium,3,2835e0c709d6c1bec778.npz,526,0.005403935603317858,3.828269034202899,1.5027711550314287,34.43963799683843,df6beea9550add8c321f5e7decf9a672318bfb01036ba45b00ba3923c908bba2
canonical_p3__mobley_1278715__cluster_3water__orientation,mobley_1278715,orientation,3,e947ea722ef7abd413e9.npz,522,0.002824798495022133,6.9112486549574115,0.5390129388810952,35.360621635918505,76cf15b8f489da5985d498bcedcab9dffb3e51e5cef6bd7fb45abd50b86474d7
canonical_p3__mobley_1352110__cluster_3water__compressed,mobley_1352110,compressed,3,edb53eb418b1bef4cf89.npz,1246,0.0022702276024774534,1.615420818599802,0.9225417665268273,130.75858921092004,111063e0172ffbe473aadaca10143d5bf1e2af502518f605e9e470417cebd968
canonical_p3__mobley_1352110__cluster_3water__cooperative,mobley_1352110,cooperative,3,7e9ca8ea4c5ed067ac91.npz,1272,0.001652260402393785,1.393500062684072,0.5875335637597314,128.97754789807368,d66db2df82b654c2b9b53674d393d371659804f8def2844b7b5ef7ac1d93c71d
canonical_p3__mobley_1352110__cluster_3water__equilibrium,mobley_1352110,equilibrium,3,1a5ca5112082891d7e42.npz,1290,0.0018007114064644027,2.1431163318937427,0.6659388930835083,135.56120368500706,cae57e6b0280d8022dda6ed75360a1be1521733e6697e90d63b92bd681d71fc4
canonical_p3__mobley_1352110__cluster_3water__orientation,mobley_1352110,orientation,3,abf003d0d17851b773d8.npz,1288,0.001751270541986552,2.1161978018501983,0.4871044348153389,134.93736115586944,1f96cd59c91652b979ccd08ebfc3ede7996307cc8173ad75a097bfd7a409d9bb
canonical_p3__mobley_1723043__cluster_3water__compressed,mobley_1723043,compressed,3,e717b3e38251180ad2a2.npz,647,0.0032953486215342837,2.000177846403506,1.0183390950279807,50.40231706900522,dbdee43a27a73f35aeaf7bfa6793e7f4587f6dd222cc77ed6429f47c56d70590
canonical_p3__mobley_1723043__cluster_3water__cooperative,mobley_1723043,cooperative,3,ff5c8d8b6fe9d6ca88e9.npz,643,0.002217344196767123,1.4535851436745195,0.5691317936042286,47.96730562893208,8ede1385922b392b9f30e3a92851b514022abe312dce2a5e772fd5cca7d51631
canonical_p3__mobley_1723043__cluster_3water__equilibrium,mobley_1723043,equilibrium,3,c9ac95845ecc9e19087f.npz,677,0.0013792533562085188,2.6985368044792746,0.3718883747885131,51.09280332084745,5f119862c230e9c578278cbc56209a3108abd621eca3b243b2699734907f6ec4
canonical_p3__mobley_1723043__cluster_3water__orientation,mobley_1723043,orientation,3,838e06893626e0b20ad1.npz,684,0.0016169825489842319,2.2555641663302364,0.3746135195357166,50.54482800385449,68223e7a0eba046e1e838787b38473e8e6b6896f50f6a60a82959805bd05a3ea
canonical_p3__mobley_172879__cluster_3water__compressed,mobley_172879,compressed,3,c370d443d428de4702da.npz,978,0.0033081916921525,1.4407537244787099,1.0772521502200443,87.63527977792546,f01825b5cb75fbb537a9eaa4cc5c8c8eaec4a506309bb035509247b85256d7f5
canonical_p3__mobley_172879__cluster_3water__cooperative,mobley_172879,cooperative,3,0d1569ec810d8244eb48.npz,993,0.0028447739667871305,1.5113703535116607,0.9223036111501974,87.90022567589767,0e677d1c054cb15ef201ec9681cf15756c5452982393e526002f458fc56056c2
canonical_p3__mobley_172879__cluster_3water__equilibrium,mobley_172879,equilibrium,3,46d30fa961b94eb2f2f8.npz,1037,0.0029437278932920373,1.9292461126019391,1.1721668735761714,90.8713374530198,d64d6f7f25da0b4fa6e6d4b32feb31fa8d40eac8d62be2e69e1a0473d9d6d511
canonical_p3__mobley_172879__cluster_3water__orientation,mobley_172879,orientation,3,bf75019913131e1fefd1.npz,1020,0.0021421005750106733,2.829562681456263,0.737026684851106,90.42953330511227,b0157b087b2ed0cde5f167b9b4fb070de5715cb5099b57d08dc0625331acc36f
canonical_p3__mobley_2261979__cluster_3water__compressed,mobley_2261979,compressed,3,d3033d301bf8c5c98538.npz,977,0.003035651694526645,1.2933297793343175,0.9198136847777584,76.33273848390672,bf5029fd010509b09018e24226c6b2eeefce91bfebcb321a4b69ec2fbdc15961
canonical_p3__mobley_2261979__cluster_3water__cooperative,mobley_2261979,cooperative,3,4686ac39a5c9edfa5c17.npz,964,0.0028877744802678932,1.5909907322155035,0.7833530011828854,74.39782832795754,053b28e8e21f6296e8321463f965263de9cabf676e99616e45d3551efcf95aac
canonical_p3__mobley_2261979__cluster_3water__equilibrium,mobley_2261979,equilibrium,3,40c7cc93829aea28f03d.npz,967,0.005768685223221664,1.7079470106602814,1.8708300266499083,81.57806120405439,3df0192aea41268618cac9a83c80f07a574f365617a721354eeb8f7357ccef19
canonical_p3__mobley_2261979__cluster_3water__orientation,mobley_2261979,orientation,3,6e5127b429a51fffcd42.npz,953,0.0018799583896785396,4.035302423753163,0.33829855579771984,81.88178239495028,9237b5e102ce930ce960f76e389fc895be27f7d5d495c0d01de9db68441ef5eb
canonical_p3__mobley_2689721__cluster_3water__compressed,mobley_2689721,compressed,3,0a305041f10ad96304f2.npz,804,0.0027320309400597847,1.9450185823565251,0.7745222485538897,29.569451025803573,4474326dca21dbc6efc473b8c29d23e866450a12120dc9c35c1fb01d9eb69ce1
canonical_p3__mobley_2689721__cluster_3water__cooperative,mobley_2689721,cooperative,3,25601b4869411491bd0f.npz,820,0.002299823076855297,1.7400099334683021,0.6341871212787961,29.671482830890454,c9e5e999a939467aa2639ac2b075d2a374a4b9ba37cca6bf0af5e6b5c07a3187
canonical_p3__mobley_2689721__cluster_3water__equilibrium,mobley_2689721,equilibrium,3,0429dadaef79de8da24c.npz,820,0.0026129890240435445,2.333281295682475,0.5601548773044065,31.669780318974517,d7dd6a6c14d431db2e795fb392d9ad29ae67666994edd7c53094e3e3275ffe1a
canonical_p3__mobley_2689721__cluster_3water__orientation,mobley_2689721,orientation,3,dab69b65debfeee410dd.npz,841,0.0017189686641205357,3.564926176214836,0.2696601924167924,31.67323283292353,95fd607d5b62aa4ade129d6e00ded3f1bc666b7036c8efa5cbe1d93026ccfede
canonical_p3__mobley_2727678__cluster_3water__compressed,mobley_2727678,compressed,3,f1798f6619f054540c47.npz,662,0.0031157557319420686,3.0264836202670207,0.760871380797462,407.5429161270149,8aeeddf6caa671bde9bdeb669da9048c49eafd195df7ccb5fbfa67654572f6c7
canonical_p3__mobley_2727678__cluster_3water__cooperative,mobley_2727678,cooperative,3,18c13e36b83c4df77536.npz,693,0.0035781307506173583,6.824561062031771,1.2579177171351512,107.43362900801003,0f58f3da40d1e7887c2d5c83bf48e48027cad3ee7d5109b692d0ae662b69c5de
canonical_p3__mobley_2727678__cluster_3water__equilibrium,mobley_2727678,equilibrium,3,0e21427b240a8473490f.npz,689,0.0057254275779888225,34.340727098290266,1.1945500239269555,197.50023422611412,1e3142b095cc4947346180272f6a4a4f2a1099900bbdf8e1b872aeadf7b242f7
canonical_p3__mobley_2727678__cluster_3water__orientation,mobley_2727678,orientation,3,483de541b71331982617.npz,696,0.009020594109723131,31.12532122936554,0.5374555037554205,343.6262809121981,25d6243700dc69009aff440a67f791234785131130ce496fca7924f6051dcd31
canonical_p3__mobley_3047364__cluster_3water__compressed,mobley_3047364,compressed,3,f30409eda4869155c3b3.npz,1225,0.0019036066780188253,1.9991887194900297,0.7010431914288477,142.95705756696407,21792ed0ad348436e728de089ec537b4822e1594d9d6a13b5705c6e6d295840a
canonical_p3__mobley_3047364__cluster_3water__cooperative,mobley_3047364,cooperative,3,7f9320e31e6d34599279.npz,1238,0.0015670489485587248,1.3040117133081366,0.6730255971725935,138.66492325509898,518edaf4df95988badd5139a2085be7b8dfd5dcdd7239b8f363db1734ccbbc77
canonical_p3__mobley_3047364__cluster_3water__equilibrium,mobley_3047364,equilibrium,3,cb05ebb922d3d06fd93b.npz,1255,0.0018359041725090753,2.8538636664175163,0.2520193947987261,152.44571842998266,6706106b47f762981024aa35aa37abf261a9713a6b4643a7e3497967eb88843c
canonical_p3__mobley_3047364__cluster_3water__orientation,mobley_3047364,orientation,3,99316b29b96fa60f341c.npz,1246,0.0020260491023163744,2.711612047415016,0.36529269957899546,153.0594043919118,f01388c33dfd4f76d31b847eaff85fb4bb4b42865d9a64136b54e6899efa72c7
canonical_p3__mobley_3709920__cluster_3water__compressed,mobley_3709920,compressed,3,c2c505eb2d756e2fbf06.npz,1099,0.0018140041543257077,1.574836020888277,0.6330691370052982,56.26046520099044,7a01a4b2d5e66b34c1cb9a68a1c22b1b4fcca5e10dbc6ec98089460a0e3443a3
canonical_p3__mobley_3709920__cluster_3water__cooperative,mobley_3709920,cooperative,3,113e324bf2b25ae204d7.npz,1098,0.0015377903774367824,1.8551029078863972,0.5792541212471477,55.66358478611801,e33238b6e898201f9797ed7470b7c1d46bd50c1c1fdf57937ff0af008d899b43
canonical_p3__mobley_3709920__cluster_3water__equilibrium,mobley_3709920,equilibrium,3,c8a2ba25e40ca93499e5.npz,1119,0.0019372162033074387,2.6702679062384664,0.7077128149364338,59.76281516905874,878756db65d31e310dcf3930cb55b0f967fb2f7a3b75d8a61ef9002b2525f496
canonical_p3__mobley_3709920__cluster_3water__orientation,mobley_3709920,orientation,3,66247784c082babf59b0.npz,1138,0.0012863784504999274,3.1197390473934696,0.3597129681903598,59.52807921497151,84ab22f59746b0e73694aa0485e0049cacf6c5c5380c00d8a153ba1bfb965fd4
canonical_p3__mobley_3777264__cluster_3water__compressed,mobley_3777264,compressed,3,5a82268dc6d07c98facd.npz,779,0.0045920502947541285,2.390555042751579,1.7298098117574547,49.20469887414947,8a4600ccd815b219a6d089e5152c73fec9775b7e820de31f4999e455947abb4b
canonical_p3__mobley_3777264__cluster_3water__cooperative,mobley_3777264,cooperative,3,443de577c5cb09865e60.npz,779,0.003237484479928459,2.1582241765909083,0.7589607458808613,49.583087809965946,ac07b9c607172ae6d5efebc9b25fca2a0065239fcc9cb21d2682f0e2959f9886
canonical_p3__mobley_3777264__cluster_3water__equilibrium,mobley_3777264,equilibrium,3,d74799c2b37c3ee8b4b2.npz,800,0.005859360732786864,1.8174423580445944,1.3274196015145285,50.37253983493429,277c5c998cfa89942e3ca318ddf574d1c773425a4fc80c62923dc838b29a7118
canonical_p3__mobley_3777264__cluster_3water__orientation,mobley_3777264,orientation,3,56e3609bfc2ce30fa3ab.npz,793,0.0027829513986589163,5.576085673048389,0.3335685390679669,51.555152275948785,8b19eb179820cd04df58583e77d9ef25294bf451551c83b8a7c3fb3fc59e791d
canonical_p3__mobley_4479135__cluster_3water__compressed,mobley_4479135,compressed,3,16158ec3995a5a469ff0.npz,1069,0.0030103280886151153,1.8770208487803492,1.1704900199859967,99.21771796408575,ee57e01cf39e12d1996be02d15d127b00864d8be36a543a200fad06babe8f43a
canonical_p3__mobley_4479135__cluster_3water__cooperative,mobley_4479135,cooperative,3,8d090653df26e01120d4.npz,1081,0.002266226343692475,1.8375186828093952,0.789083199755322,94.03068036597688,eb39b5ea5961a7ef56ea3b3a7a1b36ab2dc68a79750b171014f1f843b5823a37
canonical_p3__mobley_4479135__cluster_3water__equilibrium,mobley_4479135,equilibrium,3,c12058cc08715cd7308c.npz,1125,0.0020592293866887666,3.1413477450418297,0.4313054889876995,101.68211720511317,7e8ec886a67bcb32b38f38dc752b75b3f10a1a02ae1e92703b787d950790f7e4
canonical_p3__mobley_4479135__cluster_3water__orientation,mobley_4479135,orientation,3,677f492b49a8518855af.npz,1107,0.0020011526265537823,3.524226736839599,0.6304283056162786,101.7648170790635,5ffd490220f1cc5c2ed4d2af10fcf7cf3a1803d26fc17460d6fd5dfe47f4b8d4
canonical_p3__mobley_4934872__cluster_3water__compressed,mobley_4934872,compressed,3,b2076ddf2184691db4f2.npz,1198,0.002313059667293031,1.9823108776384004,0.6214482375172727,129.82213891798165,b267259a27a872ce27fcdd2450a8470607190d92d138091b4a0454e2deb72bb8
canonical_p3__mobley_4934872__cluster_3water__cooperative,mobley_4934872,cooperative,3,1266946c09be7fb3c454.npz,1212,0.0018942073142387621,1.7021718543583602,0.5755867939918761,125.26652112498414,20ed177ada9c19594b4ed93cae54b3f60afe52cd783ef8cdf9d48b45640d64f2
canonical_p3__mobley_4934872__cluster_3water__equilibrium,mobley_4934872,equilibrium,3,194c5f5179482f70453f.npz,1215,0.002674756527047219,2.0611848488506164,0.8310296420721052,132.28503516002093,b7349f69f89e7797d3e226489d4f92b9f47f61d875a7ce61a7deaeb80a99affc
canonical_p3__mobley_4934872__cluster_3water__orientation,mobley_4934872,orientation,3,90c2a9e7f959cf4a6252.npz,1205,0.0024141253075471297,2.270032933125115,0.49316270092303416,133.18244466290344,0b30f49dda0378e9076442f00258585ac604a7fbb13833271c335f95e5120793
canonical_p3__mobley_5200358__cluster_3water__compressed,mobley_5200358,compressed,3,2a77871603473f1fae25.npz,1024,0.004946553210528566,2.688146641668371,1.9338318268479808,98.66822510503698,2406a7b3eb1c921ca0ee6dcf12145dc4c72c12baf8289bb2d15c632ead8abf59
canonical_p3__mobley_5200358__cluster_3water__cooperative,mobley_5200358,cooperative,3,194223bdd346475ab437.npz,1023,0.0019443494645363204,1.7697590912674315,0.789099568246881,93.10119732213207,31cb0d2f7e40ac9eb2e764f2ec4909baa241aa87fb83a82fb89ac615a760d302
canonical_p3__mobley_5200358__cluster_3water__equilibrium,mobley_5200358,equilibrium,3,cf6da9d37c7700617a6b.npz,1009,0.0024808982778225506,3.142411042051518,0.7387392075085584,103.73438199504744,b227402d4bbb179f8045d5b53f2612682dec838b61b4e8c76f41b03bc420faa7
canonical_p3__mobley_5200358__cluster_3water__orientation,mobley_5200358,orientation,3,15b634dc91f00bbe9df3.npz,1035,0.00246239974614187,3.0947158610982037,0.4652995337162825,104.05498205393087,a39851d32f43f3ebdd613a041304ca19d878f9eddaf3b51d6a7749f49af3a566
canonical_p3__mobley_6239320__cluster_3water__compressed,mobley_6239320,compressed,3,1697be9e8d13dccf829c.npz,690,0.00443457944723406,3.4720135601685733,1.2888036241739915,32.85873336403165,3e05be15a836f5eb9187d498ddc464d6bbcbae458835a28467f7a0118026b2ad
canonical_p3__mobley_6239320__cluster_3water__cooperative,mobley_6239320,cooperative,3,b71f612b7cb21dd1edfc.npz,684,0.003108168784922087,1.999991584128303,0.28266930385344274,32.68928878812585,8d30206a43f7234770936d55f30c94f2e4dd54aa8a7ccf7aa5e812ff707c97b8
canonical_p3__mobley_6239320__cluster_3water__equilibrium,mobley_6239320,equilibrium,3,4e2e58e1b75c19c3db30.npz,733,0.003221717775423811,4.805741082572324,0.3350317985270149,34.31103632110171,6d8538187d7b3206db5b739b7ed7ae68f811703ba6e8cfefd8b47ca9730e207d
canonical_p3__mobley_6239320__cluster_3water__orientation,mobley_6239320,orientation,3,52f5c2c38b6e4f4452d1.npz,743,0.003116751192309416,3.7745046517491154,0.7265617707267795,33.64399177511223,7fa9b659f2c17560369a4942fad9b141b40e9664642b4bd5a0c10a0b0b4701a4
canonical_p3__mobley_7578802__cluster_3water__compressed,mobley_7578802,compressed,3,da3e73533ecc0e0f9162.npz,471,0.006780937547648011,4.95677854346918,1.5249181646526275,20.804662905051373,345b33c72ceaed3e3b745151f876ed7654817186c603a052e8c468dc8d604279
canonical_p3__mobley_7578802__cluster_3water__cooperative,mobley_7578802,cooperative,3,a8cb55137c0549e8ab6b.npz,466,0.0014506081288087277,11.144906577886983,0.37958729201362984,20.9155487640528,056e809b8a445b90aec7a77452fb810d4737830826dc49d939bf9b97c7721ef4
canonical_p3__mobley_7578802__cluster_3water__equilibrium,mobley_7578802,equilibrium,3,d7d6a2e406e95a65baca.npz,497,0.00677471902130181,4.2754907125548085,1.6545536326822892,21.398739025229588,c763357784a3255f311abfc3facdbcb053a70a221b176a00c5e9235dbd98cef0
canonical_p3__mobley_7578802__cluster_3water__orientation,mobley_7578802,orientation,3,971982b9a767d3571bc1.npz,505,0.00869844695478436,2.482413689299602,2.1743390062564933,21.43328597396612,60a2d94fdaa86be8af24527c2464c2225ba22f06a627730a8fbe276a559127c8
canonical_p3__mobley_8337722__cluster_3water__compressed,mobley_8337722,compressed,3,69bdf3e032e52ba9e449.npz,1131,0.0021093035390088136,1.6678350053712547,0.7484062834566272,91.74146264512092,6021127d28c8c894d19abed878dfa6bed4fae7e2939cd2a6df8901898cb10925
canonical_p3__mobley_8337722__cluster_3water__cooperative,mobley_8337722,cooperative,3,b14b38ebe84c5cf756a0.npz,1119,0.002240963169927911,1.9287252417936411,0.8067502310929597,93.32033965107985,218ce110dabc910dc81387788e6a56dbef3789a5f6fed9862576f4b2920322d3
canonical_p3__mobley_8337722__cluster_3water__equilibrium,mobley_8337722,equilibrium,3,7bb994fd94b5a2f07563.npz,1104,0.0027301423600277317,2.7337551837529737,0.3032970209468197,97.14682775503024,d7c5caa710de8adc33a2ea7eb928a0aeb2815e088ed3ed6badf46bb0f88aec26
canonical_p3__mobley_8337722__cluster_3water__orientation,mobley_8337722,orientation,3,26cb73e085475fd63ed2.npz,1104,0.0028858063702094923,2.5677520979368333,0.7935664668700506,96.94243455398828,47f2febbcdd18e53a17499e5622e0114fe7c9fcc3d6e1dc88b142faaf646a6dc
canonical_p3__mobley_9007496__cluster_3water__compressed,mobley_9007496,compressed,3,1b7d58b703c12d1e37a4.npz,1049,0.004615803151861506,2.1073368880831826,1.4429408510081831,133.70225662714802,45784e36d7cd621439e33fc4dc32c7f43b69619d8e8be131f0f96279cada2ec6
canonical_p3__mobley_9007496__cluster_3water__cooperative,mobley_9007496,cooperative,3,0c31dfd5d57dc31746cf.npz,1107,0.002425084843118011,1.6965023923131641,0.7321499428936626,120.404168110108,282461f57440c570c95c9cb607e2317998c987cee789ab84d60dce59ac1695ba
canonical_p3__mobley_9007496__cluster_3water__equilibrium,mobley_9007496,equilibrium,3,d2841267182887ac167d.npz,1088,0.005369352709852751,1.9276101424802259,1.4658403453603526,129.07350483594928,b3ecd4aaf5f30470849fda11dbfe88b9b18ce39645539eea33d2bbfa96211c46
canonical_p3__mobley_9007496__cluster_3water__orientation,mobley_9007496,orientation,3,3bbed0b357fcdf7321a2.npz,1090,0.003987668642517896,2.651936267354784,0.6111042517416108,129.0579904729966,a2993ec8b301584f40b9936de076838291b7e2e5df4ab227595d7290fb45ad83
canonical_p3__mobley_9460824__cluster_3water__compressed,mobley_9460824,compressed,3,d39233a62211d087aa7f.npz,1177,0.0019561083953536632,1.980622186470419,0.6566703145300985,139.66164376807865,65a63de711dd374e4ca26b33ad6cd610f8b5bcdad39e2fe5ef2046dbc3ac414d
canonical_p3__mobley_9460824__cluster_3water__cooperative,mobley_9460824,cooperative,3,adf2ce317750f1e4cbf0.npz,1202,0.001913614848084339,1.708466157330257,0.5484479800516288,140.795319651952,02f4a9b7ca6e1bd18fd1beea2d27915a67185f3b7b06dfc02c254eb18fdc1001
canonical_p3__mobley_9460824__cluster_3water__equilibrium,mobley_9460824,equilibrium,3,44b3282b650dec703bcd.npz,1212,0.0017501760580446335,2.5451189656216227,0.35560603799561313,142.72649771207944,46d3e7788d8ffb8007d86546992d40d726dcacec6ee0fb1904d63031c6436aeb
canonical_p3__mobley_9460824__cluster_3water__orientation,mobley_9460824,orientation,3,5766db1cb95aac4d1826.npz,1212,0.0024143425848303477,1.6538526125673267,1.083846649097282,144.41949022293556,db3985d4df09b9312da1e72cd72bf9fbb7df6f7416e5500000bbffddec0d1a12
canonical_p3__mobley_9534740__cluster_3water__compressed,mobley_9534740,compressed,3,29387de4632b6ac3879c.npz,939,0.002857501713294843,1.5985583049500371,0.9345378979018157,82.13573657197412,baa352217d28bf6d0e0a3f58f1a7d27e324f93dd3d4578cf3719e5cb48ac6430
canonical_p3__mobley_9534740__cluster_3water__cooperative,mobley_9534740,cooperative,3,451dd296a9653c8e52fb.npz,978,0.0028787385625658997,1.8670506504585973,0.6183417497912314,81.52153781906236,02e7e7157a8e73892a844693b3edf1c626b7e3cc73c1d78204b15e76aea3ef63
canonical_p3__mobley_9534740__cluster_3water__equilibrium,mobley_9534740,equilibrium,3,a134c2c15bfd37ccfed5.npz,936,0.003942432649171583,3.564876124318679,0.7851817724554814,87.12191553914454,f197ef6d7500327937eb7068c1a38eb531f966d747b01e780a3fdd729ae82228
canonical_p3__mobley_9534740__cluster_3water__orientation,mobley_9534740,orientation,3,7f1db0ac3e415f52acf4.npz,914,0.004215607238506535,2.419261184148281,1.3331686282552209,86.43996931205038,de8e84ac8c7e29a4b638fa42780dc69e60c43aafe707fc9b49f6e44c363d75e7
canonical_p3__mobley_9741965__cluster_3water__compressed,mobley_9741965,compressed,3,d9caaff0296a7c0fc790.npz,897,0.003680174994763236,1.9180663777203817,1.2688467998258368,73.34116546716541,f89d29156a85028036765c4dfa4e40fee2887335a72564699a0a612400f3a7b6
canonical_p3__mobley_9741965__cluster_3water__cooperative,mobley_9741965,cooperative,3,7057dba6488887a2fbef.npz,907,0.002337177820573037,2.137975655593644,0.9454757967890168,68.5706209379714,70494a1e84096bd3e386fdaf970cb07404a582c0ef2a6eac5f4a2da2195e9d39
canonical_p3__mobley_9741965__cluster_3water__equilibrium,mobley_9741965,equilibrium,3,e33c604a3a8457ede4a1.npz,914,0.0033815840694927735,3.386006808312631,0.6845923462692273,75.80252496094909,4158967e04278f9d88b8292cf7fd679c7faced10c47177cb5009feacb1c164cf
canonical_p3__mobley_9741965__cluster_3water__orientation,mobley_9741965,orientation,3,518a105bbfee998aca42.npz,895,0.0032092955160660107,4.301108326947043,0.326477773353528,76.57025899097789,4bd23800b827b8d468a21e966cf104e95e8bc44f25053b1f12c242292f1445ea
