freesolv_id,input_smiles,canonical_smiles,connectivity_inchikey,molecular_formula,elemental_composition,molecular_weight,heavy_atoms,formal_charge,hbd,hba,tpsa,logp,rings,rotatable_bonds,aromatic_fraction,heteroatom_count,stratum,maximum_historical_morgan_similarity,nearest_historical_id,selection_round,maxmin_score_at_selection,tie_break_sha256
mobley_1139153,CC(C)CC(C)(C)C,CC(C)CC(C)(C)C,NHTMVDHEPJAVLT,C8H18,C:8;H:18,114.23199999999999,8,0,0,0,0.0,3.0786000000000016,0,1,0.0,0,1,0.21052631578947367,nextgen_prospective_012,,,
mobley_1261349,CC(C)(C)C,CC(C)(C)C,CRSOQBOWXPBRES,C5H12,C:5;H:12,72.151,5,0,0,0,0.0,2.0524,0,0,0.0,0,1,0.14285714285714285,nextgen_prospective_019,,,
mobley_1424265,Cc1cccc(c1)C,Cc1cccc(C)c1,IVSZLXZYQVIEFR,C8H10,C:8;H:10,106.16799999999999,8,0,0,0,0.0,2.30344,1,0,0.75,0,1,0.23809523809523808,nextgen_prospective_020,,,
mobley_1449384,Cc1ccc(cc1)C(C)C,Cc1ccc(C(C)C)cc1,HFPZCAJZSCWRBC,C10H14,C:10;H:14,134.22199999999998,10,0,0,0,0.0,3.118420000000002,1,1,0.6,0,1,0.16666666666666666,nextgen_prospective_002,,,
mobley_1662128,CCC=C,C=CCC,VXNZUUAINFGPBY,C4H8,C:4;H:8,56.108,4,0,0,0,0.0,1.5824,0,1,0.0,0,1,0.25,nextgen_prospective_004,,,
mobley_1674094,CCCCC#C,C#CCCCC,CGHIBGNXEGJPQZ,C6H10,C:6;H:10,82.14599999999999,6,0,0,0,0.0,1.8098,0,2,0.0,0,1,0.19047619047619047,stress_nitroethane,,,
mobley_1803862,CCC(C)C,CCC(C)C,QWTDNUCVQCZILF,C5H12,C:5;H:12,72.151,5,0,0,0,0.0,2.0524,0,1,0.0,0,1,0.2777777777777778,dev_hydroxy_nitrile,,,
mobley_1873346,Cc1ccccc1,Cc1ccccc1,YXFVVABEGXRONW,C7H8,C:7;H:8,92.14099999999999,7,0,0,0,0.0,1.99502,1,0,0.8571428571428571,0,1,0.3888888888888889,nextgen_prospective_020,,,
mobley_1899443,CCCC(=C)C,C=C(C)CCC,WWUVJRULCWHUSA,C6H12,C:6;H:12,84.16199999999999,6,0,0,0,0.0,2.3626000000000005,0,2,0.0,0,1,0.1875,nextgen_prospective_004,,,
mobley_1923244,CCCC,CCCC,IJDNQMDRQITEOD,C4H10,C:4;H:10,58.123999999999995,4,0,0,0,0.0,1.8064,0,1,0.0,0,1,0.375,nextgen_prospective_004,,,
mobley_1987439,Cc1cc(cc(c1)C)C,Cc1cc(C)cc(C)c1,AUHZEENZYGFFBQ,C9H12,C:9;H:12,120.19499999999998,9,0,0,0,0.0,2.611860000000001,1,0,0.6666666666666666,0,1,0.15789473684210525,nextgen_prospective_020,,,
mobley_2005792,c1ccc(cc1)c2ccccc2,c1ccc(-c2ccccc2)cc1,ZUOUZKKEUPVFJK,C12H10,C:12;H:10,154.21199999999996,12,0,0,0,0.0,3.353600000000002,2,1,1.0,0,1,0.35294117647058826,nextgen_prospective_020,,,
mobley_2143011,CC(C)C=C,C=CC(C)C,YHQXBTXEYZIYOV,C5H10,C:5;H:10,70.135,5,0,0,0,0.0,1.8284,0,1,0.0,0,1,0.17647058823529413,nextgen_prospective_012,,,
mobley_2183616,CC[C@H](C)c1ccccc1,CC[C@H](C)c1ccccc1,ZJMWRROPUADPEA,C10H14,C:10;H:14,134.22199999999998,10,0,0,0,0.0,3.2001000000000017,1,2,0.6,0,1,0.28,nextgen_prospective_020,,,
mobley_2197088,CCCCCCCCCC,CCCCCCCCCC,DIOQZVSQGTUSAI,C10H22,C:10;H:22,142.286,10,0,0,0,0.0,4.147000000000004,0,7,0.0,0,1,0.2727272727272727,nextgen_prospective_004,,,
mobley_2213823,CCC(C)CC,CCC(C)CC,PFEOZHBOMNWTJB,C6H14,C:6;H:14,86.178,6,0,0,0,0.0,2.442500000000001,0,2,0.0,0,1,0.25,nextgen_prospective_004,,,
mobley_2261979,c1cc2cccc3c2c(c1)CC3,c1cc2c3c(cccc3c1)CC2,CWRYPZZKDGJXCA,C12H10,C:12;H:10,154.21199999999993,12,0,0,0,0.0,2.9384000000000015,3,0,0.8333333333333334,0,1,0.15384615384615385,nextgen_prospective_020,2.0,0.8411312508070333,8b3c356ac6955d87021fa3901cd44ee2cd98705fdab2bfcf36e2ceeb51abd1da
mobley_2328633,CCCCCC1CCCC1,CCCCCC1CCCC1,HPQURZRDYMUHJI,C10H20,C:10;H:20,140.26999999999998,10,0,0,0,0.0,3.7569000000000026,1,4,0.0,0,1,0.16,stress_nitroethane,,,
mobley_252413,CCCC(C)(C)C,CCCC(C)(C)C,CXOWYJMDMMMMJO,C7H16,C:7;H:16,100.20499999999998,7,0,0,0,0.0,2.832600000000001,0,1,0.0,0,1,0.21428571428571427,nextgen_prospective_004,,,
mobley_2609604,CCC(C)(C)CC,CCC(C)(C)CC,AEXMKKGTQYQZCS,C7H16,C:7;H:16,100.20499999999998,7,0,0,0,0.0,2.832600000000001,0,2,0.0,0,1,0.25,nextgen_prospective_004,,,
mobley_2689721,C1CCCCC1,C1CCCCC1,XDTMQSROBMDMFD,C6H12,C:6;H:12,84.162,6,0,0,0,0.0,2.3406000000000002,1,0,0.0,0,1,0.18181818181818182,prospective_diverse_05,3.0,0.8727272727272726,1262595611e5b2ee4cb66c1d469cfb552670decea2b9917c408e76faa15236a0
mobley_282648,c1ccc2ccccc2c1,c1ccc2ccccc2c1,UFWIBTONFRDIAS,C10H8,C:10;H:8,128.17399999999995,10,0,0,0,0.0,2.839800000000001,2,0,1.0,0,1,0.29411764705882354,nextgen_prospective_020,,,
mobley_2859600,C=Cc1ccccc1,C=Cc1ccccc1,PPBRXRYQALVLMV,C8H8,C:8;H:8,104.15199999999997,8,0,0,0,0.0,2.3296,1,1,0.75,0,1,0.2727272727272727,nextgen_prospective_020,,,
mobley_2972345,c1ccc2c(c1)Cc3ccccc3C2,c1ccc2c(c1)Cc1ccccc1C2,WPDAVTSOEQEGMS,C14H12,C:14;H:12,180.24999999999997,14,0,0,0,0.0,3.1816000000000013,3,0,0.8571428571428571,0,1,0.25,nextgen_prospective_020,,,
mobley_299266,CC(=C)C,C=C(C)C,VQTUBCCKSQIDNK,C4H8,C:4;H:8,56.108000000000004,4,0,0,0,0.0,1.5824,0,0,0.0,0,1,0.2727272727272727,stress_acetamidine,,,
mobley_3040612,CCc1ccccc1C,CCc1ccccc1C,HYFLWBNQFMXCPA,C9H12,C:9;H:12,120.19499999999996,9,0,0,0,0.0,2.5574200000000005,1,1,0.6666666666666666,0,1,0.24,nextgen_prospective_020,,,
mobley_3053621,c1ccccc1,c1ccccc1,UHOVQNZJYSORNB,C6H6,C:6;H:6,78.11399999999999,6,0,0,0,0.0,1.6866,1,0,1.0,0,1,0.2727272727272727,stress_pyridine_n_oxide,,,
mobley_3060426,CC(C)CCC(C)(C)C,CC(C)CCC(C)(C)C,HHOSMYBYIHNXNO,C9H20,C:9;H:20,128.259,9,0,0,0,0.0,3.468700000000003,0,2,0.0,0,1,0.19047619047619047,nextgen_prospective_012,,,
mobley_3167746,CCCCCCCC,CCCCCCCC,TVMXDCGIABBOFY,C8H18,C:8;H:18,114.232,8,0,0,0,0.0,3.3668000000000022,0,5,0.0,0,1,0.2727272727272727,nextgen_prospective_004,,,
mobley_3183805,Cc1ccc(c(c1)C)C,Cc1ccc(C)c(C)c1,GWHJZXXIDMPWGX,C9H12,C:9;H:12,120.195,9,0,0,0,0.0,2.611860000000001,1,0,0.6666666666666666,0,1,0.16666666666666666,nextgen_prospective_020,,,
mobley_3211679,C1CCC=CC1,C1=CCCCC1,HGCIXCUEYOPUTN,C6H10,C:6;H:10,82.146,6,0,0,0,0.0,2.1166,1,0,0.0,0,1,0.125,prospective_diverse_05,,,
mobley_3234716,Cc1ccc(cc1)C,Cc1ccc(C)cc1,URLKBWYHVLBVBO,C8H10,C:8;H:10,106.16799999999999,8,0,0,0,0.0,2.30344,1,0,0.75,0,1,0.2222222222222222,nextgen_prospective_020,,,
mobley_3452749,Cc1cccc(c1C)C,Cc1cccc(C)c1C,FYGHSUNMUKGBRK,C9H12,C:9;H:12,120.195,9,0,0,0,0.0,2.611860000000001,1,0,0.6666666666666666,0,1,0.23809523809523808,nextgen_prospective_020,,,
mobley_3525176,CCCCCc1ccccc1,CCCCCc1ccccc1,PWATWSYOIIXYMA,C11H16,C:11;H:16,148.249,11,0,0,0,0.0,3.4193000000000024,1,4,0.5454545454545454,0,1,0.2692307692307692,nextgen_prospective_020,,,
mobley_3709920,CCCCCCCC=C,C=CCCCCCCC,JRZJOMJEPLMPRA,C9H18,C:9;H:18,126.243,9,0,0,0,0.0,3.5329000000000024,0,6,0.0,0,1,0.15789473684210525,nextgen_prospective_004,1.0,0.8894736842105262,21fc1bce547b8190d355ee7a5e72994a39d8cdc6c5773e7a3f68b203c67a400e
mobley_3715043,Cc1ccc(c2c1cccc2)C,Cc1ccc(C)c2ccccc12,APQSQLNWAIULLK,C12H12,C:12;H:12,156.22799999999998,12,0,0,0,0.0,3.456640000000002,2,0,0.8333333333333334,0,1,0.2857142857142857,nextgen_prospective_020,,,
mobley_3746675,CC(=C)c1ccccc1,C=C(C)c1ccccc1,XYLMUPLGERFSHI,C9H10,C:9;H:10,118.17899999999996,9,0,0,0,0.0,2.7197000000000005,1,1,0.6666666666666666,0,1,0.30434782608695654,nextgen_prospective_020,,,
mobley_4043951,CCCC=C,C=CCCC,YWAKXRMUMFPDSH,C5H10,C:5;H:10,70.135,5,0,0,0,0.0,1.9725,0,2,0.0,0,1,0.2,nextgen_prospective_004,,,
mobley_4043987,CCCCC(C)C,CCCCC(C)C,GXDHCNNESPLIKD,C7H16,C:7;H:16,100.20499999999998,7,0,0,0,0.0,2.832600000000001,0,3,0.0,0,1,0.2,nextgen_prospective_012,,,
mobley_4177472,CC(C)C(C)C(C)C,CC(C)C(C)C(C)C,RLPGDEORIPLBNF,C8H18,C:8;H:18,114.23199999999999,8,0,0,0,0.0,2.9345000000000017,0,2,0.0,0,1,0.2,nextgen_prospective_012,,,
mobley_4252724,CC(C)Cc1ccccc1,CC(C)Cc1ccccc1,KXUHSQYYJYAXGZ,C10H14,C:10;H:14,134.22199999999998,10,0,0,0,0.0,2.8851000000000013,1,2,0.6,0,1,0.2916666666666667,nextgen_prospective_020,,,
mobley_430089,CCCC#C,C#CCCC,IBXNCJKFFQIKKY,C5H8,C:5;H:8,68.11899999999999,5,0,0,0,0.0,1.4197,0,1,0.0,0,1,0.21052631578947367,stress_nitroethane,,,
mobley_4375719,CCCCCCCCC,CCCCCCCCC,BKIMMITUMNQMOS,C9H20,C:9;H:20,128.259,9,0,0,0,0.0,3.7569000000000026,0,6,0.0,0,1,0.2727272727272727,nextgen_prospective_004,,,
mobley_4479135,C=C(c1ccccc1)c2ccccc2,C=C(c1ccccc1)c1ccccc1,ZMYIIHDQURVDRB,C14H12,C:14;H:12,180.24999999999997,14,0,0,0,0.0,3.7481000000000018,2,2,0.8571428571428571,0,1,0.2727272727272727,nextgen_prospective_020,4.0,0.737270535363199,85b675bc420ffc5f92665d4ca32987b640f3c0ac1325e2b6106d8011eba6218f
mobley_4561957,CC(C)C(C)C,CC(C)C(C)C,ZFFMLCVRJBZUDZ,C6H14,C:6;H:14,86.178,6,0,0,0,0.0,2.2984,0,1,0.0,0,1,0.23076923076923078,nextgen_prospective_012,,,
mobley_4715906,C[C@@H]1CCCC[C@@H]1C,C[C@@H]1CCCC[C@@H]1C,KVZJLSYJROEPSQ,C8H16,C:8;H:16,112.216,8,0,0,0,0.0,2.832600000000001,1,0,0.0,0,1,0.1111111111111111,prospective_diverse_05,,,
mobley_4762983,CCCCCC=C,C=CCCCCC,ZGEGCLOFRBLKSE,C7H14,C:7;H:14,98.189,7,0,0,0,0.0,2.752700000000001,0,4,0.0,0,1,0.16666666666666666,nextgen_prospective_004,,,
mobley_49274,CCCCCC#C,C#CCCCCC,YVXHZKKCZYLQOP,C7H12,C:7;H:12,96.17299999999999,7,0,0,0,0.0,2.1999000000000004,0,3,0.0,0,1,0.18181818181818182,stress_nitroethane,,,
mobley_5094777,c1ccc2c(c1)CCC2,c1ccc2c(c1)CCC2,PQNFLJBBNBOBRQ,C9H10,C:9;H:10,118.17899999999999,9,0,0,0,0.0,2.1753,2,0,0.6666666666666666,0,1,0.22727272727272727,nextgen_prospective_020,,,
mobley_5110043,Cc1ccc2cc(ccc2c1)C,Cc1ccc2cc(C)ccc2c1,YGYNBBAUIYTWBF,C12H12,C:12;H:12,156.22799999999998,12,0,0,0,0.0,3.456640000000002,2,0,0.8333333333333334,0,1,0.17391304347826086,nextgen_prospective_020,,,
mobley_511661,C=CC=C,C=CC=C,KAKZBPTYRLMSJV,C4H6,C:4;H:6,54.09199999999999,4,0,0,0,0.0,1.3584,0,1,0.0,0,1,0.07692307692307693,nextgen_prospective_017,,,
mobley_5157661,CC(C)C,CC(C)C,NNPPMTNAJDCUHE,C4H10,C:4;H:10,58.123999999999995,4,0,0,0,0.0,1.6622999999999999,0,0,0.0,0,1,0.25,nextgen_prospective_012,,,
mobley_5263791,CCc1cccc2c1cccc2,CCc1cccc2ccccc12,ZMXIYERNXPIYFR,C12H12,C:12;H:12,156.22799999999998,12,0,0,0,0.0,3.4022000000000023,2,1,0.8333333333333334,0,1,0.21428571428571427,nextgen_prospective_020,,,
mobley_5310099,CCCCC=C,C=CCCCC,LIKMAJRDDDTEIG,C6H12,C:6;H:12,84.16199999999999,6,0,0,0,0.0,2.3626000000000005,0,3,0.0,0,1,0.17647058823529413,nextgen_prospective_004,,,
mobley_5445548,CC(C)c1ccccc1,CC(C)c1ccccc1,RWGFKTVRMDUZSP,C9H12,C:9;H:12,120.19499999999995,9,0,0,0,0.0,2.8100000000000014,1,1,0.6666666666666666,0,1,0.3333333333333333,nextgen_prospective_020,,,
mobley_5449201,CCCCC,CCCCC,OFBQJSOFQDEBGM,C5H12,C:5;H:12,72.151,5,0,0,0,0.0,2.1965000000000003,0,2,0.0,0,1,0.3,nextgen_prospective_004,,,
mobley_547634,Cc1cc2ccccc2cc1C,Cc1cc2ccccc2cc1C,WWGUMAYGTYQSGA,C12H12,C:12;H:12,156.22799999999998,12,0,0,0,0.0,3.456640000000002,2,0,0.8333333333333334,0,1,0.2727272727272727,nextgen_prospective_020,,,
mobley_5665561,Cc1cc(c2ccccc2c1)C,Cc1cc(C)c2ccccc2c1,QHJMFSMPSZREIF,C12H12,C:12;H:12,156.22799999999998,12,0,0,0,0.0,3.456640000000002,2,0,0.8333333333333334,0,1,0.21428571428571427,nextgen_prospective_020,,,
mobley_5690766,C=CCCC=C,C=CCCC=C,PYGSKMBEVAICCR,C6H10,C:6;H:10,82.14599999999999,6,0,0,0,0.0,2.1386000000000003,0,3,0.0,0,1,0.07692307692307693,nextgen_prospective_004,,,
mobley_5852491,CC1CCCC1,CC1CCCC1,GDOPTJXRTPNYNR,C6H12,C:6;H:12,84.162,6,0,0,0,0.0,2.1965000000000003,1,0,0.0,0,1,0.1111111111111111,prospective_diverse_05,,,
mobley_588781,CCCCCCc1ccccc1,CCCCCCc1ccccc1,LTEQMZWBSYACLV,C12H18,C:12;H:18,162.276,12,0,0,0,0.0,3.809400000000003,1,5,0.5,0,1,0.25925925925925924,nextgen_prospective_020,,,
mobley_5935995,CCC(C)(C)C,CCC(C)(C)C,HNRMPXKDFBEGFZ,C6H14,C:6;H:14,86.17799999999998,6,0,0,0,0.0,2.442500000000001,0,0,0.0,0,1,0.2727272727272727,nextgen_prospective_004,,,
mobley_637522,c1ccc2cc3ccccc3cc2c1,c1ccc2cc3ccccc3cc2c1,MWPLVEDNUUSJAV,C14H10,C:14;H:10,178.23399999999995,14,0,0,0,0.0,3.993000000000002,3,0,1.0,0,1,0.2631578947368421,nextgen_prospective_020,,,
mobley_6416775,CCCC1CCCC1,CCCC1CCCC1,KDIAMAVWIJYWHN,C8H16,C:8;H:16,112.21600000000001,8,0,0,0,0.0,2.976700000000002,1,2,0.0,0,1,0.18181818181818182,stress_nitroethane,,,
mobley_6430250,CCCc1ccccc1,CCCc1ccccc1,ODLMAHJVESYWTB,C9H12,C:9;H:12,120.19499999999995,9,0,0,0,0.0,2.639100000000001,1,2,0.6666666666666666,0,1,0.30434782608695654,nextgen_prospective_020,,,
mobley_6571751,CC1=CCCCC1,CC1=CCCCC1,CTMHWPIWNRWQEG,C7H12,C:7;H:12,96.17300000000002,7,0,0,0,0.0,2.5067000000000004,1,0,0.0,0,1,0.1111111111111111,nextgen_prospective_020,,,
mobley_6812653,CCCCCC,CCCCCC,VLKZOEOYAKHREP,C6H14,C:6;H:14,86.178,6,0,0,0,0.0,2.5866000000000007,0,3,0.0,0,1,0.3,nextgen_prospective_004,,,
mobley_6896128,CCCC[C@@H](C)CC,CCCC[C@@H](C)CC,LAIUFBWHERIJIH,C8H18,C:8;H:18,114.23199999999999,8,0,0,0,0.0,3.2227000000000023,0,4,0.0,0,1,0.18181818181818182,nextgen_prospective_012,,,
mobley_7017274,c1ccc2c(c1)ccc3c2cccc3,c1ccc2c(c1)ccc1ccccc12,YNPNZTXNASCQKK,C14H10,C:14;H:10,178.23399999999998,14,0,0,0,0.0,3.993000000000002,3,0,1.0,0,1,0.23809523809523808,nextgen_prospective_020,,,
mobley_7106722,CCCC(C)C,CCCC(C)C,AFABGHUZZDYHJO,C6H14,C:6;H:14,86.178,6,0,0,0,0.0,2.442500000000001,0,2,0.0,0,1,0.2222222222222222,nextgen_prospective_012,,,
mobley_778352,CC=C(C)C,CC=C(C)C,BKOOMYPCSUNDGP,C5H10,C:5;H:10,70.13499999999999,5,0,0,0,0.0,1.9725,0,0,0.0,0,1,0.25,stress_acetamidine,,,
mobley_7893124,CC(C)(C)c1ccccc1,CC(C)(C)c1ccccc1,YTZKOQUCBOVLHL,C10H14,C:10;H:14,134.22199999999998,10,0,0,0,0.0,2.9841000000000015,1,0,0.6,0,1,0.3333333333333333,nextgen_prospective_020,,,
mobley_8006582,C1CCCC1,C1CCCC1,RGSFGYAAUTVSQA,C5H10,C:5;H:10,70.135,5,0,0,0,0.0,1.9505000000000001,1,0,0.0,0,1,0.18181818181818182,prospective_diverse_05,,,
mobley_8127829,CCc1ccccc1,CCc1ccccc1,YNQLUTRBYVCPMQ,C8H10,C:8;H:10,106.16799999999996,8,0,0,0,0.0,2.2490000000000006,1,1,0.75,0,1,0.3333333333333333,nextgen_prospective_020,,,
mobley_8436428,CC(C)CC(C)C,CC(C)CC(C)C,BZHMBWZPUJHVEE,C7H16,C:7;H:16,100.20499999999998,7,0,0,0,0.0,2.6885000000000012,0,2,0.0,0,1,0.26666666666666666,nextgen_prospective_012,,,
mobley_8467917,CCCC/C=C/C,C/C=C/CCCC,OTTZHAVKAVGASB,C7H14,C:7;H:14,98.18899999999998,7,0,0,0,0.0,2.752700000000001,0,3,0.0,0,1,0.16666666666666666,nextgen_prospective_004,,,
mobley_8522124,CCCCCCC#C,C#CCCCCCC,UMIPWJGWASORKV,C8H14,C:8;H:14,110.19999999999999,8,0,0,0,0.0,2.5900000000000007,0,4,0.0,0,1,0.17391304347826086,stress_nitroethane,,,
mobley_8614858,CCCCCCC,CCCCCCC,IMNFDUFMRHMDMM,C7H16,C:7;H:16,100.205,7,0,0,0,0.0,2.976700000000002,0,4,0.0,0,1,0.2727272727272727,nextgen_prospective_004,,,
mobley_8668219,CC[C@@H](C)C(C)C,CC[C@@H](C)C(C)C,WGECXQBGLLYSFP,C7H16,C:7;H:16,100.20499999999998,7,0,0,0,0.0,2.6885000000000012,0,2,0.0,0,1,0.2222222222222222,nextgen_prospective_012,,,
mobley_8765203,CC(=C)C=C,C=CC(=C)C,RRHGJUQNOFWUDK,C5H8,C:5;H:8,68.11900000000001,5,0,0,0,0.0,1.7485,0,1,0.0,0,1,0.2,stress_acetamidine,,,
mobley_8809190,CCCCc1ccccc1,CCCCc1ccccc1,OCKPCBLVNKHBMX,C10H14,C:10;H:14,134.22199999999998,10,0,0,0,0.0,3.0292000000000012,1,3,0.6,0,1,0.28,nextgen_prospective_020,,,
mobley_8885088,C1CC=CC1,C1=CCCC1,LPIQUOYDBNQMRZ,C5H8,C:5;H:8,68.11900000000001,5,0,0,0,0.0,1.7265,1,0,0.0,0,1,0.125,prospective_diverse_05,,,
mobley_900088,CC(=C)C(=C)C,C=C(C)C(=C)C,SDJHPPZKZZWAKF,C6H10,C:6;H:10,82.146,6,0,0,0,0.0,2.1386000000000003,0,1,0.0,0,1,0.25,stress_acetamidine,,,
mobley_9100956,CC1CCCCC1,CC1CCCCC1,UAEPNZWRGJTJPN,C7H14,C:7;H:14,98.18900000000001,7,0,0,0,0.0,2.5866000000000007,1,0,0.0,0,1,0.10526315789473684,prospective_diverse_05,,,
mobley_9112978,CC/C=C\C,C/C=C\CC,QMMOXUPEWRXHJS,C5H10,C:5;H:10,70.135,5,0,0,0,0.0,1.9725,0,1,0.0,0,1,0.21428571428571427,nextgen_prospective_004,,,
mobley_9121449,CCC#C,C#CCC,KDKYADYSIPSCCQ,C4H6,C:4;H:6,54.09199999999999,4,0,0,0,0.0,1.0295999999999998,0,0,0.0,0,1,0.25,nextgen_prospective_004,,,
mobley_9139060,CC1CCC(CC1)C,CC1CCC(C)CC1,QRMPKOFEUHIBNM,C8H16,C:8;H:16,112.216,8,0,0,0,0.0,2.832600000000001,1,0,0.0,0,1,0.10714285714285714,pros_sulfonyl_piperidinol,,,
mobley_9197172,CCCCCCC=C,C=CCCCCCC,KWKAKUADMBZCLK,C8H16,C:8;H:16,112.216,8,0,0,0,0.0,3.142800000000002,0,5,0.0,0,1,0.15789473684210525,nextgen_prospective_004,,,
mobley_9246215,C=CCC=C,C=CCC=C,QYZLKGVUSQXAMU,C5H8,C:5;H:8,68.119,5,0,0,0,0.0,1.7485,0,2,0.0,0,1,0.08333333333333333,nextgen_prospective_015,,,
mobley_9414831,Cc1cccc2c1cccc2,Cc1cccc2ccccc12,QPUYECUOLPXSFR,C11H10,C:11;H:10,142.201,11,0,0,0,0.0,3.148220000000001,2,0,0.9090909090909091,0,1,0.24,nextgen_prospective_020,,,
mobley_9478823,Cc1ccccc1C,Cc1ccccc1C,CTQNGGLPUBDAKN,C8H10,C:8;H:10,106.16799999999999,8,0,0,0,0.0,2.30344,1,0,0.75,0,1,0.3333333333333333,nextgen_prospective_020,,,
mobley_9565165,c1ccc-2c(c1)Cc3c2cccc3,c1ccc2c(c1)Cc1ccccc1-2,NIHNNTQXNPWCJQ,C13H10,C:13;H:10,166.22299999999998,13,0,0,0,0.0,3.2578000000000014,3,0,0.9230769230769231,0,1,0.21739130434782608,nextgen_prospective_020,,,
mobley_9729792,C1C=CC=CC=C1,C1=CC=CCC=C1,CHVJITGCYZJHLR,C7H8,C:7;H:8,92.14099999999998,7,0,0,0,0.0,2.0587,1,0,0.0,0,1,0.07142857142857142,prospective_diverse_03,,,
mobley_9883303,CCC[C@H](C)CC,CCC[C@H](C)CC,VLJXXKKOSFGPHI,C7H16,C:7;H:16,100.205,7,0,0,0,0.0,2.832600000000001,0,3,0.0,0,1,0.2,nextgen_prospective_012,,,
mobley_9942801,CCc1ccc(cc1)C,CCc1ccc(C)cc1,JRLPEMVDPFPYPJ,C9H12,C:9;H:12,120.19499999999996,9,0,0,0,0.0,2.5574200000000005,1,1,0.6666666666666666,0,1,0.16666666666666666,nextgen_prospective_004,,,
mobley_1017962,CCCCCC(=O)OC,CCCCCC(=O)OC,NUKZAGXMHTUAFE,C7H14O2,C:7;H:14;O:2,130.18699999999998,9,0,0,2,26.3,1.7397,0,4,0.0,2,2,0.3181818181818182,nextgen_prospective_014,,,
mobley_1019269,CCCCO,CCCCO,LRHPLDYGYMQRHN,C4H10O,C:4;H:10;O:1,74.12299999999999,5,0,1,1,20.23,0.7787999999999999,0,2,0.0,1,2,0.26666666666666666,prospective_diverse_02,,,
mobley_1046331,c1ccc(cc1)OC=O,O=COc1ccccc1,GEOWCLRLLWTHDN,C7H6O2,C:7;H:6;O:2,122.12299999999996,9,0,0,2,26.3,1.2217999999999996,1,2,0.6666666666666666,2,2,0.25,nextgen_prospective_015,,,
mobley_1075836,CCC(=O)OC,CCC(=O)OC,RJUFJBKOKNCXHH,C4H8O2,C:4;H:8;O:2,88.106,6,0,0,2,26.3,0.5694,0,1,0.0,2,2,0.4117647058823529,nextgen_prospective_014,,,
mobley_1144156,CCOCC,CCOCC,RTZKZFJDLAIYFH,C4H10O,C:4;H:10;O:1,74.123,5,0,0,1,9.23,1.0428000000000002,0,2,0.0,1,2,0.2727272727272727,nextgen_prospective_004,,,
mobley_1160109,C[C@@H]1CC[C@H](CC1=O)C(=C)C,C=C(C)[C@@H]1CC[C@@H](C)C(=O)C1,AZOCECCLWFDTAP,C10H16O,C:10;H:16;O:1,152.23699999999997,11,0,0,1,17.07,2.567800000000001,1,1,0.0,1,2,0.13513513513513514,dev_oxazolidinone,,,
mobley_1244778,C1CCCC(CC1)O,OC1CCCCCC1,QCRFMSUKWRQZEM,C7H14O,C:7;H:14;O:1,114.18799999999999,8,0,1,1,20.23,1.7015,1,0,0.0,1,2,0.13333333333333333,pros_sulfonyl_piperidinol,,,
mobley_129464,CCCCOCCCC,CCCCOCCCC,DURPTKYDGMDSBL,C8H18O,C:8;H:18;O:1,130.231,9,0,0,1,9.23,2.603200000000001,0,6,0.0,1,2,0.2,nextgen_prospective_004,,,
mobley_1502181,CCCCCCCC(=O)C,CCCCCCCC(C)=O,VKCYHJWLYTUGCC,C9H18O,C:9;H:18;O:1,142.242,10,0,0,1,17.07,2.935900000000001,0,6,0.0,1,2,0.28,nextgen_prospective_016,,,
mobley_1571523,Cc1cccc(c1C)O,Cc1cccc(O)c1C,QWBBPBRQALCEIZ,C8H10O,C:8;H:10;O:1,122.16699999999999,9,0,1,1,20.23,2.00904,1,0,0.6666666666666666,1,2,0.2,nextgen_prospective_002,,,
mobley_1592519,CCCCCC(=O)OCC,CCCCCC(=O)OCC,SHZIWNPUGXLXDT,C8H16O2,C:8;H:16;O:2,144.21399999999997,10,0,0,2,26.3,2.1298000000000004,0,5,0.0,2,2,0.25,nextgen_prospective_016,,,
mobley_1615431,CC(C)OC(C)C,CC(C)OC(C)C,ZAFNJMIOTHYJRJ,C6H14O,C:6;H:14;O:1,102.17699999999999,7,0,0,1,9.23,1.8197999999999999,0,2,0.0,1,2,0.1875,nextgen_prospective_012,,,
mobley_1650157,CC(C)(C)O,CC(C)(C)O,DKGAVHZHDRPRBM,C4H10O,C:4;H:10;O:1,74.12299999999999,5,0,1,1,20.23,0.7771999999999999,0,0,0.0,1,2,0.16666666666666666,stress_acetamidine,,,
mobley_1717215,COC=O,COC=O,TZIHFWKZFHZASV,C2H4O2,C:2;H:4;O:2,60.05200000000001,4,0,0,2,26.3,-0.2108000000000001,0,1,0.0,2,2,0.2857142857142857,nextgen_prospective_017,,,
mobley_1722522,CCCC(=O)OCC,CCCC(=O)OCC,OBNCKNCVKJNDBV,C6H12O2,C:6;H:12;O:2,116.15999999999998,8,0,0,2,26.3,1.3496000000000001,0,3,0.0,2,2,0.28,nextgen_prospective_016,,,
mobley_172879,c1ccc2c(c1)Oc3ccccc3O2,c1ccc2c(c1)Oc1ccccc1O2,NFBOHOGPQUYFRF,C12H8O2,C:12;H:8;O:2,184.194,14,0,0,2,18.46,3.584600000000002,3,0,0.8571428571428571,2,2,0.25,nextgen_prospective_020,3.0,0.79949937024985,c66446e7646dff069a8625d63eccf45eeaa722519a258e600bba0d4515c66e2c
mobley_1735893,CCCCCC(=O)O,CCCCCC(=O)O,FUZZWVXGSFPDMH,C6H12O2,C:6;H:12;O:2,116.15999999999998,8,0,1,1,37.3,1.6513,0,4,0.0,2,2,0.19230769230769232,nextgen_prospective_016,,,
mobley_1743409,CCOC(=O)CCC(=O)OCC,CCOC(=O)CCC(=O)OCC,DKMROQRQHGEIOW,C8H14O4,C:8;H:14;O:4,174.19599999999997,12,0,0,4,52.60000000000001,0.8927999999999999,0,5,0.0,4,2,0.30434782608695654,nextgen_prospective_016,,,
mobley_1755375,Cc1cccc(c1O)C,Cc1cccc(C)c1O,NXXYKOUNUYWIHA,C8H10O,C:8;H:10;O:1,122.16699999999999,9,0,1,1,20.23,2.0090399999999997,1,0,0.6666666666666666,1,2,0.22727272727272727,nextgen_prospective_002,,,
mobley_1781152,CC(C)(C)C(=O)OC,COC(=O)C(C)(C)C,CNMFHDIDIMZHKY,C6H12O2,C:6;H:12;O:2,116.15999999999998,8,0,0,2,26.3,1.2055,0,0,0.0,2,2,0.4117647058823529,nextgen_prospective_014,,,
mobley_1827204,CCCCCC=O,CCCCCC=O,JARKCYVAAOWBJS,C6H12O,C:6;H:12;O:1,100.16099999999999,7,0,0,1,17.07,1.7656,0,4,0.0,1,2,0.2,nextgen_prospective_017,,,
mobley_1858644,c1ccc(cc1)CCO,OCCc1ccccc1,WRMNZCZEMHIOCP,C8H10O,C:8;H:10;O:1,122.16699999999997,9,0,1,1,20.23,1.2213999999999998,1,2,0.6666666666666666,1,2,0.25,nextgen_prospective_020,,,
mobley_1875719,CCC(=O)CC,CCC(=O)CC,FDPIMTJIUBPUKL,C5H10O,C:5;H:10;O:1,86.134,6,0,0,1,17.07,1.3755,0,2,0.0,1,2,0.26666666666666666,nextgen_prospective_024,,,
mobley_1881249,CCCC(=O)C,CCCC(C)=O,XNLICIUVMPYHGG,C5H10O,C:5;H:10;O:1,86.13399999999999,6,0,0,1,17.07,1.3755,0,2,0.0,1,2,0.3333333333333333,nextgen_prospective_016,,,
mobley_1896013,C1[C@H]([C@@H]([C@H]([C@H](O1)O)O)O)O,O[C@@H]1[C@@H](O)[C@@H](O)OC[C@H]1O,SRBFZHDQGSBBOR,C5H10O5,C:5;H:10;O:5,150.13,10,0,4,5,90.15,-2.5823,1,0,0.0,5,2,0.15151515151515152,pros_sulfonyl_piperidinol,,,
mobley_1903702,CC[C@H](C)O,CC[C@H](C)O,BTANRVKWQNVYAZ,C4H10O,C:4;H:10;O:1,74.12299999999999,5,0,1,1,20.23,0.7771999999999999,0,1,0.0,1,2,0.5,nextgen_prospective_012,,,
mobley_197466,CC(=O)C1CC1,CC(=O)C1CC1,HVCFCNAITDHQFX,C5H8O,C:5;H:8;O:1,84.11800000000001,6,0,0,1,17.07,0.9854,1,1,0.0,1,2,0.21739130434782608,nextgen_prospective_016,,,
mobley_1976156,CCCCCCCCC=O,CCCCCCCCC=O,GYHFUZHODSMOHU,C9H18O,C:9;H:18;O:1,142.242,10,0,0,1,17.07,2.935900000000001,0,7,0.0,1,2,0.19047619047619047,nextgen_prospective_017,,,
mobley_2043882,CC(=O)C1CCCCC1,CC(=O)C1CCCCC1,RIFKADJTWUGDOV,C8H14O,C:8;H:14;O:1,126.19900000000001,9,0,0,1,17.07,2.1557000000000004,1,1,0.0,1,2,0.19230769230769232,nextgen_prospective_016,,,
mobley_20524,c1ccc(cc1)O,Oc1ccccc1,ISWSIDIOOBJBQZ,C6H6O,C:6;H:6;O:1,94.11299999999997,7,0,1,1,20.23,1.3921999999999997,1,0,0.8571428571428571,1,2,0.4117647058823529,nextgen_prospective_002,,,
mobley_2078467,C[C@@H](c1ccc(cc1)CC(C)C)C(=O)O,CC(C)Cc1ccc([C@H](C)C(=O)O)cc1,HEFNNWSXXWATRW,C13H18O2,C:13;H:18;O:2,206.28499999999997,15,0,1,1,37.3,3.073200000000001,1,4,0.4,2,2,0.16666666666666666,pros_heteroaryl_amide,,,
mobley_2126135,CCc1ccccc1O,CCc1ccccc1O,IXQGCWUGDFDQMF,C8H10O,C:8;H:10;O:1,122.16699999999996,9,0,1,1,20.23,1.9545999999999997,1,1,0.6666666666666666,1,2,0.23076923076923078,nextgen_prospective_020,,,
mobley_2245668,CC(C)CO,CC(C)CO,ZXEKIIBDNHEJCQ,C4H10O,C:4;H:10;O:1,74.12299999999999,5,0,1,1,20.23,0.6347,0,1,0.0,1,2,0.38461538461538464,nextgen_prospective_006,,,
mobley_2279874,COC(OC)OC,COC(OC)OC,PYOKUURKVVELLB,C4H10O3,C:4;H:10;O:3,106.121,7,0,0,3,27.69,0.20920000000000005,0,3,0.0,3,2,0.23529411764705882,dev_cyano_ether,,,
mobley_2294995,CCOC=O,CCOC=O,WBJINCZRORDGAQ,C3H6O2,C:3;H:6;O:2,74.07900000000001,5,0,0,2,26.3,0.17930000000000001,0,2,0.0,2,2,0.2222222222222222,nextgen_prospective_017,,,
mobley_2295058,COC(=O)c1ccc(cc1)O,COC(=O)c1ccc(O)cc1,LXCFILQKKLGQFO,C8H8O3,C:8;H:8;O:3,152.149,11,0,1,3,46.53,1.1788,1,1,0.5454545454545454,3,2,0.32,nextgen_prospective_002,,,
mobley_2341732,CCCCC(=O)OC,CCCCC(=O)OC,HNBDRPTVWVGKBR,C6H12O2,C:6;H:12;O:2,116.15999999999998,8,0,0,2,26.3,1.3496000000000001,0,3,0.0,2,2,0.3333333333333333,nextgen_prospective_014,,,
mobley_2354112,CCc1cccc(c1)O,CCc1cccc(O)c1,HMNKTRSOROOSPP,C8H10O,C:8;H:10;O:1,122.16699999999996,9,0,1,1,20.23,1.9545999999999997,1,1,0.6666666666666666,1,2,0.2222222222222222,nextgen_prospective_002,,,
mobley_2364370,CCCCOC(=O)C,CCCCOC(C)=O,DKPFZGUDAPQIHT,C6H12O2,C:6;H:12;O:2,116.15999999999998,8,0,0,2,26.3,1.3496000000000001,0,3,0.0,2,2,0.43478260869565216,nextgen_prospective_016,,,
mobley_2390199,CCCC(=O)CCC,CCCC(=O)CCC,HCFAJYNVAYBARA,C7H14O,C:7;H:14;O:1,114.18799999999999,8,0,0,1,17.07,2.1557000000000004,0,4,0.0,1,2,0.23529411764705882,nextgen_prospective_024,,,
mobley_2402487,CCOC(=O)CC(=O)OCC,CCOC(=O)CC(=O)OCC,IYXGSMUGOJNHAZ,C7H12O4,C:7;H:12;O:4,160.16899999999998,11,0,0,4,52.60000000000001,0.5027,0,4,0.0,4,2,0.3157894736842105,nextgen_prospective_014,,,
mobley_2422586,CCCOC,CCCOC,VNKYTQGIUYNRMY,C4H10O,C:4;H:10;O:1,74.12299999999999,5,0,0,1,9.23,1.0428,0,2,0.0,1,2,0.2631578947368421,dev_cyano_ether,,,
mobley_2457863,COc1cccc(c1)O,COc1cccc(O)c1,ASHGTJPOSUFTGB,C7H8O2,C:7;H:8;O:2,124.13899999999997,9,0,1,2,29.46,1.4007999999999996,1,1,0.6666666666666666,2,2,0.23529411764705882,dev_aza_aryl_ether,,,
mobley_2487143,CCCCC(=O)C,CCCCC(C)=O,QQZOPKMRPOGIEB,C6H12O,C:6;H:12;O:1,100.16099999999999,7,0,0,1,17.07,1.7656,0,3,0.0,1,2,0.30434782608695654,nextgen_prospective_016,,,
mobley_2607611,CCCCCCOC(=O)C,CCCCCCOC(C)=O,AOGQPLXWSUTHQB,C8H16O2,C:8;H:16;O:2,144.214,10,0,0,2,26.3,2.1298000000000004,0,5,0.0,2,2,0.4,nextgen_prospective_016,,,
mobley_2613240,COc1ccccc1OC,COc1ccccc1OC,ABDKAPXRBAPSQN,C8H10O2,C:8;H:10;O:2,138.16599999999997,10,0,0,2,18.46,1.7038,1,2,0.6,2,2,0.2962962962962963,dev_aza_aryl_ether,,,
mobley_2763835,CCOc1ccccc1,CCOc1ccccc1,DLRJIFUOBPOJNS,C8H10O,C:8;H:10;O:1,122.16699999999996,9,0,0,1,9.23,2.0853,1,2,0.6666666666666666,1,2,0.2916666666666667,nextgen_prospective_020,,,
mobley_2792521,CCC/C=C/C=O,CCC/C=C/C=O,MBDOYVRWFFCFHM,C6H10O,C:6;H:10;O:1,98.14499999999998,7,0,0,1,17.07,1.5416,0,3,0.0,1,2,0.19047619047619047,nextgen_prospective_017,,,
mobley_2850833,c1ccc(c(c1)C=O)O,O=Cc1ccccc1O,SMQUZDBALVYZAC,C7H6O2,C:7;H:6;O:2,122.12299999999996,9,0,1,2,37.3,1.2046999999999997,1,1,0.6666666666666666,2,2,0.2857142857142857,nextgen_prospective_015,,,
mobley_2864987,CCC[C@@H](C)O,CCC[C@@H](C)O,JYVLIDXNZAXMDK,C5H12O,C:5;H:12;O:1,88.14999999999999,6,0,1,1,20.23,1.1673,0,2,0.0,1,2,0.4117647058823529,nextgen_prospective_012,,,
mobley_2913224,CC(=O)Oc1ccccc1C(=O)O,CC(=O)Oc1ccccc1C(=O)O,BSYNRYMUTXBXSQ,C9H8O4,C:9;H:8;O:4,180.15899999999996,13,0,1,3,63.60000000000001,1.3101,1,2,0.46153846153846156,4,2,0.22580645161290322,nextgen_prospective_020,,,
mobley_2923700,CCc1ccc(cc1)O,CCc1ccc(O)cc1,HXDOZKJGKXYMEW,C8H10O,C:8;H:10;O:1,122.16699999999996,9,0,1,1,20.23,1.9545999999999997,1,1,0.6666666666666666,1,2,0.38095238095238093,nextgen_prospective_002,,,
mobley_2925352,Cc1ccc(cc1)O,Cc1ccc(O)cc1,IWDCLRJOBJJRNH,C7H8O,C:7;H:8;O:1,108.13999999999999,8,0,1,1,20.23,1.7006199999999996,1,0,0.75,1,2,0.4444444444444444,nextgen_prospective_002,,,
mobley_2929847,CC(C)CC(=O)O,CC(C)CC(=O)O,GWYFCOCPABKNJV,C5H10O2,C:5;H:10;O:2,102.13299999999998,7,0,1,1,37.3,1.1171,0,2,0.0,2,2,0.25,nextgen_prospective_012,,,
mobley_3034976,CC(=O)O,CC(=O)O,QTBSBXVTEAMEQO,C2H4O2,C:2;H:4;O:2,60.05200000000001,4,0,1,1,37.3,0.09089999999999993,0,0,0.0,2,2,0.3076923076923077,nextgen_prospective_014,,,
mobley_3083321,COCOC,COCOC,NKDDWNXOKDWJAK,C3H8O2,C:3;H:8;O:2,76.095,5,0,0,2,18.46,0.23670000000000002,0,2,0.0,2,2,0.3125,dev_cyano_ether,,,
mobley_313406,CCCO,CCCO,BDERNNFJNOPAEC,C3H8O,C:3;H:8;O:1,60.096,4,0,1,1,20.23,0.3887,0,1,0.0,1,2,0.3333333333333333,prospective_diverse_02,,,
mobley_3144334,Cc1ccc(c(c1)O)C,Cc1ccc(C)c(O)c1,NKTOLZVEWDHZMU,C8H10O,C:8;H:10;O:1,122.16699999999999,9,0,1,1,20.23,2.0090399999999997,1,0,0.6666666666666666,1,2,0.2,nextgen_prospective_002,,,
mobley_3151666,CCCCCCCCCCO,CCCCCCCCCCO,MWKFXSUHUHTGQN,C10H22O,C:10;H:22;O:1,158.285,11,0,1,1,20.23,3.119400000000002,0,8,0.0,1,2,0.23529411764705882,prospective_diverse_02,,,
mobley_3259411,C(C(CO)O)O,OCC(O)CO,PEDCQBHIVMGVHV,C3H8O3,C:3;H:8;O:3,92.09399999999998,6,0,3,3,60.69,-1.6681000000000001,0,2,0.0,3,2,0.5714285714285714,nextgen_prospective_009,,,
mobley_3269565,CC(C)OC,COC(C)C,RMGHERXMTMUMMV,C4H10O,C:4;H:10;O:1,74.123,5,0,0,1,9.23,1.0412,0,1,0.0,1,2,0.2,nextgen_prospective_013,,,
mobley_3318135,CCCCC(=O)CCCC,CCCCC(=O)CCCC,WSGCRAOTEDLMFQ,C9H18O,C:9;H:18;O:1,142.242,10,0,0,1,17.07,2.935900000000001,0,6,0.0,1,2,0.21052631578947367,nextgen_prospective_024,,,
mobley_3325209,COC(c1ccccc1)(OC)OC,COC(OC)(OC)c1ccccc1,IECKAVQTURBPON,C10H14O3,C:10;H:14;O:3,182.21899999999994,13,0,0,3,27.69,1.7360999999999998,1,4,0.46153846153846156,3,2,0.2916666666666667,nextgen_prospective_020,,,
mobley_3359593,CCCc1ccc(c(c1)OC)O,CCCc1ccc(O)c(OC)c1,PXIKRTCSSLJURC,C10H14O2,C:10;H:14;O:2,166.21999999999997,12,0,1,2,29.46,2.3533000000000004,1,3,0.5,2,2,0.17073170731707318,dev_aza_aryl_ether,,,
mobley_3378420,CCCCCCCCCO,CCCCCCCCCO,ZWRUINPWMLAQRD,C9H20O,C:9;H:20;O:1,144.258,10,0,1,1,20.23,2.7293000000000016,0,7,0.0,1,2,0.23529411764705882,prospective_diverse_02,,,
mobley_3395921,C1CCOCC1,C1CCOCC1,DHXVGJBLRPWPCS,C5H10O,C:5;H:10;O:1,86.134,6,0,0,1,9.23,1.1869,1,0,0.0,1,2,0.5,prospective_diverse_03,,,
mobley_3414356,CCCC(C)(C)O,CCCC(C)(C)O,WFRBDWRZVBPBDO,C6H14O,C:6;H:14;O:1,102.17699999999998,7,0,1,1,20.23,1.5574,0,2,0.0,1,2,0.1875,nextgen_prospective_004,,,
mobley_349850,Cc1ccc(cc1)C(=O)C,CC(=O)c1ccc(C)cc1,GNKZMNRKLCTJAY,C9H10O,C:9;H:10;O:1,134.178,10,0,0,1,17.07,2.1976199999999997,1,1,0.6,1,2,0.18518518518518517,nextgen_prospective_016,,,
mobley_3515580,COc1ccccc1O,COc1ccccc1O,LHGVFZTZFXWLCP,C7H8O2,C:7;H:8;O:2,124.13899999999997,9,0,1,2,29.46,1.4008,1,1,0.6666666666666666,2,2,0.25,dev_aza_aryl_ether,,,
mobley_352111,CC(=O)OCCOC(=O)C,CC(=O)OCCOC(C)=O,JTXMVXSTHSMVQF,C6H10O4,C:6;H:10;O:4,146.142,10,0,0,4,52.6,0.11260000000000003,0,3,0.0,4,2,0.5555555555555556,nextgen_prospective_016,,,
mobley_3546460,CCCCCCO,CCCCCCO,ZSIAUFGUXNUGDI,C6H14O,C:6;H:14;O:1,102.17699999999999,7,0,1,1,20.23,1.559,0,4,0.0,1,2,0.23529411764705882,prospective_diverse_02,,,
mobley_3572203,CCCCCOC(=O)CC,CCCCCOC(=O)CC,TWSRVQVEYJNFKQ,C8H16O2,C:8;H:16;O:2,144.21399999999997,10,0,0,2,26.3,2.1298000000000004,0,5,0.0,2,2,0.25,nextgen_prospective_016,,,
mobley_3573480,CCCCCC(=O)C,CCCCCC(C)=O,CATSNJVOTSVZJV,C7H14O,C:7;H:14;O:1,114.18799999999999,8,0,0,1,17.07,2.1557000000000004,0,4,0.0,1,2,0.2916666666666667,nextgen_prospective_016,,,
mobley_36119,CCCCCCCCO,CCCCCCCCO,KBPLFHHGFOOTCA,C8H18O,C:8;H:18;O:1,130.23100000000002,9,0,1,1,20.23,2.3392000000000013,0,6,0.0,1,2,0.23529411764705882,prospective_diverse_02,,,
mobley_3663158,c1ccc2cc(ccc2c1)O,Oc1ccc2ccccc2c1,JWAZRIHNYRIHIV,C10H8O,C:10;H:8;O:1,144.17299999999997,11,0,1,1,20.23,2.545400000000001,2,0,0.9090909090909091,1,2,0.30434782608695654,nextgen_prospective_002,,,
mobley_3682850,C1CCC(=O)CC1,O=C1CCCCC1,JHIVVAPYMSGYDF,C6H10O,C:6;H:10;O:1,98.145,7,0,0,1,17.07,1.5196,1,0,0.0,1,2,0.2222222222222222,nextgen_prospective_007,,,
mobley_3686115,CCOC(C)OCC,CCOC(C)OCC,DHKHKXVYLBGOIT,C6H14O2,C:6;H:14;O:2,118.176,8,0,0,2,18.46,1.4054,0,4,0.0,2,2,0.21052631578947367,nextgen_prospective_012,,,
mobley_3690931,CCCC(=O)OCCC,CCCOC(=O)CCC,HUAZGNHGCJGYNP,C7H14O2,C:7;H:14;O:2,130.18699999999998,9,0,0,2,26.3,1.7397,0,4,0.0,2,2,0.2692307692307692,nextgen_prospective_016,,,
mobley_3727287,C1=CC(=O)C=CC1=O,O=C1C=CC(=O)C=C1,AZQWKYJCGOJGHM,C6H4O2,C:6;H:4;O:2,108.09599999999998,8,0,0,2,34.14,0.25059999999999993,1,0,0.0,2,2,0.1875,nextgen_prospective_007,,,
mobley_3867265,CC(=O)C,CC(C)=O,CSCPPACGZOOCGX,C3H6O,C:3;H:6;O:1,58.08,4,0,0,1,17.07,0.5952999999999999,0,0,0.0,1,2,0.3333333333333333,nextgen_prospective_014,,,
mobley_3968043,C1CCC(=O)C1,O=C1CCCC1,BGTOWKSIORTVQH,C5H8O,C:5;H:8;O:1,84.118,6,0,0,1,17.07,1.1295,1,0,0.0,1,2,0.23529411764705882,nextgen_prospective_007,,,
mobley_3968739,COC(=O)c1ccccc1,COC(=O)c1ccccc1,QPJVMBTYPHYUOC,C8H8O2,C:8;H:8;O:2,136.14999999999998,10,0,0,2,26.3,1.4732,1,1,0.6,2,2,0.3181818181818182,nextgen_prospective_014,,,
mobley_3969312,c1ccc(cc1)C=O,O=Cc1ccccc1,HUMNYLRZRPPJDN,C7H6O,C:7;H:6;O:1,106.12399999999997,8,0,0,1,17.07,1.4990999999999999,1,1,0.75,1,2,0.3333333333333333,nextgen_prospective_015,,,
mobley_397645,CCOC(=O)c1ccccc1,CCOC(=O)c1ccccc1,MTZQAGJQAFMTAQ,C9H10O2,C:9;H:10;O:2,150.177,11,0,0,2,26.3,1.8633,1,2,0.5454545454545454,2,2,0.2413793103448276,nextgen_prospective_020,,,
mobley_3982371,CC(=O)OC,COC(C)=O,KXKVLQRXCPHEJC,C3H6O2,C:3;H:6;O:2,74.07900000000001,5,0,0,2,26.3,0.17930000000000001,0,0,0.0,2,2,0.5384615384615384,nextgen_prospective_014,,,
mobley_4013838,CC(C)C(=O)C(C)C,CC(C)C(=O)C(C)C,HXVNBWAKAOHACI,C7H14O,C:7;H:14;O:1,114.18799999999997,8,0,0,1,17.07,1.8675,0,2,0.0,1,2,0.25,nextgen_prospective_014,,,
mobley_4035953,Cc1ccccc1O,Cc1ccccc1O,QWVGKYWNOKOFNN,C7H8O,C:7;H:8;O:1,108.13999999999999,8,0,1,1,20.23,1.70062,1,0,0.75,1,2,0.2608695652173913,nextgen_prospective_020,,,
mobley_4463913,CC(OC(=O)C)OC(=O)C,CC(=O)OC(C)OC(C)=O,ACKALUBLCWJVNB,C6H10O4,C:6;H:10;O:4,146.14199999999997,10,0,0,4,52.6,0.4586,0,2,0.0,4,2,0.3181818181818182,nextgen_prospective_016,,,
mobley_4587267,C([C@H]([C@H]([C@@H]([C@@H](CO)O)O)O)O)O,OC[C@@H](O)[C@@H](O)[C@H](O)[C@H](O)CO,FBPFZTCFMRRESA,C6H14O6,C:6;H:14;O:6,182.172,12,0,6,6,121.38000000000001,-3.585399999999998,0,5,0.0,6,2,0.3333333333333333,nextgen_prospective_006,,,
mobley_4609460,CCOC(=O)c1ccc(cc1)O,CCOC(=O)c1ccc(O)cc1,NUVBSKCKDOMJSU,C9H10O3,C:9;H:10;O:3,166.176,12,0,1,3,46.53,1.5688999999999997,1,2,0.5,3,2,0.2857142857142857,nextgen_prospective_002,,,
mobley_4620651,COC(=O)C1CC1,COC(=O)C1CC1,PKAHQJNJPDVTDP,C5H8O2,C:5;H:8;O:2,100.117,7,0,0,2,26.3,0.5693999999999999,1,1,0.0,2,2,0.3684210526315789,nextgen_prospective_014,,,
mobley_4630641,COCCOC,COCCOC,XTHFKEDIFFGKHM,C4H10O2,C:4;H:10;O:2,90.122,6,0,0,2,18.46,0.2792,0,3,0.0,2,2,0.3125,dev_cyano_ether,,,
mobley_4639255,C(CO)O,OCCO,LYCAIKOWRPUZTN,C2H6O2,C:2;H:6;O:2,62.068000000000005,4,0,2,2,40.46,-1.029,0,1,0.0,2,2,0.4444444444444444,prospective_diverse_02,,,
mobley_4683624,CCCc1ccc(cc1)O,CCCc1ccc(O)cc1,KLSLBUSXWBJMEC,C9H12O,C:9;H:12;O:1,136.19399999999996,10,0,1,1,20.23,2.344700000000001,1,2,0.6,1,2,0.34782608695652173,nextgen_prospective_002,,,
mobley_4687447,CCCOCCO,CCCOCCO,YEYKMVJDLWJFOA,C5H12O2,C:5;H:12;O:2,104.14899999999999,7,0,1,2,29.46,0.40530000000000005,0,4,0.0,2,2,0.21052631578947367,prospective_diverse_02,,,
mobley_4690963,CCOCCOCC,CCOCCOCC,LZDKZFUFMNSQCJ,C6H14O2,C:6;H:14;O:2,118.176,8,0,0,2,18.46,1.0594000000000001,0,5,0.0,2,2,0.23076923076923078,nextgen_prospective_004,,,
mobley_4694328,CCCCCCCC=O,CCCCCCCC=O,NUJGJRNETVAIRJ,C8H16O,C:8;H:16;O:1,128.215,9,0,0,1,17.07,2.5458000000000007,0,6,0.0,1,2,0.19047619047619047,nextgen_prospective_017,,,
mobley_4780078,Cc1ccc(c(c1)C)O,Cc1ccc(O)c(C)c1,KUFFULVDNCHOFZ,C8H10O,C:8;H:10;O:1,122.16699999999999,9,0,1,1,20.23,2.00904,1,0,0.6666666666666666,1,2,0.2,nextgen_prospective_002,,,
mobley_4792268,CCCCC(=O)O,CCCCC(=O)O,NQPDZGIKBAWPEJ,C5H10O2,C:5;H:10;O:2,102.13299999999998,7,0,1,1,37.3,1.2612,0,3,0.0,2,2,0.2,nextgen_prospective_016,,,
mobley_486214,COc1cccc(c1O)OC,COc1cccc(OC)c1O,KLIDCXVFHGNTTM,C8H10O3,C:8;H:10;O:3,154.16499999999996,11,0,1,3,38.69,1.4093999999999998,1,2,0.5454545454545454,3,2,0.25806451612903225,dev_aza_aryl_ether,,,
mobley_4924862,CC(C)CCOC=O,CC(C)CCOC=O,XKYICAQFSCFURC,C6H12O2,C:6;H:12;O:2,116.15999999999998,8,0,0,2,26.3,1.2055,0,4,0.0,2,2,0.17391304347826086,nextgen_prospective_017,,,
mobley_4934872,CCOC(OCC)Oc1ccccc1,CCOC(OCC)Oc1ccccc1,QTURWMMVIIBRRP,C11H16O3,C:11;H:16;O:3,196.24600000000004,14,0,0,3,27.69,2.4220000000000006,1,6,0.42857142857142855,3,2,0.2413793103448276,nextgen_prospective_020,4.0,0.7977911033830423,9c0060fb436e2b04047d48bc6e0a89f60a6553fbfff5b97dc0d2b243a86c29a4
mobley_5006685,CC(=C)[C@H]1CCC(=CC1)C=O,C=C(C)[C@@H]1CC=C(C=O)CC1,RUMOYJJNUMEFDD,C10H14O,C:10;H:14;O:1,150.221,11,0,0,1,17.07,2.4879000000000007,1,2,0.0,1,2,0.15,nextgen_prospective_015,,,
mobley_5056289,C[C@H]1CCCO1,C[C@H]1CCCO1,JWUJQDFVADABEY,C5H10O,C:5;H:10;O:1,86.134,6,0,0,1,9.23,1.1853,1,0,0.0,1,2,0.17857142857142858,dev_oxazolidinone,,,
mobley_5079234,CCCCCCCO,CCCCCCCO,BBMCTIGTTCKYKF,C7H16O,C:7;H:16;O:1,116.204,8,0,1,1,20.23,1.9491,0,5,0.0,1,2,0.23529411764705882,prospective_diverse_02,,,
mobley_5123639,C[C@H](CC(C)C)O,CC(C)C[C@@H](C)O,WVYWICLMDOOCFB,C6H14O,C:6;H:14;O:1,102.17699999999999,7,0,1,1,20.23,1.4133,0,2,0.0,1,2,0.4375,nextgen_prospective_012,,,
mobley_5311804,c1ccc(cc1)CO,OCc1ccccc1,WVDDGKGOMKODPV,C7H8O,C:7;H:8;O:1,108.13999999999997,8,0,1,1,20.23,1.1788999999999998,1,1,0.75,1,2,0.2727272727272727,nextgen_prospective_020,,,
mobley_5346580,CC(=O)C(C)(C)C,CC(=O)C(C)(C)C,PJGSXYOJTGTZAV,C6H12O,C:6;H:12;O:1,100.16099999999999,7,0,0,1,17.07,1.6215,0,0,0.0,1,2,0.25,nextgen_prospective_014,,,
mobley_5390332,CCCC(=O)OC,CCCC(=O)OC,UUIQMZJEGPQKFD,C5H10O2,C:5;H:10;O:2,102.13299999999998,7,0,0,2,26.3,0.9595,0,2,0.0,2,2,0.3684210526315789,nextgen_prospective_014,,,
mobley_5467162,CC(C)(C)c1ccc(cc1)O,CC(C)(C)c1ccc(O)cc1,QHPQWRBYOIRBIT,C10H14O,C:10;H:14;O:1,150.22099999999998,11,0,1,1,20.23,2.6897000000000015,1,0,0.5454545454545454,1,2,0.38095238095238093,nextgen_prospective_002,,,
mobley_5471704,CC(C)CCOC(=O)C,CC(=O)OCCC(C)C,MLFHJEHSLIIPHL,C7H14O2,C:7;H:14;O:2,130.18699999999998,9,0,0,2,26.3,1.5956000000000001,0,3,0.0,2,2,0.4166666666666667,nextgen_prospective_016,,,
mobley_550662,CC(OC)(OC)OC,COC(C)(OC)OC,HDPNBNXLBDFELL,C5H12O3,C:5;H:12;O:3,120.14799999999998,8,0,0,3,27.69,0.5992999999999999,0,3,0.0,3,2,0.1875,nextgen_prospective_013,,,
mobley_5616693,C[C@@H]1CC[C@H](C(=O)C1)C(C)C,CC(C)[C@@H]1CC[C@@H](C)CC1=O,NFLGAXVYCFJBMK,C10H18O,C:10;H:18;O:1,154.253,11,0,0,1,17.07,2.6477000000000013,1,1,0.0,1,2,0.17647058823529413,dev_oxazolidinone,,,
mobley_5627459,CC(C)C=O,CC(C)C=O,AMIMRNSIRUDHCM,C4H8O,C:4;H:8;O:1,72.107,5,0,0,1,17.07,0.8412999999999999,0,1,0.0,1,2,0.2857142857142857,nextgen_prospective_017,,,
mobley_5747981,COCC(OC)(OC)OC,COCC(OC)(OC)OC,VPZFYLQMPOIPKH,C6H14O4,C:6;H:14;O:4,150.17399999999998,10,0,0,4,36.92,0.2258,0,5,0.0,4,2,0.23809523809523808,dev_cyano_ether,,,
mobley_5759258,CCCCCO,CCCCCO,AMQJEAYHLZJPGS,C5H12O,C:5;H:12;O:1,88.14999999999999,6,0,1,1,20.23,1.1689,0,3,0.0,1,2,0.25,prospective_diverse_02,,,
mobley_5816127,COCCO,COCCO,XNWFRZJHXBZDAG,C3H8O2,C:3;H:8;O:2,76.095,5,0,1,2,29.46,-0.37489999999999996,0,2,0.0,2,2,0.25,dev_cyano_ether,,,
mobley_5880265,CCCCOCCO,CCCCOCCO,POAOYUHQDCAZBD,C6H14O2,C:6;H:14;O:2,118.17599999999999,8,0,1,2,29.46,0.7953999999999999,0,5,0.0,2,2,0.19047619047619047,prospective_diverse_02,,,
mobley_5890803,CCCOC(=O)CC,CCCOC(=O)CC,MCSINKKTEDDPNK,C6H12O2,C:6;H:12;O:2,116.15999999999998,8,0,0,2,26.3,1.3496000000000001,0,3,0.0,2,2,0.28,nextgen_prospective_016,,,
mobley_5917842,Cc1ccc(c(c1)OC)O,COc1cc(C)ccc1O,PETRWTHZSKVLRE,C8H10O2,C:8;H:10;O:2,138.166,10,0,1,2,29.46,1.70922,1,1,0.6,2,2,0.19444444444444445,dev_aza_aryl_ether,,,
mobley_5973402,CC(C)CCO,CC(C)CCO,PHTQWCKDNZKARW,C5H12O,C:5;H:12;O:1,88.14999999999999,6,0,1,1,20.23,1.0248,0,2,0.0,1,2,0.2777777777777778,nextgen_prospective_012,,,
mobley_6081058,CCCCC/C=C/C=O,CCCCC/C=C/C=O,LVBXEMGDVWVTGY,C8H14O,C:8;H:14;O:1,126.19899999999997,9,0,0,1,17.07,2.3218000000000005,0,5,0.0,1,2,0.16666666666666666,nextgen_prospective_017,,,
mobley_6102880,c1ccc(cc1)Oc2ccccc2,c1ccc(Oc2ccccc2)cc1,USIUVYZYUHIAEV,C12H10O,C:12;H:10;O:1,170.21099999999998,13,0,0,1,9.23,3.478900000000001,2,2,0.9230769230769231,1,2,0.3,nextgen_prospective_020,,,
mobley_6175884,Cc1ccc(cc1)C=O,Cc1ccc(C=O)cc1,FXLOVSHXALFLKQ,C8H8O,C:8;H:8;O:1,120.15099999999998,9,0,0,1,17.07,1.80752,1,1,0.6666666666666666,1,2,0.25925925925925924,nextgen_prospective_015,,,
mobley_6198745,CC(=O)OCC(COC(=O)C)OC(=O)C,CC(=O)OCC(COC(C)=O)OC(C)=O,URAYPUMNDPQOKB,C9H14O6,C:9;H:14;O:6,218.20499999999998,15,0,0,6,78.9,0.044299999999999784,0,5,0.0,6,2,0.4166666666666667,nextgen_prospective_016,,,
mobley_6201330,CCCOC(=O)c1ccc(cc1)O,CCCOC(=O)c1ccc(O)cc1,QELSKZZBTMNZEB,C10H12O3,C:10;H:12;O:3,180.20299999999997,13,0,1,3,46.53,1.959,1,3,0.46153846153846156,3,2,0.26666666666666666,nextgen_prospective_002,,,
mobley_632905,CC(=O)c1ccc(cc1)OC,COc1ccc(C(C)=O)cc1,NTPLXRHDUXRPNE,C9H10O2,C:9;H:10;O:2,150.17699999999996,11,0,0,2,26.3,1.8978,1,2,0.5454545454545454,2,2,0.25,nextgen_prospective_014,,,
mobley_6456034,CC(C)COC(=O)C(C)C,CC(C)COC(=O)C(C)C,RXGUIWHIADMCFC,C8H16O2,C:8;H:16;O:2,144.21399999999997,10,0,0,2,26.3,1.8416000000000001,0,3,0.0,2,2,0.28,nextgen_prospective_016,,,
mobley_6497672,C/C=C/C=O,C/C=C/C=O,MLUCVPSAIODCQM,C4H6O,C:4;H:6;O:1,70.09100000000001,5,0,0,1,17.07,0.7614000000000001,0,1,0.0,1,2,0.25,nextgen_prospective_017,,,
mobley_6619554,CCCCC(=O)OCC,CCCCC(=O)OCC,ICMAFTSLXCXHRK,C7H14O2,C:7;H:14;O:2,130.18699999999998,9,0,0,2,26.3,1.7397,0,4,0.0,2,2,0.25925925925925924,nextgen_prospective_016,,,
mobley_6632459,CCC=O,CCC=O,NBBJYMSMWIIQGU,C3H6O,C:3;H:6;O:1,58.08,4,0,0,1,17.07,0.5952999999999999,0,1,0.0,1,2,0.2857142857142857,nextgen_prospective_017,,,
mobley_6743808,Cc1ccc(cc1C)O,Cc1ccc(O)cc1C,YCOXTKKNXUZSKD,C8H10O,C:8;H:10;O:1,122.16699999999999,9,0,1,1,20.23,2.00904,1,0,0.6666666666666666,1,2,0.3181818181818182,nextgen_prospective_002,,,
mobley_6854178,CC(C)OC=O,CC(C)OC=O,RMOUBSOVHSONPZ,C4H8O2,C:4;H:8;O:2,88.106,6,0,0,2,26.3,0.5678,0,2,0.0,2,2,0.2222222222222222,nextgen_prospective_017,,,
mobley_6911232,CCOC,CCOC,XOBKSJJDNFUZPF,C3H8O,C:3;H:8;O:1,60.096000000000004,4,0,0,1,9.23,0.6527000000000001,0,1,0.0,1,2,0.3125,dev_cyano_ether,,,
mobley_6935906,CC(=CCC[C@](C)(C=C)OC(=O)C)C,C=C[C@@](C)(CCC=C(C)C)OC(C)=O,UWKAYLJWKGQEPM,C12H20O2,C:12;H:20;O:2,196.29,14,0,0,2,26.3,3.2406000000000024,0,5,0.0,2,2,0.22857142857142856,nextgen_prospective_016,,,
mobley_6973347,CCOC(=O)C,CCOC(C)=O,XEKOWRVHYACXOJ,C4H8O2,C:4;H:8;O:2,88.106,6,0,0,2,26.3,0.5694,0,1,0.0,2,2,0.5263157894736842,nextgen_prospective_016,,,
mobley_6978427,COC(=O)C1CCCCC1,COC(=O)C1CCCCC1,ZQWPRMPSCMSAJU,C8H14O2,C:8;H:14;O:2,142.19799999999998,10,0,0,2,26.3,1.7397,1,1,0.0,2,2,0.3181818181818182,nextgen_prospective_014,,,
mobley_6981465,CC(C)OC(=O)C,CC(=O)OC(C)C,JMMWKPVZQRWMSS,C5H10O2,C:5;H:10;O:2,102.133,7,0,0,2,26.3,0.9579,0,1,0.0,2,2,0.3181818181818182,nextgen_prospective_016,,,
mobley_7009711,Cc1cc(cc(c1)O)C,Cc1cc(C)cc(O)c1,TUAMRELNJMMDMT,C8H10O,C:8;H:10;O:1,122.16699999999997,9,0,1,1,20.23,2.0090399999999997,1,0,0.6666666666666666,1,2,0.23809523809523808,nextgen_prospective_002,,,
mobley_7010316,C1CCC(CC1)O,OC1CCCCC1,HPXRVTGHNJAIIH,C6H12O,C:6;H:12;O:1,100.161,7,0,1,1,20.23,1.3114,1,0,0.0,1,2,0.13333333333333333,pros_sulfonyl_piperidinol,,,
mobley_7039935,c1ccc2c(c1)cccc2O,Oc1cccc2ccccc12,KJCVRFUGPWSIIH,C10H8O,C:10;H:8;O:1,144.17299999999997,11,0,1,1,20.23,2.545400000000001,2,0,0.9090909090909091,1,2,0.2,nextgen_prospective_002,,,
mobley_7227357,CCC(CC)O,CCC(O)CC,AQIXEPGDORPWBJ,C5H12O,C:5;H:12;O:1,88.14999999999999,6,0,1,1,20.23,1.1673,0,2,0.0,1,2,0.3125,nextgen_prospective_012,,,
mobley_7295828,COc1ccccc1,COc1ccccc1,RDOXTESZEPMUJZ,C7H8O,C:7;H:8;O:1,108.13999999999997,8,0,0,1,9.23,1.6952,1,1,0.75,1,2,0.3333333333333333,nextgen_prospective_020,,,
mobley_7326982,CC(C)O,CC(C)O,KFZMGEQAYNKOFK,C3H8O,C:3;H:8;O:1,60.096000000000004,4,0,1,1,20.23,0.38710000000000006,0,0,0.0,1,2,0.4166666666666667,nextgen_prospective_012,,,
mobley_7364468,CC1=CC(=O)CC(C1)(C)C,CC1=CC(=O)CC(C)(C)C1,HJOVHMDZYOCNQW,C9H14O,C:9;H:14;O:1,138.21,10,0,0,1,17.07,2.3218000000000005,1,0,0.0,1,2,0.15151515151515152,dev_oxazolidinone,,,
mobley_7375018,CCCCCCCCCC(=O)C,CCCCCCCCCC(C)=O,KYWIYKKSMDLRDC,C11H22O,C:11;H:22;O:1,170.296,12,0,0,1,17.07,3.7161000000000026,0,8,0.0,1,2,0.28,nextgen_prospective_016,,,
mobley_7393673,COc1ccc(cc1)C(=O)OC,COC(=O)c1ccc(OC)cc1,DDIZAANNODHTRB,C9H10O3,C:9;H:10;O:3,166.17599999999996,12,0,0,3,35.53,1.4818,1,2,0.5,3,2,0.2916666666666667,nextgen_prospective_014,,,
mobley_7417968,CCOCCOC(=O)C,CCOCCOC(C)=O,SVONRAPFKPVNKG,C6H12O3,C:6;H:12;O:3,132.159,9,0,0,3,35.53,0.586,0,4,0.0,3,2,0.4166666666666667,nextgen_prospective_016,,,
mobley_7455579,CC(C)COC=O,CC(C)COC=O,AVMSWPWPYJVYKY,C5H10O2,C:5;H:10;O:2,102.13299999999998,7,0,0,2,26.3,0.8154,0,3,0.0,2,2,0.19047619047619047,nextgen_prospective_017,,,
mobley_7463799,c1ccc(cc1)CCCO,OCCCc1ccccc1,VAJVDSVGBWFCLW,C9H12O,C:9;H:12;O:1,136.194,10,0,1,1,20.23,1.6115000000000002,1,3,0.6,1,2,0.23076923076923078,nextgen_prospective_020,,,
mobley_7497999,CC(=O)c1ccccc1,CC(=O)c1ccccc1,KWOLFJPFCHCOCG,C8H8O,C:8;H:8;O:1,120.15099999999995,9,0,0,1,17.07,1.8892,1,1,0.6666666666666666,1,2,0.30434782608695654,nextgen_prospective_020,,,
mobley_7542832,CCCOCCC,CCCOCCC,POLCUAVZOMRGSN,C6H14O,C:6;H:14;O:1,102.17699999999999,7,0,0,1,9.23,1.823,0,4,0.0,1,2,0.23076923076923078,nextgen_prospective_004,,,
mobley_7573149,CCCOC(=O)C,CCCOC(C)=O,YKYONYBAUNKHLG,C5H10O2,C:5;H:10;O:2,102.13299999999998,7,0,0,2,26.3,0.9595,0,2,0.0,2,2,0.47619047619047616,nextgen_prospective_016,,,
mobley_7608435,CCCCCCCC(=O)OC,CCCCCCCC(=O)OC,JGHZJRVDZXSNKQ,C9H18O2,C:9;H:18;O:2,158.24099999999999,11,0,0,2,26.3,2.5199000000000007,0,6,0.0,2,2,0.30434782608695654,nextgen_prospective_014,,,
mobley_7610437,CC[C@H](C(C)C)O,CC[C@@H](O)C(C)C,ISTJMQSHILQAEC,C6H14O,C:6;H:14;O:1,102.17699999999999,7,0,1,1,20.23,1.4133,0,2,0.0,1,2,0.3333333333333333,nextgen_prospective_012,,,
mobley_7676709,CC1=CC(=O)[C@@H](CC1)C(C)C,CC1=CC(=O)[C@H](C(C)C)CC1,YSTPAHQEHQSRJD,C10H16O,C:10;H:16;O:1,152.237,11,0,0,1,17.07,2.567800000000001,1,1,0.0,1,2,0.16666666666666666,dev_oxazolidinone,,,
mobley_7688753,c1cc(cc(c1)O)C=O,O=Cc1cccc(O)c1,IAVREABSGIHHMO,C7H6O2,C:7;H:6;O:2,122.12299999999996,9,0,1,2,37.3,1.2046999999999997,1,1,0.6666666666666666,2,2,0.26666666666666666,nextgen_prospective_015,,,
mobley_7758918,CCC(=O)O,CCC(=O)O,XBDQKXXYIPTUBI,C3H6O2,C:3;H:6;O:2,74.079,5,0,1,1,37.3,0.481,0,1,0.0,2,2,0.26666666666666666,nextgen_prospective_024,,,
mobley_7859387,CCCCCCC=O,CCCCCCC=O,FXHGMKSSBGDXIY,C7H14O,C:7;H:14;O:1,114.18799999999999,8,0,0,1,17.07,2.1557000000000004,0,5,0.0,1,2,0.19047619047619047,nextgen_prospective_017,,,
mobley_7912193,CCCCOC(=O)c1ccc(cc1)O,CCCCOC(=O)c1ccc(O)cc1,QFOHBWFCKVYLES,C11H14O3,C:11;H:14;O:3,194.23,14,0,1,3,46.53,2.3491000000000004,1,4,0.42857142857142855,3,2,0.25,nextgen_prospective_002,,,
mobley_7913234,CCCCOC[C@H](C)O,CCCCOC[C@H](C)O,RWNUSVWFHDHRCJ,C7H16O2,C:7;H:16;O:2,132.203,9,0,1,2,29.46,1.1839,0,5,0.0,2,2,0.2916666666666667,nextgen_prospective_012,,,
mobley_7943327,CCC(=O)OCC,CCOC(=O)CC,FKRCODPIKNYEAC,C5H10O2,C:5;H:10;O:2,102.133,7,0,0,2,26.3,0.9595,0,2,0.0,2,2,0.30434782608695654,nextgen_prospective_016,,,
mobley_7977115,CCC[C@H](CC)O,CCC[C@@H](O)CC,ZOCHHNOQQHDWHG,C6H14O,C:6;H:14;O:1,102.17699999999999,7,0,1,1,20.23,1.5574,0,3,0.0,1,2,0.25,nextgen_prospective_012,,,
mobley_7983227,CC[C@@H](C)CO,CC[C@@H](C)CO,QPRQEDXDYOZYLA,C5H12O,C:5;H:12;O:1,88.14999999999999,6,0,1,1,20.23,1.0248,0,2,0.0,1,2,0.29411764705882354,nextgen_prospective_006,,,
mobley_7988076,c1cc(ccc1C=O)O,O=Cc1ccc(O)cc1,RGHHSNMVTDWUBI,C7H6O2,C:7;H:6;O:2,122.12299999999996,9,0,1,2,37.3,1.2046999999999997,1,1,0.6666666666666666,2,2,0.38095238095238093,nextgen_prospective_002,,,
mobley_8118832,C=CCO,C=CCO,XXROGKLTLUQVRX,C3H6O,C:3;H:6;O:1,58.08,4,0,1,1,20.23,0.1647,0,1,0.0,1,2,0.21428571428571427,prospective_diverse_02,,,
mobley_819018,CC(=CCC/C(=C/CO)/C)C,CC(C)=CCC/C(C)=C/CO,GLZPCOQZEFWAFX,C10H18O,C:10;H:18;O:1,154.253,11,0,1,1,20.23,2.671400000000001,0,4,0.0,1,2,0.13333333333333333,nextgen_prospective_016,,,
mobley_820789,CCCC(=O)O,CCCC(=O)O,FERIUCNNQQJTOY,C4H8O2,C:4;H:8;O:2,88.10599999999998,6,0,1,1,37.3,0.8711,0,2,0.0,2,2,0.2222222222222222,nextgen_prospective_024,,,
mobley_8337722,C[C@@H]1CC[C@H]([C@@H](C1)O)C(C)C,CC(C)[C@@H]1CC[C@@H](C)C[C@H]1O,NOOLISFMXDJSKH,C10H20O,C:10;H:20;O:1,156.26899999999998,11,0,1,1,20.23,2.4395000000000007,1,1,0.0,1,2,0.15789473684210525,pros_sulfonyl_piperidinol,2.0,0.8516030656076058,2fdda4c08cace0839b79c5aacdb7609cce1cb8b816dd101dd848c577f9cb89f9
mobley_8337977,CC(C)CC(=O)C,CC(=O)CC(C)C,NTIZESTWPVYFNL,C6H12O,C:6;H:12;O:1,100.16099999999999,7,0,0,1,17.07,1.6215,0,2,0.0,1,2,0.3181818181818182,nextgen_prospective_016,,,
mobley_8492526,CCCCC=O,CCCCC=O,HGBOYTHUEUWSSQ,C5H10O,C:5;H:10;O:1,86.13399999999999,6,0,0,1,17.07,1.3755,0,3,0.0,1,2,0.21052631578947367,nextgen_prospective_017,,,
mobley_8514745,CCCCCOC(=O)C,CCCCCOC(C)=O,PGMYKACGEOXYJE,C7H14O2,C:7;H:14;O:2,130.18699999999998,9,0,0,2,26.3,1.7397,0,4,0.0,2,2,0.4166666666666667,nextgen_prospective_016,,,
mobley_8573194,CCCC=O,CCCC=O,ZTQSAGDEMFDKMZ,C4H8O,C:4;H:8;O:1,72.107,5,0,0,1,17.07,0.9854,0,2,0.0,1,2,0.23529411764705882,nextgen_prospective_017,,,
mobley_859464,CC(C)COC(=O)C,CC(=O)OCC(C)C,GJRQTCIYDGXPES,C6H12O2,C:6;H:12;O:2,116.15999999999998,8,0,0,2,26.3,1.2055,0,2,0.0,2,2,0.45454545454545453,nextgen_prospective_016,,,
mobley_8691603,Cc1cccc(c1)O,Cc1cccc(O)c1,RLSSMJSEOOYNOY,C7H8O,C:7;H:8;O:1,108.13999999999999,8,0,1,1,20.23,1.7006199999999996,1,0,0.75,1,2,0.25,nextgen_prospective_002,,,
mobley_8739734,CC(C)C(=O)C,CC(=O)C(C)C,SYBYTAAJFKOIEJ,C5H10O,C:5;H:10;O:1,86.13399999999999,6,0,0,1,17.07,1.2314,0,1,0.0,1,2,0.25,nextgen_prospective_014,,,
mobley_8754702,CCCOC=O,CCCOC=O,KFNNIILCVOLYIR,C4H8O2,C:4;H:8;O:2,88.10599999999998,6,0,0,2,26.3,0.5694,0,3,0.0,2,2,0.2,nextgen_prospective_017,,,
mobley_8785107,C[C@H]1CC[C@@H](O1)C,C[C@H]1CC[C@H](C)O1,OXMIDRBAFOEOQT,C6H12O,C:6;H:12;O:1,100.16099999999999,7,0,0,1,9.23,1.5737999999999999,1,0,0.0,1,2,0.13333333333333333,prospective_diverse_03,,,
mobley_8882696,C1CCOC1,C1CCOC1,WYURNTSHIVDZCO,C4H8O,C:4;H:8;O:1,72.107,5,0,0,1,9.23,0.7968,1,0,0.0,1,2,0.5555555555555556,prospective_diverse_03,,,
mobley_8883511,Cc1ccccc1C=O,Cc1ccccc1C=O,BTFQKIATRPGRBS,C8H8O,C:8;H:8;O:1,120.15099999999998,9,0,0,1,17.07,1.80752,1,1,0.6666666666666666,1,2,0.2857142857142857,nextgen_prospective_015,,,
mobley_8899867,C1CCC(C1)O,OC1CCCC1,XCIXKGXIYUWCLL,C5H10O,C:5;H:10;O:1,86.134,6,0,1,1,20.23,0.9213,1,0,0.0,1,2,0.13793103448275862,pros_sulfonyl_piperidinol,,,
mobley_9407874,CCCCCCC(=O)C,CCCCCCC(C)=O,ZPVFWPFBNIEHGJ,C8H16O,C:8;H:16;O:1,128.21499999999997,9,0,0,1,17.07,2.5458000000000007,0,5,0.0,1,2,0.28,nextgen_prospective_016,,,
mobley_9534740,C([C@@H]1[C@H]([C@@H]([C@H]([C@@H](O1)O)O)O)O)O,OC[C@H]1O[C@@H](O)[C@H](O)[C@@H](O)[C@@H]1O,WQZGKKKJIJFFOK,C6H12O6,C:6;H:12;O:6,180.156,12,0,5,6,110.38000000000001,-3.2213999999999987,1,1,0.0,6,2,0.13636363636363635,prospective_diverse_02,1.0,0.9045454545454545,d27f2a76b4d579f44b95c114083acfd91786c7ad4646aa7032f7ba0b6a758454
mobley_9617923,CCCCCCCCC(=O)C,CCCCCCCCC(C)=O,ZAJNGDIORYACQU,C10H20O,C:10;H:20;O:1,156.269,11,0,0,1,17.07,3.3260000000000023,0,7,0.0,1,2,0.28,nextgen_prospective_016,,,
mobley_9626434,CCOCCO,CCOCCO,ZNQVEEAIQZEUHB,C4H10O2,C:4;H:10;O:2,90.122,6,0,1,2,29.46,0.015200000000000047,0,3,0.0,2,2,0.2222222222222222,prospective_diverse_02,,,
mobley_9653690,CC1=CC[C@H](C[C@@H]1O)C(=C)C,C=C(C)[C@@H]1CC=C(C)[C@@H](O)C1,BAVONGHXFVOKBV,C10H16O,C:10;H:16;O:1,152.23699999999997,11,0,1,1,20.23,2.2797,1,1,0.0,1,2,0.11627906976744186,pros_sulfonyl_piperidinol,,,
mobley_9794857,CC(C)(C)OC,COC(C)(C)C,BZLVMXJERCGZMT,C5H12O,C:5;H:12;O:1,88.14999999999999,6,0,0,1,9.23,1.4313,0,0,0.0,1,2,0.2,nextgen_prospective_013,,,
mobley_9838013,CCC(C)(C)O,CCC(C)(C)O,MSXVEPNJUHWQHW,C5H12O,C:5;H:12;O:1,88.14999999999998,6,0,1,1,20.23,1.1673,0,1,0.0,1,2,0.23076923076923078,nextgen_prospective_004,,,
mobley_9897248,CC(=CCC/C(=C\CO)/C)C,CC(C)=CCC/C(C)=C\CO,GLZPCOQZEFWAFX,C10H18O,C:10;H:18;O:1,154.253,11,0,1,1,20.23,2.671400000000001,0,4,0.0,1,2,0.13333333333333333,nextgen_prospective_016,,,
mobley_1036761,C1CCC(CC1)N,NC1CCCCC1,PAFZNILMFXTMIY,C6H13N,C:6;H:13;N:1,99.17700000000002,7,0,1,1,26.02,1.2778,1,0,0.0,1,3,0.10526315789473684,prospective_diverse_05,,,
mobley_1235151,CCCCC[N+](=O)[O-],CCCCC[N+](=O)[O-],BVALZCVRLDMXOQ,C5H11NO2,C:5;H:11;N:1;O:2,117.148,8,0,0,2,43.14,1.4533,0,4,0.0,3,3,0.47368421052631576,stress_nitroethane,,,
mobley_1328936,COC(=O)c1ccc(cc1)[N+](=O)[O-],COC(=O)c1ccc([N+](=O)[O-])cc1,YOJAHJGBFDPSDI,C8H7NO4,C:8;H:7;N:1;O:4,181.147,13,0,0,4,69.44,1.3814,1,2,0.46153846153846156,5,3,0.25,nextgen_prospective_014,,,
mobley_1363784,Cc1cc(cnc1)C,Cc1cncc(C)c1,HWWYDZCSSYKIAD,C7H9N,C:7;H:9;N:1,107.15599999999999,8,0,0,1,12.89,1.69844,1,0,0.75,1,3,0.14285714285714285,pros_azaaryl_sulfoxide,,,
mobley_1520842,Cc1ccncc1,Cc1ccncc1,FKNQCJSGGFJEIZ,C6H7N,C:6;H:7;N:1,93.12899999999999,7,0,0,1,12.89,1.39002,1,0,0.8571428571428571,1,3,0.25,dev_aza_aryl_ether,,,
mobley_1659169,C1COCCN1,C1COCCN1,YNAVUWVOSKDBBP,C4H9NO,C:4;H:9;N:1;O:1,87.122,6,0,1,2,21.259999999999998,-0.3938000000000001,1,0,0.0,2,3,0.4166666666666667,prospective_diverse_03,,,
mobley_1728386,c1ccc(cc1)C(=O)N,NC(=O)c1ccccc1,KXDAEFPNCMNJSK,C7H7NO,C:7;H:7;N:1;O:1,121.13899999999998,9,0,1,1,43.09,0.7855000000000001,1,1,0.6666666666666666,2,3,0.25,nextgen_prospective_020,,,
mobley_1821184,Cc1c[nH]c2c1cccc2,Cc1c[nH]c2ccccc12,ZFRKQXVRDFCRJG,C9H9N,C:9;H:9;N:1,131.178,10,0,1,0,15.79,2.4763200000000003,2,0,0.9,1,3,0.21428571428571427,nextgen_prospective_020,,,
mobley_1952272,C[N+](=O)[O-],C[N+](=O)[O-],LYGJENNIWJXYER,CH3NO2,C:1;H:3;N:1;O:2,61.040000000000006,4,0,0,2,43.14,-0.10710000000000008,0,0,0.0,3,3,0.46153846153846156,stress_nitroethane,,,
mobley_1963873,CC(=O)NC,CNC(C)=O,OHLUUHNLEMFGTQ,C3H7NO,C:3;H:7;N:1;O:1,73.095,5,0,1,1,29.1,-0.24770000000000003,0,0,0.0,2,3,0.3333333333333333,nextgen_prospective_014,,,
mobley_2123854,c1cc(ccc1C#N)O,N#Cc1ccc(O)cc1,CVNOWLNNPYYEOH,C7H5NO,C:7;H:5;N:1;O:1,119.12299999999998,9,0,1,2,44.019999999999996,1.2638799999999994,1,0,0.6666666666666666,2,3,0.38095238095238093,nextgen_prospective_002,,,
mobley_2371092,Cc1ccncc1C,Cc1ccncc1C,NURQLCJSMXZBPC,C7H9N,C:7;H:9;N:1,107.15599999999999,8,0,0,1,12.89,1.69844,1,0,0.75,1,3,0.1875,dev_aza_aryl_ether,,,
mobley_2451097,c1ccc(cc1)C#N,N#Cc1ccccc1,JFDZBHWFFUWGJE,C7H5N,C:7;H:5;N:1,103.12399999999998,8,0,0,1,23.79,1.5582799999999999,1,0,0.75,1,3,0.2727272727272727,nextgen_prospective_020,,,
mobley_2636578,C(CO[N+](=O)[O-])CO[N+](=O)[O-],O=[N+]([O-])OCCCO[N+](=O)[O-],KOSAMXZBGUIISK,C3H6N2O6,C:3;H:6;N:2;O:6,166.08899999999997,11,0,0,6,104.74000000000001,-0.20690000000000008,0,6,0.0,8,3,0.3,stress_nitroethane,,,
mobley_2659552,Cc1ccc(cc1)C(=O)N(C)C,Cc1ccc(C(=O)N(C)C)cc1,ULKWBVNMJZUEBD,C10H13NO,C:10;H:13;N:1;O:1,163.21999999999997,12,0,0,1,20.310000000000002,1.69682,1,1,0.5,2,3,0.2692307692307692,dev_thio_amide,,,
mobley_2661134,c1cc(cc(c1)O)C#N,N#Cc1cccc(O)c1,SGHBRHKBCLLVCI,C7H5NO,C:7;H:5;N:1;O:1,119.12299999999998,9,0,1,2,44.019999999999996,1.2638799999999997,1,0,0.6666666666666666,2,3,0.2222222222222222,nextgen_prospective_002,,,
mobley_2693089,CC(C)Cc1cnccn1,CC(C)Cc1cnccn1,YAIMUUJMEBJXAA,C8H12N2,C:8;H:12;N:2,136.19799999999998,10,0,0,2,25.78,1.6751,1,2,0.6,2,3,0.15789473684210525,dev_aza_aryl_ether,,,
mobley_2725802,CC(=O)N1CCCC1,CC(=O)N1CCCC1,LNWWQYYLZVZXKS,C6H11NO,C:6;H:11;N:1;O:1,113.16000000000001,8,0,0,1,20.310000000000002,0.6287,1,0,0.0,2,3,0.2,nextgen_prospective_016,,,
mobley_2751110,c1cc(ccc1[N+](=O)[O-])O,O=[N+]([O-])c1ccc(O)cc1,BTJIUGUIPKRLHP,C6H5NO3,C:6;H:5;N:1;O:3,139.10999999999999,10,0,1,3,63.370000000000005,1.3003999999999998,1,1,0.6,4,3,0.34782608695652173,nextgen_prospective_002,,,
mobley_2771569,CN1CCNCC1,CN1CCNCC1,PVOAHINGSUIXLS,C5H12N2,C:5;H:12;N:2,100.16499999999999,7,0,1,2,15.27,-0.4785999999999999,1,0,0.0,2,3,0.3,nextgen_prospective_023,,,
mobley_2782339,c1ccc2c(c1)C(=O)NC2=O,O=C1NC(=O)c2ccccc21,XKJCHHZQLQNZHY,C8H5NO2,C:8;H:5;N:1;O:2,147.13299999999998,11,0,1,2,46.17,0.5702,2,0,0.5454545454545454,3,3,0.20833333333333334,nextgen_prospective_020,,,
mobley_2837389,c1cc[nH]c1,c1cc[nH]c1,KAESVJOAVNADME,C4H5N,C:4;H:5;N:1,67.091,5,0,1,0,15.79,1.0147,1,0,1.0,1,3,0.14285714285714285,nextgen_prospective_018,,,
mobley_2881590,CC(C)CO[N+](=O)[O-],CC(C)CO[N+](=O)[O-],LNNXFUZKZLXPOF,C4H9NO3,C:4;H:9;N:1;O:3,119.11999999999999,8,0,0,3,52.370000000000005,0.8507,0,3,0.0,4,3,0.3181818181818182,stress_nitroethane,,,
mobley_2958326,CCCNCCC,CCCNCCC,WEHWNAOGRSTTBQ,C6H15N,C:6;H:15;N:1,101.193,7,0,1,1,12.03,1.396,0,4,0.0,1,3,0.23076923076923078,nextgen_prospective_004,,,
mobley_296847,c1ccncc1,c1ccncc1,JUJWROOIHBZHMG,C5H5N,C:5;H:5;N:1,79.10199999999998,6,0,0,1,12.89,1.0816,1,0,1.0,1,3,0.4166666666666667,nextgen_prospective_018,,,
mobley_3187514,Cc1ccccc1N,Cc1ccccc1N,RNVCVTLRINQCPJ,C7H9N,C:7;H:9;N:1,107.156,8,0,1,1,26.02,1.57722,1,0,0.75,1,3,0.2916666666666667,nextgen_prospective_010,,,
mobley_3210206,C[C@@H](CO[N+](=O)[O-])O[N+](=O)[O-],C[C@@H](CO[N+](=O)[O-])O[N+](=O)[O-],PSXCGTLGGVDWFU,C3H6N2O6,C:3;H:6;N:2;O:6,166.08899999999997,11,0,0,6,104.74000000000001,-0.20850000000000013,0,5,0.0,8,3,0.28,stress_nitroethane,,,
mobley_3264884,c1ccc2cc(ccc2c1)N,Nc1ccc2ccccc2c1,JBIJLHTVPXGSAM,C10H9N,C:10;H:9;N:1,143.18899999999994,11,0,1,1,26.02,2.4219999999999997,2,0,0.9090909090909091,1,3,0.2692307692307692,nextgen_prospective_010,,,
mobley_3775790,Cn1cccc1,Cn1cccc1,OXHNLMTVIGZXSG,C5H7N,C:5;H:7;N:1,81.118,6,0,0,0,4.93,1.0251,1,0,0.8333333333333334,1,3,0.16666666666666666,dev_oxazolidinone,,,
mobley_3777264,c1cc(cc(c1)[N+](=O)[O-])N,Nc1cccc([N+](=O)[O-])c1,XJCVRTZCHMZPBD,C6H6N2O2,C:6;H:6;N:2;O:2,138.12599999999998,10,0,1,3,69.16,1.1769999999999998,1,1,0.6,4,3,0.1875,nextgen_prospective_010,3.0,0.8144574782429146,0d65f4943f12c2f0fd0bfecac2937b03972adee50c6152b0e10aa95cd36f855d
mobley_3802803,CCCCCCO[N+](=O)[O-],CCCCCCO[N+](=O)[O-],AGDYNDJUZRMYRG,C6H13NO3,C:6;H:13;N:1;O:3,147.174,10,0,0,3,52.370000000000005,1.775,0,6,0.0,4,3,0.3333333333333333,stress_nitroethane,,,
mobley_3843583,c1ccc2c(c1)cccc2N,Nc1cccc2ccccc12,RUFPHBVGCFYCNW,C10H9N,C:10;H:9;N:1,143.18899999999994,11,0,1,1,26.02,2.4219999999999993,2,0,0.9090909090909091,1,3,0.2692307692307692,nextgen_prospective_010,,,
mobley_4059279,CN1CCN(CC1)C,CN1CCN(C)CC1,RXYPXQSKLGGKOL,C6H14N2,C:6;H:14;N:2,114.192,8,0,0,2,6.48,-0.13640000000000008,1,0,0.0,2,3,0.23809523809523808,dev_oxazolidinone,,,
mobley_4188615,CN(C)C(=O)c1ccccc1,CN(C)C(=O)c1ccccc1,IMNDHOCGZLYMRO,C9H11NO,C:9;H:11;N:1;O:1,149.19299999999998,11,0,0,1,20.310000000000002,1.3884,1,1,0.5454545454545454,2,3,0.28,dev_thio_amide,,,
mobley_4193752,c1ccc(cc1)[N+](=O)[O-],O=[N+]([O-])c1ccccc1,LQNUZADURLCDLV,C6H5NO2,C:6;H:5;N:1;O:2,123.11099999999998,9,0,0,2,43.14,1.5947999999999998,1,1,0.6666666666666666,3,3,0.25,nextgen_prospective_020,,,
mobley_4218209,COc1ccc(cc1)N,COc1ccc(N)cc1,BHAAPTBBJKJZER,C7H9NO,C:7;H:9;N:1;O:1,123.15499999999999,9,0,1,2,35.25,1.2773999999999999,1,1,0.6666666666666666,2,3,0.22580645161290322,dev_aza_aryl_ether,,,
mobley_4287564,Cc1ccccn1,Cc1ccccn1,BSKHPKMHTQYZBB,C6H7N,C:6;H:7;N:1,93.129,7,0,0,1,12.89,1.39002,1,0,0.8571428571428571,1,3,0.45454545454545453,nextgen_prospective_003,,,
mobley_4305650,CCC#N,CCC#N,FVSKHRXBFJPNKK,C3H5N,C:3;H:5;N:1,55.07999999999999,4,0,0,1,23.79,0.91998,0,0,0.0,1,3,0.375,dev_cyano_ether,,,
mobley_4584540,Cc1cccc(n1)C,Cc1cccc(C)n1,OISVCGZHLKNMSJ,C7H9N,C:7;H:9;N:1,107.156,8,0,0,1,12.89,1.69844,1,0,0.75,1,3,0.2857142857142857,nextgen_prospective_020,,,
mobley_4613090,c1ccc(cc1)Cn2ccnc2,c1ccc(Cn2ccnc2)cc1,KKKDZZRICRFGSD,C10H10N2,C:10;H:10;N:2,158.204,12,0,0,1,17.82,1.9313999999999998,2,2,0.9166666666666666,2,3,0.21212121212121213,nextgen_prospective_003,,,
mobley_4883284,c1ccc(cc1)N,Nc1ccccc1,PAYRUJLWNCNPSJ,C6H7N,C:6;H:7;N:1,93.12899999999999,7,0,1,1,26.02,1.2687999999999997,1,0,0.8571428571428571,1,3,0.35,nextgen_prospective_010,,,
mobley_4884177,CCc1cccnc1,CCc1cccnc1,MFEIKQPHQINPRI,C7H9N,C:7;H:9;N:1,107.15599999999998,8,0,0,1,12.89,1.644,1,1,0.75,1,3,0.23529411764705882,dev_aza_aryl_ether,,,
mobley_4893032,CCCCC#N,CCCCC#N,RFFFKMOABOFIDF,C5H9N,C:5;H:9;N:1,83.134,6,0,0,1,23.79,1.70018,0,2,0.0,1,3,0.3181818181818182,dev_hydroxy_nitrile,,,
mobley_4964807,CC(=O)CO[N+](=O)[O-],CC(=O)CO[N+](=O)[O-],ISWXYJQANHQYSR,C3H5NO4,C:3;H:5;N:1;O:4,119.076,8,0,0,4,69.44,-0.21630000000000005,0,3,0.0,5,3,0.4166666666666667,nextgen_prospective_016,,,
mobley_5026370,c1cnccc1C#N,N#Cc1ccncc1,GPHQHTOMRSGBNZ,C6H4N2,C:6;H:4;N:2,104.112,8,0,0,2,36.68,0.9532799999999999,1,0,0.75,2,3,0.1875,dev_aza_aryl_ether,,,
mobley_5063386,c1ccc(c(c1)[N+](=O)[O-])O,O=[N+]([O-])c1ccccc1O,IQUPABOKLQSFBK,C6H5NO3,C:6;H:5;N:1;O:3,139.10999999999999,10,0,1,3,63.370000000000005,1.3003999999999998,1,1,0.6,4,3,0.19230769230769232,stress_nitroethane,,,
mobley_5072416,COc1ccccc1N,COc1ccccc1N,VMPITZXILSNTON,C7H9NO,C:7;H:9;N:1;O:1,123.15499999999999,9,0,1,2,35.25,1.2773999999999999,1,1,0.6666666666666666,2,3,0.25925925925925924,nextgen_prospective_010,,,
mobley_5220185,CCc1cnccn1,CCc1cnccn1,KVFIJIWMDBAGDP,C6H8N2,C:6;H:8;N:2,108.14399999999998,8,0,0,2,25.78,1.039,1,1,0.75,2,3,0.17142857142857143,dev_aza_aryl_ether,,,
mobley_52782,C(CO[N+](=O)[O-])O[N+](=O)[O-],O=[N+]([O-])OCCO[N+](=O)[O-],UQXKXGWGFRWILX,C2H4N2O6,C:2;H:4;N:2;O:6,152.06199999999998,10,0,0,6,104.74000000000001,-0.597,0,5,0.0,8,3,0.3333333333333333,stress_nitroethane,,,
mobley_5326154,CN(C)c1ccccc1,CN(C)c1ccccc1,JLTDJTHDQAWBAV,C8H11N,C:8;H:11;N:1,121.18299999999995,9,0,0,1,3.24,1.7526,1,1,0.6666666666666666,1,3,0.3333333333333333,nextgen_prospective_020,,,
mobley_5499659,Cn1ccnc1,Cn1ccnc1,MCTWTZJPVLRJOU,C4H6N2,C:4;H:6;N:2,82.106,6,0,0,1,17.82,0.4200999999999999,1,0,0.8333333333333334,2,3,0.16666666666666666,prospective_diverse_04,,,
mobley_5518547,Cc1ccc(cc1)N,Cc1ccc(N)cc1,RZXMPPFPUUCRFN,C7H9N,C:7;H:9;N:1,107.156,8,0,1,1,26.02,1.5772199999999998,1,0,0.75,1,3,0.20833333333333334,nextgen_prospective_010,,,
mobley_5571660,Cc1cccc(c1N)C,Cc1cccc(C)c1N,UFFBMTHBGFGIHF,C8H11N,C:8;H:11;N:1,121.183,9,0,1,1,26.02,1.88564,1,0,0.6666666666666666,1,3,0.25,nextgen_prospective_010,,,
mobley_5600967,CN(C)C(=O)c1ccc(cc1)OC,COc1ccc(C(=O)N(C)C)cc1,OCGXPFSUJVHRHA,C10H13NO2,C:10;H:13;N:1;O:2,179.21899999999997,13,0,0,2,29.540000000000003,1.397,1,2,0.46153846153846156,3,3,0.2413793103448276,dev_thio_amide,,,
mobley_5732611,Cc1c[nH]cn1,Cc1c[nH]cn1,XLSZMDLNRCVEIJ,C4H6N2,C:4;H:6;N:2,82.10600000000001,6,0,1,1,28.68,0.7181199999999999,1,0,0.8333333333333334,2,3,0.15151515151515152,dev_aza_aryl_ether,,,
mobley_5747188,Cc1ccccc1[N+](=O)[O-],Cc1ccccc1[N+](=O)[O-],PLAZTCDQAHEYBI,C7H7NO2,C:7;H:7;N:1;O:2,137.138,10,0,0,2,43.14,1.9032200000000001,1,1,0.6,3,3,0.24,stress_nitroethane,,,
mobley_5857,c1ccc2c(c1)cccn2,c1ccc2ncccc2c1,SMWDFEZZVXVKRB,C9H7N,C:9;H:7;N:1,129.16199999999995,10,0,0,1,12.89,2.2348,2,0,1.0,1,3,0.375,nextgen_prospective_003,,,
mobley_5948990,c1ccc(c(c1)N)[N+](=O)[O-],Nc1ccccc1[N+](=O)[O-],DPJCXCZTLWNFOH,C6H6N2O2,C:6;H:6;N:2;O:2,138.126,10,0,1,3,69.16,1.1769999999999998,1,1,0.6,4,3,0.2857142857142857,nextgen_prospective_010,,,
mobley_5977084,Cc1cccnc1,Cc1cccnc1,ITQTTZVARXURQS,C6H7N,C:6;H:7;N:1,93.129,7,0,0,1,12.89,1.39002,1,0,0.8571428571428571,1,3,0.25806451612903225,dev_aza_aryl_ether,,,
mobley_6006813,CCCC[N+](=O)[O-],CCCC[N+](=O)[O-],NALZTFARIYUCBY,C4H9NO2,C:4;H:9;N:1;O:2,103.12099999999998,7,0,0,2,43.14,1.0632000000000001,0,3,0.0,3,3,0.5,stress_nitroethane,,,
mobley_6060301,CCCCCCN,CCCCCCN,BMVXCPBXGZKUPN,C6H15N,C:6;H:15;N:1,101.19300000000001,7,0,1,1,26.02,1.5253999999999999,0,4,0.0,1,3,0.23529411764705882,nextgen_prospective_021,,,
mobley_6082662,c1cc(ccc1N)N(=O)=O,Nc1ccc([N+](=O)[O-])cc1,TYMLOMAKGOJONV,C6H6N2O2,C:6;H:6;N:2;O:2,138.126,10,0,1,3,69.16,1.177,1,1,0.6,4,3,0.20833333333333334,stress_nitroethane,,,
mobley_6232400,c1cc(cnc1)C=O,O=Cc1cccnc1,QJZUKDFHGGYHMC,C6H5NO,C:6;H:5;N:1;O:1,107.11199999999997,8,0,0,2,29.96,0.8940999999999999,1,1,0.75,2,3,0.26666666666666666,nextgen_prospective_015,,,
mobley_6239320,c1(=O)[nH]c(=O)[nH]c(=O)[nH]1,O=c1[nH]c(=O)[nH]c(=O)[nH]1,ZFSLODLOARCGLH,C3H3N3O3,C:3;H:3;N:3;O:3,129.075,9,0,3,3,98.57999999999998,-2.2485000000000004,1,0,0.6666666666666666,6,3,0.26666666666666666,nextgen_prospective_007,4.0,0.8,7e15769cc005b565169a7f056d5a3a88f6263c3e9555bfb0efca3ef2a47e30e8
mobley_6248915,CCCCCCCCN,CCCCCCCCN,IOQPZZOEVPZRBK,C8H19N,C:8;H:19;N:1,129.247,9,0,1,1,26.02,2.3056,0,6,0.0,1,3,0.23529411764705882,nextgen_prospective_021,,,
mobley_6266306,C1CNC1,C1CNC1,HONIICLYMWZJFZ,C3H7N,C:3;H:7;N:1,57.096,4,0,1,1,12.03,-0.02030000000000004,1,0,0.0,1,3,0.26666666666666666,nextgen_prospective_023,,,
mobley_6303022,CCc1ccncc1,CCc1ccncc1,VJXRKZJMGVSXPX,C7H9N,C:7;H:9;N:1,107.15599999999998,8,0,0,1,12.89,1.644,1,1,0.75,1,3,0.22580645161290322,dev_aza_aryl_ether,,,
mobley_6309289,C1CCNCC1,C1CCNCC1,NQRYJNQNLNOLGT,C5H11N,C:5;H:11;N:1,85.15,6,0,1,1,12.03,0.7599,1,0,0.0,1,3,0.29411764705882354,nextgen_prospective_023,,,
mobley_6353617,CC(=O)c1cccnc1,CC(=O)c1cccnc1,WEGYGNROSJDEIW,C7H7NO,C:7;H:7;N:1;O:1,121.13899999999997,9,0,0,2,29.96,1.2842,1,1,0.6666666666666666,2,3,0.2222222222222222,dev_aza_aryl_ether,,,
mobley_63712,CN1CCCCC1,CN1CCCCC1,PAMIQIKDUOTOBW,C6H13N,C:6;H:13;N:1,99.177,7,0,0,1,3.24,1.1021,1,0,0.0,1,3,0.20833333333333334,dev_oxazolidinone,,,
mobley_646007,C1CCNC1,C1CCNC1,RWRDLPDLKQPQOW,C4H9N,C:4;H:9;N:1,71.123,5,0,1,1,12.03,0.36979999999999996,1,0,0.0,1,3,0.3125,nextgen_prospective_023,,,
mobley_6727159,C(CO[N+](=O)[O-])O,O=[N+]([O-])OCCO,HTKIMWYSDZQQBP,C2H5NO4,C:2;H:5;N:1;O:4,107.06499999999998,7,0,1,4,72.60000000000001,-0.8130000000000002,0,3,0.0,5,3,0.2727272727272727,stress_nitroethane,,,
mobley_6794076,CC(=O)c1ccncc1,CC(=O)c1ccncc1,WMQUKDQWMMOHSA,C7H7NO,C:7;H:7;N:1;O:1,121.13899999999997,9,0,0,2,29.96,1.2842,1,1,0.6666666666666666,2,3,0.21212121212121213,dev_aza_aryl_ether,,,
mobley_6861308,CN(C)C(=O)Nc1ccccc1,CN(C)C(=O)Nc1ccccc1,XXOYNJXVWVNOOJ,C9H12N2O,C:9;H:12;N:2;O:1,164.208,12,0,1,1,32.34,1.7801,1,1,0.5,3,3,0.2962962962962963,dev_thio_amide,,,
mobley_6917738,COCCN,COCCN,ASUDFOJKTJLAIK,C3H9NO,C:3;H:9;N:1;O:1,75.111,5,0,1,2,35.25,-0.4084999999999998,0,2,0.0,2,3,0.29411764705882354,nextgen_prospective_013,,,
mobley_6988468,CCc1ccccn1,CCc1ccccn1,NRGGMCIBEHEAIL,C7H9N,C:7;H:9;N:1,107.15599999999998,8,0,0,1,12.89,1.644,1,1,0.75,1,3,0.4,nextgen_prospective_003,,,
mobley_7142697,CCCCCN,CCCCCN,DPBLXKKOBLCELK,C5H13N,C:5;H:13;N:1,87.16600000000001,6,0,1,1,26.02,1.1353,0,3,0.0,1,3,0.25,nextgen_prospective_021,,,
mobley_7176290,c1cc(cc(c1)O)[N+](=O)[O-],O=[N+]([O-])c1cccc(O)c1,RTZZCYNQPHTPPL,C6H5NO3,C:6;H:5;N:1;O:3,139.10999999999999,10,0,1,3,63.370000000000005,1.3004000000000002,1,1,0.6,4,3,0.20689655172413793,nextgen_prospective_002,,,
mobley_718988,CCCCCCCN,CCCCCCCN,WJYIASZWHGOTOU,C7H17N,C:7;H:17;N:1,115.22000000000001,8,0,1,1,26.02,1.9155,0,5,0.0,1,3,0.23529411764705882,nextgen_prospective_021,,,
mobley_7203421,CCCCCC(=O)N,CCCCCC(N)=O,ALBYIUDWACNRRB,C6H13NO,C:6;H:13;N:1;O:1,115.176,8,0,1,1,43.09,1.052,0,4,0.0,2,3,0.3684210526315789,prospective_diverse_01,,,
mobley_7298388,Cc1cccc(c1)[N+](=O)[O-],Cc1cccc([N+](=O)[O-])c1,QZYHIOPPLUPUJF,C7H7NO2,C:7;H:7;N:1;O:2,137.138,10,0,0,2,43.14,1.90322,1,1,0.6,3,3,0.2222222222222222,stress_nitroethane,,,
mobley_7378987,Cn1cnc2c1c(=O)n(c(=O)n2C)C,Cn1c(=O)c2c(ncn2C)n(C)c1=O,RYYVLZVUVIJVGH,C8H10N4O2,C:8;H:10;N:4;O:2,194.194,14,0,0,3,61.82,-1.0293,2,0,0.6428571428571429,6,3,0.16216216216216217,dev_oxazolidinone,,,
mobley_7415647,CN(C)C(=O)c1ccc(cc1)[N+](=O)[O-],CN(C)C(=O)c1ccc([N+](=O)[O-])cc1,WYOXDERVKORKJN,C9H10N2O3,C:9;H:10;N:2;O:3,194.18999999999997,14,0,0,3,63.45,1.2966,1,2,0.42857142857142855,5,3,0.22580645161290322,dev_thio_amide,,,
mobley_755351,COc1cccc(c1)N,COc1cccc(N)c1,NCBZRJODKRCREW,C7H9NO,C:7;H:9;N:1;O:1,123.15499999999999,9,0,1,2,35.25,1.2773999999999999,1,1,0.6666666666666666,2,3,0.2727272727272727,dev_aza_aryl_ether,,,
mobley_7735340,c1cnc[nH]1,c1c[nH]cn1,RAXXELZNTBOGNW,C3H4N2,C:3;H:4;N:2,68.079,5,0,1,1,28.68,0.40969999999999995,1,0,1.0,2,3,0.18181818181818182,prospective_diverse_04,,,
mobley_7774695,CNc1ccccc1,CNc1ccccc1,AFBPFSWMIHJQDM,C7H9N,C:7;H:9;N:1,107.15599999999998,8,0,1,1,12.03,1.7283,1,1,0.75,1,3,0.3333333333333333,nextgen_prospective_020,,,
mobley_7860938,CCCCNCCCC,CCCCNCCCC,JQVDAXLFBXTEQA,C8H19N,C:8;H:19;N:1,129.24699999999999,9,0,1,1,12.03,2.1761999999999997,0,6,0.0,1,3,0.2,nextgen_prospective_004,,,
mobley_7869158,CC[C@H](C)O[N+](=O)[O-],CC[C@H](C)O[N+](=O)[O-],DYONNFFVDNILGI,C4H9NO3,C:4;H:9;N:1;O:3,119.11999999999999,8,0,0,3,52.370000000000005,0.9932,0,3,0.0,4,3,0.36363636363636365,stress_nitroethane,,,
mobley_8011706,CN(C)C=O,CN(C)C=O,ZMXDDKWLCZADIW,C3H7NO,C:3;H:7;N:1;O:1,73.095,5,0,0,1,20.310000000000002,-0.2956000000000001,0,1,0.0,2,3,0.2857142857142857,nextgen_prospective_017,,,
mobley_8048190,CC(=O)N,CC(N)=O,DLFVBJFMPXGRIB,C2H5NO,C:2;H:5;N:1;O:1,59.068,4,0,1,1,43.09,-0.5084,0,0,0.0,2,3,0.45454545454545453,stress_acetamidine,,,
mobley_8221999,CCCC#N,CCCC#N,KVNRLNFWIYMESJ,C4H7N,C:4;H:7;N:1,69.107,5,0,0,1,23.79,1.31008,0,1,0.0,1,3,0.3157894736842105,dev_cyano_ether,,,
mobley_8426916,CCNCC,CCNCC,HPNMFZURTQLUMO,C4H11N,C:4;H:11;N:1,73.139,5,0,1,1,12.03,0.6157999999999999,0,2,0.0,1,3,0.2727272727272727,nextgen_prospective_004,,,
mobley_8427539,CCC(=O)N,CCC(N)=O,QLNJFJADRCOGBJ,C3H7NO,C:3;H:7;N:1;O:1,73.095,5,0,1,1,43.09,-0.11829999999999996,0,1,0.0,2,3,0.5,prospective_diverse_01,,,
mobley_8449031,CCN(CC)CC,CCN(CC)CC,ZMANZCXQSJIPKH,C6H15N,C:6;H:15;N:1,101.193,7,0,0,1,3.24,1.3481,0,3,0.0,1,3,0.2727272727272727,nextgen_prospective_004,,,
mobley_8558116,CN1CCOCC1,CN1CCOCC1,SJRJJKPEHAURKC,C5H11NO,C:5;H:11;N:1;O:1,101.149,7,0,0,2,12.47,-0.05160000000000009,1,0,0.0,2,3,0.375,dev_cyclic_carbamate,,,
mobley_8705848,CC(C)NC(C)C,CC(C)NC(C)C,UAOMVDZJSHZZME,C6H15N,C:6;H:15;N:1,101.19299999999998,7,0,1,1,12.03,1.3927999999999998,0,2,0.0,1,3,0.1875,nextgen_prospective_012,,,
mobley_8746821,Cc1cccnc1C,Cc1cccnc1C,HPYNZHMRTTWQTB,C7H9N,C:7;H:9;N:1,107.156,8,0,0,1,12.89,1.69844,1,0,0.75,1,3,0.3448275862068966,dev_aza_aryl_ether,,,
mobley_8764620,c1cc(cnc1)C#N,N#Cc1cccnc1,GZPHSAQLYPIAIN,C6H4N2,C:6;H:4;N:2,104.11199999999998,8,0,0,2,36.68,0.9532799999999999,1,0,0.75,2,3,0.2,dev_aza_aryl_ether,,,
mobley_8789864,COC(CC#N)(OC)OC,COC(CC#N)(OC)OC,IPJDXQYLAATRJK,C6H11NO3,C:6;H:11;N:1;O:3,145.158,10,0,0,4,51.480000000000004,0.49307999999999996,0,4,0.0,4,3,0.38095238095238093,dev_cyano_ether,,,
mobley_8798016,c1cnccc1C=O,O=Cc1ccncc1,BGUWFUQJCDRPTL,C6H5NO,C:6;H:5;N:1;O:1,107.11199999999998,8,0,0,2,29.96,0.8940999999999999,1,1,0.75,2,3,0.25925925925925924,nextgen_prospective_015,,,
mobley_8861672,Cc1ccnc(c1)C,Cc1ccnc(C)c1,JYYNAJVZFGKDEQ,C7H9N,C:7;H:9;N:1,107.15599999999999,8,0,0,1,12.89,1.69844,1,0,0.75,1,3,0.2222222222222222,nextgen_prospective_003,,,
mobley_8966374,Cc1cnccn1,Cc1cnccn1,CAWHJQAVHZEVTJ,C5H6N2,C:5;H:6;N:2,94.11699999999999,7,0,0,2,25.78,0.7850199999999998,1,0,0.8571428571428571,2,3,0.1875,dev_aza_aryl_ether,,,
mobley_9007496,CNC(=O)Oc1cccc2c1cccc2,CNC(=O)Oc1cccc2ccccc12,CVXBEEMKQHEXEN,C12H11NO2,C:12;H:11;N:1;O:2,201.225,15,0,1,2,38.33,2.5580000000000007,2,1,0.6666666666666666,3,3,0.1875,nextgen_prospective_014,1.0,0.8682416652964755,4a7a3afaeef2e19aeba47020350812be1da94d5528425ed96c68ad0f87af79b3
mobley_902954,CCCCO[N+](=O)[O-],CCCCO[N+](=O)[O-],QQHZPQUHCAKSOL,C4H9NO3,C:4;H:9;N:1;O:3,119.11999999999999,8,0,0,3,52.370000000000005,0.9948,0,4,0.0,4,3,0.36363636363636365,stress_nitroethane,,,
mobley_9114381,COC(=O)CC#N,COC(=O)CC#N,ANGDWNBGPBMQHW,C4H5NO2,C:4;H:5;N:1;O:2,99.08900000000001,7,0,0,3,50.09,0.07307999999999992,0,1,0.0,3,3,0.34782608695652173,dev_cyano_ether,,,
mobley_9185328,CCCN,CCCN,WGYKZJWCGVVSQN,C3H9N,C:3;H:9;N:1,59.11199999999999,4,0,1,1,26.02,0.3551000000000001,0,1,0.0,1,3,0.3333333333333333,nextgen_prospective_021,,,
mobley_9209581,CN(C)C,CN(C)C,GETQZCLCWQTVFV,C3H9N,C:3;H:9;N:1,59.111999999999995,4,0,0,1,3.24,0.17779999999999996,0,0,0.0,1,3,0.2727272727272727,dev_sulfonyl_amine,,,
mobley_9507933,Cc1ccc(nc1)C,Cc1ccc(C)nc1,XWKFPIODWVPXLX,C7H9N,C:7;H:9;N:1,107.156,8,0,0,1,12.89,1.69844,1,0,0.75,1,3,0.22580645161290322,dev_aza_aryl_ether,,,
mobley_951560,C1CNCCN1,C1CNCCN1,GLUUGHFHXGJENI,C4H10N2,C:4;H:10;N:2,86.138,6,0,2,2,24.06,-0.8208,1,0,0.0,2,3,0.35714285714285715,nextgen_prospective_023,,,
mobley_967099,CC(C)[N+](=O)[O-],CC(C)[N+](=O)[O-],FGLBSLMDCBOPQK,C3H7NO2,C:3;H:7;N:1;O:2,89.094,6,0,0,2,43.14,0.6715,0,1,0.0,3,3,0.375,stress_nitroethane,,,
mobley_9671033,CCC[N+](=O)[O-],CCC[N+](=O)[O-],JSZOAYXJRCEYSX,C3H7NO2,C:3;H:7;N:1;O:2,89.09399999999998,6,0,0,2,43.14,0.6731,0,2,0.0,3,3,0.5625,stress_nitroethane,,,
mobley_9733743,CCCCN,CCCCN,HQABUPZFAYXKJW,C4H11N,C:4;H:11;N:1,73.139,5,0,1,1,26.02,0.7452000000000001,0,2,0.0,1,3,0.26666666666666666,nextgen_prospective_021,,,
mobley_9741965,C[C@@H](CCO[N+](=O)[O-])O[N+](=O)[O-],C[C@@H](CCO[N+](=O)[O-])O[N+](=O)[O-],DGFBULNMARLFTH,C4H8N2O6,C:4;H:8;N:2;O:6,180.11599999999999,12,0,0,6,104.74000000000001,0.18159999999999987,0,6,0.0,8,3,0.25925925925925924,stress_nitroethane,2.0,0.8185185185185184,0f26e76c45949fd6e66d2d48a85dc79099c0ba6a4dda0cc7ea7043b7d03dcda8
mobley_1323538,CCOP(=O)(OCC)OCC,CCOP(=O)(OCC)OCC,DQWPFSLDHJDLRL,C6H15O4P,C:6;H:15;O:4;P:1,182.15599999999998,11,0,0,4,44.760000000000005,2.2039999999999997,0,6,0.0,5,4,0.35294117647058826,nextgen_prospective_013,,,
mobley_1352110,CCCCN(CC)C(=O)SCCC,CCCCN(CC)C(=O)SCCC,SGEJQUSYQTVSIU,C10H21NOS,C:10;H:21;N:1;O:1;S:1,203.35099999999997,13,0,0,2,20.310000000000002,3.3716000000000026,0,6,0.0,3,4,0.22580645161290322,dev_thio_amide,2.0,0.8419354838709676,72c7ce7274b024d563f9bdbc67c4c1bbb865c23161bd1dbb31a82f7120912bc2
mobley_1563176,CCCCS,CCCCS,WQAQPCDUOCURKW,C4H10S,C:4;H:10;S:1,90.19099999999999,5,0,1,1,0.0,1.7163,0,2,0.0,1,4,0.26666666666666666,nextgen_prospective_021,,,
mobley_186894,CCCS,CCCS,SUVIGLJNEAMWEG,C3H8S,C:3;H:8;S:1,76.16399999999999,4,0,1,1,0.0,1.3262,0,1,0.0,1,4,0.3333333333333333,nextgen_prospective_021,,,
mobley_2049967,CCSC,CCSC,WXEHBUMAEPOYKP,C3H8S,C:3;H:8;S:1,76.164,4,0,0,1,0.0,1.3693,0,1,0.0,1,4,0.3333333333333333,nextgen_prospective_019,,,
mobley_2972906,c1ccsc1,c1ccsc1,YTPLMLYBLZKORZ,C4H4S,C:4;H:4;S:1,84.14299999999999,5,0,0,1,0.0,1.7480999999999998,1,0,1.0,1,4,0.23529411764705882,prospective_diverse_04,,,
mobley_3047364,CCNc1nc(nc(n1)SC)NC(C)C,CCNc1nc(NC(C)C)nc(SC)n1,RQVYBGPQFYCBGX,C9H17N5S,C:9;H:17;N:5;S:1,227.33700000000002,15,0,2,6,62.730000000000004,1.8455999999999997,1,5,0.4,6,4,0.14705882352941177,nextgen_prospective_012,3.0,0.8045916141272667,1a150432437cc1dcd5dbffc198dc02422dfda7b9e582d7b71a9ab12069029839
mobley_4850657,CS(=O)(=O)Cl,CS(=O)(=O)Cl,QARBMVPHQWIHKH,CH3ClO2S,C:1;Cl:1;H:3;O:2;S:1,114.55300000000001,5,0,0,2,34.14,0.18480000000000008,0,0,0.0,4,4,0.5555555555555556,stress_dimethyl_sulfone,,,
mobley_4983965,CCSCC,CCSCC,LJSQFQKUNVCTIA,C4H10S,C:4;H:10;S:1,90.191,5,0,0,1,0.0,1.7593999999999999,0,2,0.0,1,4,0.2727272727272727,nextgen_prospective_004,,,
mobley_5052949,CCCSCCC,CCCSCCC,ZERULLAPCVRMCO,C6H14S,C:6;H:14;S:1,118.24499999999999,7,0,0,1,0.0,2.539600000000001,0,4,0.0,1,4,0.23076923076923078,nextgen_prospective_004,,,
mobley_5200358,CC(C)(/C=N\OC(=O)NC)SC,CNC(=O)O/N=C\C(C)(C)SC,QGLZXHRNAYXIBU,C7H14N2O2S,C:7;H:14;N:2;O:2;S:1,190.268,12,0,1,4,50.69,1.4698,0,3,0.0,5,4,0.1935483870967742,nextgen_prospective_014,4.0,0.8043986063857556,99192e3607864fe45115e2f9cc2938901ff27a23cdc129fab0ec07e3eb0f3d09
mobley_5520946,c1ccc(cc1)S,Sc1ccccc1,RMVRSNDYEFQCLF,C6H6S,C:6;H:6;S:1,110.18099999999997,7,0,1,1,0.0,1.9753000000000003,1,0,0.8571428571428571,1,4,0.3157894736842105,nextgen_prospective_020,,,
mobley_5760563,COS(=O)(=O)OC,COS(=O)(=O)OC,VAYGXNSJCAHWJZ,C2H6O4S,C:2;H:6;O:4;S:1,126.13299999999998,7,0,0,4,52.60000000000001,-0.476,0,2,0.0,5,4,0.3333333333333333,stress_dimethyl_sulfone,,,
mobley_590519,CCSSCC,CCSSCC,CETBSQOFQKLHHZ,C4H10S2,C:4;H:10;S:2,122.258,6,0,0,2,0.0,2.4076000000000004,0,3,0.0,2,4,0.2727272727272727,nextgen_prospective_004,,,
mobley_6334915,COP(=O)([C@H](C(Cl)(Cl)Cl)O)OC,COP(=O)(OC)[C@@H](O)C(Cl)(Cl)Cl,NFACJZMKEDPNKN,C4H8Cl3O4P,C:4;Cl:3;H:8;O:4;P:1,257.43699999999995,12,0,1,4,55.760000000000005,2.1609,0,3,0.0,8,4,0.30434782608695654,nextgen_prospective_013,,,
mobley_7690440,CSSC,CSSC,WQOXQRCZOLPYPM,C2H6S2,C:2;H:6;S:2,94.20400000000001,4,0,0,2,0.0,1.6274,0,1,0.0,2,4,0.5,nextgen_prospective_019,,,
mobley_8713762,CCCN(CCC)C(=O)SCCC,CCCSC(=O)N(CCC)CCC,OKUGPJPKMAEJOE,C10H21NOS,C:10;H:21;N:1;O:1;S:1,203.35099999999997,13,0,0,2,20.310000000000002,3.3716000000000026,0,6,0.0,3,4,0.25925925925925924,dev_thio_amide,,,
mobley_9201263,COS(=O)(=O)C,COS(C)(=O)=O,MBABOKRGFJTBAE,C2H6O3S,C:2;H:6;O:3;S:1,110.13399999999999,6,0,0,3,43.370000000000005,-0.40759999999999996,0,1,0.0,4,4,0.45454545454545453,stress_dimethyl_sulfone,,,
mobley_9460824,CCOP(=S)(OCC)SCSCC,CCOP(=S)(OCC)SCSCC,BULVZWIRKLYCBC,C7H17O2PS3,C:7;H:17;O:2;P:1;S:3,260.38599999999997,13,0,0,5,18.46,3.727700000000003,0,8,0.0,6,4,0.125,nextgen_prospective_004,1.0,0.9124999999999999,9bbcbb38f3ea97ee7fe51620677e805875f75ee61064d02abd34a65b1f58b386
mobley_9705941,Cc1cccs1,Cc1cccs1,XQQBUAPQHNYYRS,C5H6S,C:5;H:6;S:1,98.17000000000002,6,0,0,1,0.0,2.05652,1,0,0.8333333333333334,1,4,0.20833333333333334,nextgen_prospective_020,,,
mobley_9974966,CC(C)SC(C)C,CC(C)SC(C)C,XYWDPYKBIRQXQS,C6H14S,C:6;H:14;S:1,118.24499999999999,7,0,0,1,0.0,2.5364000000000004,0,2,0.0,1,4,0.26666666666666666,nextgen_prospective_012,,,
mobley_1079207,c1cc(cc(c1)Cl)Cl,Clc1cccc(Cl)c1,ZPQOPVIELGIULI,C6H4Cl2,C:6;Cl:2;H:4,147.004,8,0,0,0,0.0,2.9934000000000003,1,0,0.75,2,5,0.3157894736842105,nextgen_prospective_002,,,
mobley_1178614,c1ccc(c(c1)O)Cl,Oc1ccccc1Cl,ISPYQTSUDJAMAB,C6H5ClO,C:6;Cl:1;H:5;O:1,128.558,8,0,1,1,20.23,2.0456,1,0,0.75,2,5,0.3333333333333333,nextgen_prospective_002,,,
mobley_1199854,CCCI,CCCI,PVWOIHVRPOBWPI,C3H7I,C:3;H:7;I:1,169.993,4,0,0,0,0.0,1.8314,0,1,0.0,1,5,0.5555555555555556,nextgen_prospective_004,,,
mobley_1231151,CC(C)Cl,CC(C)Cl,ULYZAYCEDJDHCC,C3H7Cl,C:3;Cl:1;H:7,78.542,4,0,0,0,0.0,1.6336,0,0,0.0,1,5,0.23076923076923078,nextgen_prospective_012,,,
mobley_1278715,C(C(Cl)(Cl)Cl)(Cl)(Cl)Cl,ClC(Cl)(Cl)C(Cl)(Cl)Cl,VHHHONWQHHHLTI,C2Cl6,C:2;Cl:6,236.74,8,0,0,0,0.0,3.7268,0,0,0.0,6,5,0.07142857142857142,nextgen_prospective_013,1.0,0.95,a106ee25bcaf34059e494a5235022ea35ef33b032af29a81fdc89356a500a5dd
mobley_1328465,C(C(Cl)Cl)Cl,ClCC(Cl)Cl,UBOXGVDOUJQMTN,C2H3Cl3,C:2;Cl:3;H:3,133.405,5,0,0,0,0.0,2.0289,0,1,0.0,3,5,0.21052631578947367,dev_amino_alcohol_halogen,,,
mobley_1396156,c1(c(c(c(c(c1Cl)Cl)Cl)Cl)Cl)N(=O)=O,O=[N+]([O-])c1c(Cl)c(Cl)c(Cl)c(Cl)c1Cl,LKPLKUMXSAEKID,C6Cl5NO2,C:6;Cl:5;N:1;O:2,295.336,14,0,0,2,43.14,4.8618,1,1,0.42857142857142855,8,5,0.23809523809523808,stress_nitroethane,,,
mobley_1723043,C1(C(C(C1(F)F)(F)F)(F)F)(F)F,FC1(F)C(F)(F)C(F)(F)C1(F)F,BCCOBQSFUDVTJQ,C4F8,C:4;F:8,200.028,12,0,0,0,0.0,2.5412,1,0,0.0,8,5,0.18181818181818182,nextgen_prospective_001,4.0,0.8727272727272726,f6dbc755a0cc0dd61689670d15f94e74472136538382cdc126f79ab558418031
mobley_1733799,c1cc(ccc1O)Br,Oc1ccc(Br)cc1,GZFGOTFRPZRKDS,C6H5BrO,Br:1;C:6;H:5;O:1,173.00899999999996,8,0,1,1,20.23,2.1547000000000005,1,0,0.75,2,5,0.4444444444444444,nextgen_prospective_002,,,
mobley_1760914,Cc1ccccc1Cl,Cc1ccccc1Cl,IBSQPLPBRSHTTG,C7H7Cl,C:7;Cl:1;H:7,126.586,8,0,0,0,0.0,2.6484200000000007,1,0,0.75,1,5,0.2608695652173913,nextgen_prospective_020,,,
mobley_1792062,C(CBr)Br,BrCCBr,PAAZPARNPHGIKF,C2H4Br2,Br:2;C:2;H:4,187.862,4,0,0,0,0.0,1.7762,0,1,0.0,2,5,0.4444444444444444,nextgen_prospective_001,,,
mobley_1838110,C(C(F)(Cl)Cl)(F)(F)Cl,FC(F)(Cl)C(F)(Cl)Cl,AJDIZQLSFPQPEY,C2Cl3F3,C:2;Cl:3;F:3,187.375,8,0,0,0,0.0,2.9189,0,1,0.0,6,5,0.1875,nextgen_prospective_005,,,
mobley_1855337,c1c(cc(c(c1Cl)Cl)Cl)Cl,Clc1cc(Cl)c(Cl)c(Cl)c1,QZYNWJQFTJXIRN,C6H2Cl4,C:6;Cl:4;H:2,215.894,10,0,0,0,0.0,4.3002,1,0,0.6,4,5,0.25,nextgen_prospective_002,,,
mobley_1857976,C(CCl)Cl,ClCCCl,WSLDOOZREJYCGB,C2H4Cl2,C:2;Cl:2;H:4,98.96000000000001,4,0,0,0,0.0,1.464,0,1,0.0,2,5,0.1111111111111111,dev_amino_alcohol_halogen,,,
mobley_1893815,C(C(Cl)(Cl)Cl)Cl,ClCC(Cl)(Cl)Cl,QVLAWKAXOMEXPM,C2H2Cl4,C:2;Cl:4;H:2,167.85,6,0,0,0,0.0,2.5954000000000006,0,0,0.0,4,5,0.09523809523809523,dev_amino_alcohol_halogen,,,
mobley_1893937,CCCCCCCl,CCCCCCCl,MLRVZFYXUZQSRU,C6H13Cl,C:6;Cl:1;H:13,120.623,7,0,0,0,0.0,2.805500000000001,0,4,0.0,1,5,0.1875,nextgen_prospective_004,,,
mobley_1905088,c1ccc(cc1)CBr,BrCc1ccccc1,AGEZXYOZHKGVCM,C7H7Br,Br:1;C:7;H:7,171.03699999999998,8,0,0,0,0.0,2.581500000000001,1,1,0.75,1,5,0.2727272727272727,nextgen_prospective_020,,,
mobley_194273,CC[C@H](C)n1c(=O)c(c([nH]c1=O)C)Br,CC[C@H](C)n1c(=O)[nH]c(C)c(Br)c1=O,CTSLUCNDVMMDHG,C9H13BrN2O2,Br:1;C:9;H:13;N:2;O:2,261.11899999999997,14,0,1,2,54.86,1.57852,1,2,0.42857142857142855,5,5,0.15151515151515152,nextgen_prospective_024,,,
mobley_1977493,CCCCl,CCCCl,SNMVRZFUUCLYTO,C3H7Cl,C:3;Cl:1;H:7,78.542,4,0,0,0,0.0,1.6352,0,1,0.0,1,5,0.2727272727272727,nextgen_prospective_004,,,
mobley_2023925,[C@@H](C(F)(F)F)(OC(F)F)Cl,FC(F)O[C@H](Cl)C(F)(F)F,PIWKPBJCKXDKJR,C3H2ClF5O,C:3;Cl:1;F:5;H:2;O:1,184.49099999999999,10,0,0,1,9.23,2.3528000000000002,0,2,0.0,7,5,0.19230769230769232,dev_amino_alcohol_halogen,,,
mobley_210639,CC(C)I,CC(C)I,FMKOJHQHASLBPH,C3H7I,C:3;H:7;I:1,169.993,4,0,0,0,0.0,1.8298,0,0,0.0,1,5,0.21428571428571427,nextgen_prospective_012,,,
mobley_2178600,CCCCCCl,CCCCCCl,SQCZQTSHSZLZIQ,C5H11Cl,C:5;Cl:1;H:11,106.596,6,0,0,0,0.0,2.415400000000001,0,3,0.0,1,5,0.2,nextgen_prospective_004,,,
mobley_2481002,C([N+](=O)[O-])(Cl)(Cl)Cl,O=[N+]([O-])C(Cl)(Cl)Cl,LFHISGNCFUNFFM,CCl3NO2,C:1;Cl:3;N:1;O:2,164.37500000000003,7,0,0,2,43.14,1.5908,0,0,0.0,6,5,0.29411764705882354,stress_nitroethane,,,
mobley_2484519,c1ccc(cc1)CCl,ClCc1ccccc1,KCXMKQUNVWSEMD,C7H7Cl,C:7;Cl:1;H:7,126.58599999999998,8,0,0,0,0.0,2.4254000000000007,1,1,0.75,1,5,0.2727272727272727,nextgen_prospective_020,,,
mobley_2489709,c1ccc(c(c1)Cl)Cl,Clc1ccccc1Cl,RFFLAFLAYFXFSW,C6H4Cl2,C:6;Cl:2;H:4,147.004,8,0,0,0,0.0,2.9934000000000003,1,0,0.75,2,5,0.2777777777777778,nextgen_prospective_002,,,
mobley_2492140,C(C(Cl)(Cl)Cl)(Cl)Cl,ClC(Cl)C(Cl)(Cl)Cl,BNIXVQGCZULYKV,C2HCl5,C:2;Cl:5;H:1,202.29500000000002,7,0,0,0,0.0,3.1603000000000003,0,0,0.0,5,5,0.15,dev_amino_alcohol_halogen,,,
mobley_2493732,C=C(Cl)Cl,C=C(Cl)Cl,LGXVIGDEPROXKC,C2H2Cl2,C:2;Cl:2;H:2,96.944,4,0,0,0,0.0,1.9352,0,0,0.0,2,5,0.11764705882352941,nextgen_prospective_002,,,
mobley_2517158,CCCCCCCBr,CCCCCCCBr,LSXKDWGTSHCFPP,C7H15Br,Br:1;C:7;H:15,179.101,8,0,0,0,0.0,3.351700000000002,0,5,0.0,1,5,0.23529411764705882,nextgen_prospective_001,,,
mobley_2523689,c1ccc(cc1)n2c(=O)c(c(cn2)N)Cl,Nc1cnn(-c2ccccc2)c(=O)c1Cl,WYKYKTKDBLFHCY,C10H8ClN3O,C:10;Cl:1;H:8;N:3;O:1,221.647,15,0,1,3,60.91,1.4680999999999997,2,1,0.8,5,5,0.21621621621621623,nextgen_prospective_010,,,
mobley_2681549,c1c(cc(cc1Cl)Cl)Cl,Clc1cc(Cl)cc(Cl)c1,XKEFYDZQGKAQCN,C6H3Cl3,C:6;Cl:3;H:3,181.449,9,0,0,0,0.0,3.6468000000000007,1,0,0.6666666666666666,3,5,0.3125,nextgen_prospective_002,,,
mobley_2727678,c1c(c(=O)[nH]c(=O)[nH]1)I,O=c1[nH]cc(I)c(=O)[nH]1,KSNXJLQDQOIRIP,C4H3IN2O2,C:4;H:3;I:1;N:2;O:2,237.98399999999998,9,0,2,2,65.72,-0.3322,1,0,0.6666666666666666,5,5,0.15384615384615385,nextgen_prospective_007,3.0,0.8923076923076922,598246064de44699fc9fb087c7e1759328735536982b412427e312fb2bcd9c56
mobley_2789243,c1cc(cnc1)Cl,Clc1cccnc1,PWRBCZZQRRPXAB,C5H4ClN,C:5;Cl:1;H:4;N:1,113.54699999999998,7,0,0,1,12.89,1.7349999999999999,1,0,0.8571428571428571,2,5,0.25,nextgen_prospective_002,,,
mobley_2802855,CCCCBr,CCCCBr,MPPPKRYCTPRNTB,C4H9Br,Br:1;C:4;H:9,137.01999999999998,5,0,0,0,0.0,2.1814,0,2,0.0,1,5,0.26666666666666666,nextgen_prospective_001,,,
mobley_2996632,C(Cl)(Cl)Cl,ClC(Cl)Cl,HEDRZPFGACZZDS,CHCl3,C:1;Cl:3;H:1,119.37800000000001,4,0,0,0,0.0,1.9864,0,0,0.0,3,5,0.1875,dev_amino_alcohol_halogen,,,
mobley_3006808,C(C(F)(F)F)O,OCC(F)(F)F,RHQDFWAXVIIEBN,C2H3F3O,C:2;F:3;H:3;O:1,100.039,6,0,1,1,20.23,0.5410000000000001,0,0,0.0,4,5,0.2857142857142857,nextgen_prospective_006,,,
mobley_3105103,Cc1c(c(=O)n(c(=O)[nH]1)C(C)(C)C)Cl,Cc1[nH]c(=O)n(C(C)(C)C)c(=O)c1Cl,NBQCNZYJJMBDKY,C9H13ClN2O2,C:9;Cl:1;H:13;N:2;O:2,216.66799999999998,14,0,1,2,54.86,1.2534199999999995,1,0,0.42857142857142855,5,5,0.13157894736842105,dev_oxazolidinone,,,
mobley_3169935,c1ccc(c(c1)N)Cl,Nc1ccccc1Cl,AKCRQHGQIJBRMN,C6H6ClN,C:6;Cl:1;H:6;N:1,127.574,8,0,1,1,26.02,1.9222,1,0,0.75,2,5,0.2916666666666667,nextgen_prospective_010,,,
mobley_3265457,COc1cc(c(c(c1O)OC)Cl)C=O,COc1cc(C=O)c(Cl)c(OC)c1O,GRIHRCLOUQZXPD,C9H9ClO4,C:9;Cl:1;H:9;O:4,216.61999999999998,14,0,1,4,55.76,1.8752999999999997,1,3,0.42857142857142855,5,5,0.16666666666666666,pros_azaaryl_sulfoxide,,,
mobley_3266352,CN(CC(F)(F)F)c1ccccc1,CN(CC(F)(F)F)c1ccccc1,LRYFQZBTUIVNRC,C9H10F3N,C:9;F:3;H:10;N:1,189.18000000000004,13,0,0,1,3.24,2.685100000000001,1,2,0.46153846153846156,4,5,0.2413793103448276,nextgen_prospective_020,,,
mobley_3370989,CC(F)F,CC(F)F,NPNPZTNLOVBDOC,C2H4F2,C:2;F:2;H:4,66.05,4,0,0,0,0.0,1.2714,0,0,0.0,2,5,0.25,nextgen_prospective_006,,,
mobley_337666,c1c(c(=O)[nH]c(=O)[nH]1)F,O=c1[nH]cc(F)c(=O)[nH]1,GHASVSINZRGABV,C4H3FN2O2,C:4;F:1;H:3;N:2;O:2,130.07799999999997,9,0,2,2,65.72,-0.7977000000000001,1,0,0.6666666666666666,5,5,0.15384615384615385,nextgen_prospective_007,,,
mobley_3398536,c1ccc(cc1)I,Ic1ccccc1,SNHMUERNLJLMHN,C6H5I,C:6;H:5;I:1,204.01,7,0,0,0,0.0,2.291200000000001,1,0,0.8571428571428571,1,5,0.3157894736842105,nextgen_prospective_020,,,
mobley_3589456,COC(CCl)(OC)OC,COC(CCl)(OC)OC,NPEIUNVTLXEOLT,C5H11ClO3,C:5;Cl:1;H:11;O:3,154.593,9,0,0,3,27.69,0.8182,0,4,0.0,4,5,0.18181818181818182,dev_cyano_ether,,,
mobley_3639400,CCCCCl,CCCCCl,VFWCMGCRMGJXDK,C4H9Cl,C:4;Cl:1;H:9,92.56899999999999,5,0,0,0,0.0,2.0253,0,2,0.0,1,5,0.21428571428571427,nextgen_prospective_004,,,
mobley_3738859,CCCCCBr,CCCCCBr,YZWKKMVJZFACSU,C5H11Br,Br:1;C:5;H:11,151.047,6,0,0,0,0.0,2.5715000000000012,0,3,0.0,1,5,0.25,nextgen_prospective_001,,,
mobley_3761215,CC(Cl)(Cl)Cl,CC(Cl)(Cl)Cl,UOCLXMDMGBRAIB,C2H3Cl3,C:2;Cl:3;H:3,133.405,5,0,0,0,0.0,2.376500000000001,0,0,0.0,3,5,0.1111111111111111,nextgen_prospective_019,,,
mobley_3980099,c1cc(c(c(c1)Cl)Cl)Cl,Clc1cccc(Cl)c1Cl,RELMFMZEBKVZJC,C6H3Cl3,C:6;Cl:3;H:3,181.44899999999998,9,0,0,0,0.0,3.6468000000000007,1,0,0.6666666666666666,3,5,0.25,nextgen_prospective_002,,,
mobley_3999471,CC(Cl)Cl,CC(Cl)Cl,SCYULBFZEHDVBN,C2H4Cl2,C:2;Cl:2;H:4,98.96000000000001,4,0,0,0,0.0,1.81,0,0,0.0,2,5,0.21428571428571427,nextgen_prospective_012,,,
mobley_4039055,c1c(c(=O)[nH]c(=O)[nH]1)Br,O=c1[nH]cc(Br)c(=O)[nH]1,LQLQRFGHAALLLE,C4H3BrN2O2,Br:1;C:4;H:3;N:2;O:2,190.98399999999998,9,0,2,2,65.72,-0.17430000000000012,1,0,0.6666666666666666,5,5,0.15384615384615385,nextgen_prospective_007,,,
mobley_4219614,c1cc(c(c(c1Cl)Cl)Cl)Cl,Clc1ccc(Cl)c(Cl)c1Cl,GBDZXPJXOMHESU,C6H2Cl4,C:6;Cl:4;H:2,215.894,10,0,0,0,0.0,4.3002,1,0,0.6,4,5,0.2777777777777778,nextgen_prospective_002,,,
mobley_4291494,c1ccnc(c1)Cl,Clc1ccccn1,OKDGRDCXVWSXDC,C5H4ClN,C:5;Cl:1;H:4;N:1,113.54699999999998,7,0,0,1,12.89,1.7349999999999999,1,0,0.8571428571428571,2,5,0.45454545454545453,nextgen_prospective_003,,,
mobley_4338603,c1c(=O)[nH]c(=O)[nH]c1Cl,O=c1cc(Cl)[nH]c(=O)[nH]1,PKUFNWPSFCOSLU,C4H3ClN2O2,C:4;Cl:1;H:3;N:2;O:2,146.533,9,0,2,2,65.72,-0.2834000000000002,1,0,0.6666666666666666,5,5,0.16,nextgen_prospective_007,,,
mobley_4395315,Cc1cc(ccc1Cl)O,Cc1cc(O)ccc1Cl,CFKMVGJGLGKFKI,C7H7ClO,C:7;Cl:1;H:7;O:1,142.585,9,0,1,1,20.23,2.3540200000000016,1,0,0.6666666666666666,2,5,0.391304347826087,nextgen_prospective_002,,,
mobley_4465023,C(=C\Cl)\Cl,Cl/C=C\Cl,KFUSEUYYWQURPO,C2H2Cl2,C:2;Cl:2;H:2,96.944,4,0,0,0,0.0,1.9352,0,0,0.0,2,5,0.07692307692307693,nextgen_prospective_017,,,
mobley_4483973,c1ccc(cc1)F,Fc1ccccc1,PYLWMHQQBFSUBP,C6H5F,C:6;F:1;H:5,96.10399999999998,7,0,0,0,0.0,1.8257,1,0,0.8571428571428571,1,5,0.3157894736842105,nextgen_prospective_020,,,
mobley_4494568,Cc1ccc(cc1)Br,Cc1ccc(Br)cc1,ZBTMRBYMKUEVEU,C7H7Br,Br:1;C:7;H:7,171.03699999999998,8,0,0,0,0.0,2.7575200000000013,1,0,0.75,1,5,0.20833333333333334,nextgen_prospective_003,,,
mobley_4506634,[C@@H](C(F)(F)F)(Cl)Br,FC(F)(F)[C@H](Cl)Br,BCQZXOMGPXTTIC,C2HBrClF3,Br:1;C:2;Cl:1;F:3;H:1,197.381,7,0,0,0,0.0,2.5084999999999997,0,0,0.0,5,5,0.18181818181818182,dev_amino_alcohol_halogen,,,
mobley_4553008,c1cc(ccc1Cl)Cl,Clc1ccc(Cl)cc1,OCJBOOLMMGQPQU,C6H4Cl2,C:6;Cl:2;H:4,147.004,8,0,0,0,0.0,2.9934000000000003,1,0,0.75,2,5,0.6153846153846154,nextgen_prospective_002,,,
mobley_4603202,C(CCl)OCCCl,ClCCOCCCl,ZNSMNVMLTJELDZ,C4H8Cl2O,C:4;Cl:2;H:8;O:1,143.013,7,0,0,1,9.23,1.4806000000000001,0,4,0.0,3,5,0.09523809523809523,dev_cyano_ether,,,
mobley_4678740,c1cc(cc(c1)C(F)(F)F)C(F)(F)F,FC(F)(F)c1cccc(C(F)(F)F)c1,SJBBXFLOLUTGCW,C8H4F6,C:8;F:6;H:4,214.10799999999995,14,0,0,0,0.0,3.7242000000000006,1,0,0.42857142857142855,6,5,0.16,nextgen_prospective_020,,,
mobley_4699732,C[C@@H](CCl)Cl,C[C@H](Cl)CCl,KNKRKFALVUDBJE,C3H6Cl2,C:3;Cl:2;H:6,112.987,5,0,0,0,0.0,1.8525,0,1,0.0,2,5,0.23529411764705882,nextgen_prospective_012,,,
mobley_4759887,CCCCCCCI,CCCCCCCI,LMHCYRULPLGEEZ,C7H15I,C:7;H:15;I:1,226.101,8,0,0,0,0.0,3.3918000000000026,0,5,0.0,1,5,0.35714285714285715,nextgen_prospective_004,,,
mobley_4845722,c1(c(c(c(c(c1Cl)Cl)Cl)Cl)Cl)Cl,Clc1c(Cl)c(Cl)c(Cl)c(Cl)c1Cl,CKAPSXZOOQJIBF,C6Cl6,C:6;Cl:6,284.784,12,0,0,0,0.0,5.606999999999999,1,0,0.5,6,5,0.2,nextgen_prospective_002,,,
mobley_5286200,C(CCCl)CCl,ClCCCCCl,KJDRSWPQXHESDQ,C4H8Cl2,C:4;Cl:2;H:8,127.014,6,0,0,0,0.0,2.2442,0,3,0.0,2,5,0.15789473684210525,dev_amino_alcohol_halogen,,,
mobley_5347550,COC(C(Cl)Cl)(F)F,COC(F)(F)C(Cl)Cl,RFKMCNOHBTXSMU,C3H4Cl2F2O,C:3;Cl:2;F:2;H:4;O:1,164.96599999999998,8,0,0,1,9.23,2.0293,0,2,0.0,5,5,0.15384615384615385,dev_amino_alcohol_halogen,,,
mobley_5371840,c1ccc2c(c1)Oc3ccc(cc3O2)Cl,Clc1ccc2c(c1)Oc1ccccc1O2,GIUGGRUEPHPVNR,C12H7ClO2,C:12;Cl:1;H:7;O:2,218.63899999999998,15,0,0,2,18.46,4.238000000000001,3,0,0.8,3,5,0.2692307692307692,nextgen_prospective_002,,,
mobley_5494918,C(=C(F)F)(C(F)(F)F)F,FC(F)=C(F)C(F)(F)F,HCDGVLDPFQMKDK,C3F6,C:3;F:6,150.021,9,0,0,0,0.0,2.6262999999999996,0,0,0.0,6,5,0.29411764705882354,nextgen_prospective_005,,,
mobley_5538249,c1ccc(cc1)c2c(cc(cc2Cl)Cl)Cl,Clc1cc(Cl)c(-c2ccccc2)c(Cl)c1,MTLMVEWEYZFYTH,C12H7Cl3,C:12;Cl:3;H:7,257.54699999999997,15,0,0,0,0.0,5.313800000000001,2,1,0.8,3,5,0.24,nextgen_prospective_002,,,
mobley_5708811,COc1c(ccc(c1C(=O)O)Cl)Cl,COc1c(Cl)ccc(Cl)c1C(=O)O,IWEDIXLBFLAXBO,C8H6Cl2O3,C:8;Cl:2;H:6;O:3,221.039,13,0,1,2,46.53,2.7002000000000006,1,2,0.46153846153846156,5,5,0.21428571428571427,nextgen_prospective_014,,,
mobley_5952846,C(=C(Cl)Cl)(Cl)Cl,ClC(Cl)=C(Cl)Cl,CYTYCFOTNPOANT,C2Cl4,C:2;Cl:4,165.834,6,0,0,0,0.0,3.0682,0,0,0.0,4,5,0.125,nextgen_prospective_002,,,
mobley_6190089,C(C(Cl)Cl)(Cl)Cl,ClC(Cl)C(Cl)Cl,QPFMBZIOSGYJDE,C2H2Cl4,C:2;Cl:4;H:2,167.85,6,0,0,0,0.0,2.5938000000000008,0,1,0.0,4,5,0.17647058823529413,dev_amino_alcohol_halogen,,,
mobley_6195751,COc1c(c(c(c(c1Cl)C=O)Cl)OC)O,COc1c(O)c(OC)c(Cl)c(C=O)c1Cl,CTFRWEPMHUGVMM,C9H8Cl2O4,C:9;Cl:2;H:8;O:4,251.065,15,0,1,4,55.760000000000005,2.528700000000001,1,3,0.4,6,5,0.17857142857142858,nextgen_prospective_014,,,
mobley_6235784,CC[C@H](C)Cl,CC[C@H](C)Cl,BSPCSKHALVHRSR,C4H9Cl,C:4;Cl:1;H:9,92.569,5,0,0,0,0.0,2.0237,0,1,0.0,1,5,0.23529411764705882,nextgen_prospective_012,,,
mobley_6250025,CCCCCCI,CCCCCCI,ANOOTOPTCJRUPK,C6H13I,C:6;H:13;I:1,212.074,7,0,0,0,0.0,3.0017000000000014,0,4,0.0,1,5,0.35714285714285715,nextgen_prospective_004,,,
mobley_6257907,c1cc(cc(c1)Cl)N,Nc1cccc(Cl)c1,PNPCRKVUWYDDST,C6H6ClN,C:6;Cl:1;H:6;N:1,127.574,8,0,1,1,26.02,1.9222,1,0,0.75,2,5,0.25,nextgen_prospective_002,,,
mobley_627267,CC(C)CBr,CC(C)CBr,HLVFKOKELQSXIQ,C4H9Br,Br:1;C:4;H:9,137.01999999999998,5,0,0,0,0.0,2.0373,0,1,0.0,1,5,0.25,nextgen_prospective_012,,,
mobley_628086,C[C@@H](C(F)(F)F)O,C[C@H](O)C(F)(F)F,GILIYJDBJZWGBG,C3H5F3O,C:3;F:3;H:5;O:1,114.066,7,0,1,1,20.23,0.9295,0,0,0.0,4,5,0.29411764705882354,nextgen_prospective_012,,,
mobley_6358463,c1ccc(c(c1)C(F)(F)F)C(F)(F)F,FC(F)(F)c1ccccc1C(F)(F)F,XXZOEDQFGXTEAD,C8H4F6,C:8;F:6;H:4,214.10799999999995,14,0,0,0,0.0,3.7242000000000006,1,0,0.42857142857142855,6,5,0.22727272727272727,nextgen_prospective_020,,,
mobley_6359135,C(Cl)(Cl)(Cl)Cl,ClC(Cl)(Cl)Cl,VZGDMQKNWNREIO,CCl4,C:1;Cl:4,153.823,5,0,0,0,0.0,2.5529,0,0,0.0,4,5,0.07142857142857142,nextgen_prospective_005,,,
mobley_6359156,c1ccc(cc1)c2cc(ccc2Cl)Cl,Clc1ccc(Cl)c(-c2ccccc2)c1,KKQWHYGECTYFIA,C12H8Cl2,C:12;Cl:2;H:8,223.10199999999998,14,0,0,0,0.0,4.660400000000001,2,1,0.8571428571428571,2,5,0.25925925925925924,nextgen_prospective_002,,,
mobley_6688723,COc1c(cc(c(c1O)OC)Cl)Cl,COc1c(Cl)cc(Cl)c(OC)c1O,IDKMFABKPPHDBI,C8H8Cl2O3,C:8;Cl:2;H:8;O:3,223.05499999999998,13,0,1,3,38.69,2.7162000000000006,1,2,0.46153846153846156,5,5,0.23076923076923078,nextgen_prospective_002,,,
mobley_676247,C(F)(F)(F)F,FC(F)(F)F,TXEYQDLBPFQVAA,CF4,C:1;F:4,88.00300000000001,5,0,0,0,0.0,1.4756999999999998,0,0,0.0,4,5,0.25,nextgen_prospective_005,,,
mobley_6804509,c1c(c(cc(c1Cl)Cl)Cl)Cl,Clc1cc(Cl)c(Cl)cc1Cl,JHBKHLUZVFWLAG,C6H2Cl4,C:6;Cl:4;H:2,215.894,10,0,0,0,0.0,4.3002,1,0,0.6,4,5,0.23529411764705882,nextgen_prospective_002,,,
mobley_6843802,c1ccc(cc1)O[C@@H](C(F)F)F,FC(F)[C@@H](F)Oc1ccccc1,ARRIWOKAMDZZSZ,C8H7F3O,C:8;F:3;H:7;O:1,176.13699999999994,12,0,0,1,9.23,2.6261,1,3,0.5,4,5,0.2222222222222222,nextgen_prospective_020,,,
mobley_6929123,COC(=O)CCl,COC(=O)CCl,QABLOFMHHSOFRJ,C3H5ClO2,C:3;Cl:1;H:5;O:2,108.52400000000002,6,0,0,2,26.3,0.3981999999999999,0,1,0.0,3,5,0.3888888888888889,nextgen_prospective_014,,,
mobley_7047032,CC(C)(C)Cl,CC(C)(C)Cl,NBRKLOOSMBRFMH,C4H9Cl,C:4;Cl:1;H:9,92.569,5,0,0,0,0.0,2.0237,0,0,0.0,1,5,0.1111111111111111,nextgen_prospective_019,,,
mobley_7099614,C=CCCl,C=CCCl,OSDWBNJEKMUWAV,C3H5Cl,C:3;Cl:1;H:5,76.526,4,0,0,0,0.0,1.4112,0,1,0.0,1,5,0.09090909090909091,dev_amino_alcohol_halogen,,,
mobley_7150646,c1cc(ccc1Br)Br,Brc1ccc(Br)cc1,SWJPEBQEEAHIGZ,C6H4Br2,Br:2;C:6;H:4,235.90599999999998,8,0,0,0,0.0,3.2116000000000007,1,0,0.75,2,5,0.2631578947368421,nextgen_prospective_003,,,
mobley_7157427,CCCCCCCCl,CCCCCCCCl,DZMDPHNGKBEVRE,C7H15Cl,C:7;Cl:1;H:15,134.65,8,0,0,0,0.0,3.1956000000000016,0,5,0.0,1,5,0.1875,nextgen_prospective_004,,,
mobley_7200804,c1ccc(c(c1)O)F,Oc1ccccc1F,HFHFGHLXUCOHLN,C6H5FO,C:6;F:1;H:5;O:1,112.10299999999998,8,0,1,1,20.23,1.5312999999999997,1,0,0.75,2,5,0.27586206896551724,dev_aza_aryl_ether,,,
mobley_7239499,c1ccc2c(c1)Oc3cccc(c3O2)Cl,Clc1cccc2c1Oc1ccccc1O2,VGGGRWRBGXENKI,C12H7ClO2,C:12;Cl:1;H:7;O:2,218.63899999999998,15,0,0,2,18.46,4.238000000000001,3,0,0.8,3,5,0.1724137931034483,nextgen_prospective_002,,,
mobley_7360181,COC(C(F)(F)F)(OC)OC,COC(OC)(OC)C(F)(F)F,YOPRCDRCWXCAMG,C5H9F3O3,C:5;F:3;H:9;O:3,174.118,11,0,0,3,27.69,1.1417,0,3,0.0,6,5,0.15789473684210525,nextgen_prospective_013,,,
mobley_7463408,CCC(=O)Nc1ccc(c(c1)Cl)Cl,CCC(=O)Nc1ccc(Cl)c(Cl)c1,LFULEKSKNZEWOE,C9H9Cl2NO,C:9;Cl:2;H:9;N:1;O:1,218.08299999999997,13,0,1,1,29.1,3.3419000000000016,1,2,0.46153846153846156,4,5,0.17647058823529413,nextgen_prospective_002,,,
mobley_7578802,C(Br)(Br)Br,BrC(Br)Br,DIKBFYAXUHHXCS,CHBr3,Br:3;C:1;H:1,252.731,4,0,0,0,0.0,2.4547,0,0,0.0,3,5,0.09090909090909091,nextgen_prospective_001,2.0,0.9006343898848322,d6e181410e1fcc9ac8fa9ef63086a01d91d8328f51511c6170a6f0927cb8382a
mobley_7599023,c1ccc(cc1)Br,Brc1ccccc1,QARVLSVVCXYDNA,C6H5Br,Br:1;C:6;H:5,157.01,7,0,0,0,0.0,2.4491000000000005,1,0,0.8571428571428571,1,5,0.35,nextgen_prospective_003,,,
mobley_7608462,c1ccc(cc1)Cl,Clc1ccccc1,MVPPADPHJFYWMZ,C6H5Cl,C:6;Cl:1;H:5,112.55899999999998,7,0,0,0,0.0,2.34,1,0,0.8571428571428571,1,5,0.4117647058823529,nextgen_prospective_002,,,
mobley_766666,C(=C(Cl)Cl)Cl,ClC=C(Cl)Cl,XSTXAVWGXDQKEL,C2HCl3,C:2;Cl:3;H:1,131.389,5,0,0,0,0.0,2.5017000000000005,0,0,0.0,3,5,0.10526315789473684,nextgen_prospective_002,,,
mobley_7708038,CCCBr,CCCBr,CYNYIHKIEHGYOZ,C3H7Br,Br:1;C:3;H:7,122.993,4,0,0,0,0.0,1.7913000000000001,0,1,0.0,1,5,0.3333333333333333,nextgen_prospective_001,,,
mobley_7732703,C(F)(F)(F)Br,FC(F)(F)Br,RJCQBQGAPKAMLL,CBrF3,Br:1;C:1;F:3,148.909,5,0,0,0,0.0,1.9011,0,0,0.0,4,5,0.21428571428571427,nextgen_prospective_005,,,
mobley_7768165,C(CBr)Cl,ClCCBr,IBYHHJPAARCAIE,C2H4BrCl,Br:1;C:2;Cl:1;H:4,143.411,4,0,0,0,0.0,1.6201,0,1,0.0,2,5,0.3333333333333333,nextgen_prospective_001,,,
mobley_7769613,CC(C)(C)Br,CC(C)(C)Br,RKSOPLXZQNSWAS,C4H9Br,Br:1;C:4;H:9,137.01999999999998,5,0,0,0,0.0,2.1798,0,0,0.0,1,5,0.1111111111111111,nextgen_prospective_019,,,
mobley_7794077,c1c(c(=O)[nH]c(=O)[nH]1)C(F)(F)F,O=c1[nH]cc(C(F)(F)F)c(=O)[nH]1,LMNPKIOZMGYQIU,C5H3F3N2O2,C:5;F:3;H:3;N:2;O:2,180.08499999999995,12,0,2,2,65.72,0.08199999999999996,1,0,0.5,7,5,0.13793103448275862,nextgen_prospective_005,,,
mobley_7814642,c1cc(c(cc1Cl)Cl)Cl,Clc1ccc(Cl)c(Cl)c1,PBKONEOXTCPAFI,C6H3Cl3,C:6;Cl:3;H:3,181.44899999999998,9,0,0,0,0.0,3.6468000000000007,1,0,0.6666666666666666,3,5,0.35,nextgen_prospective_002,,,
mobley_8057732,c1cc(cc(c1)Cl)O,Oc1cccc(Cl)c1,HORNXRXVQWOLPJ,C6H5ClO,C:6;Cl:1;H:5;O:1,128.558,8,0,1,1,20.23,2.0456,1,0,0.75,2,5,0.42857142857142855,nextgen_prospective_002,,,
mobley_8191186,C(C(F)(F)F)Cl,FC(F)(F)CCl,CYXIKYKBLDZZNW,C2H2ClF3,C:2;Cl:1;F:3;H:2,118.48500000000001,6,0,0,0,0.0,1.7875,0,0,0.0,4,5,0.17647058823529413,nextgen_prospective_005,,,
mobley_8207196,CCNc1nc(nc(n1)Cl)NCC,CCNc1nc(Cl)nc(NCC)n1,ODCWYMIRDDJXKW,C7H12ClN5,C:7;Cl:1;H:12;N:5,201.661,13,0,2,5,62.730000000000004,1.3885999999999998,1,4,0.46153846153846156,6,5,0.13636363636363635,nextgen_prospective_004,,,
mobley_8311321,C(F)(F)Cl,FC(F)Cl,VOPWNXZWBYDODV,CHClF2,C:1;Cl:1;F:2;H:1,86.468,4,0,0,0,0.0,1.4478,0,0,0.0,3,5,0.3125,dev_amino_alcohol_halogen,,,
mobley_8525830,CCCCCI,CCCCCI,BLXSFCHWMBESKV,C5H11I,C:5;H:11;I:1,198.047,6,0,0,0,0.0,2.611600000000001,0,3,0.0,1,5,0.38461538461538464,nextgen_prospective_004,,,
mobley_852937,c1cc(ccc1O)F,Oc1ccc(F)cc1,RHMPLDJJXGPMEX,C6H5FO,C:6;F:1;H:5;O:1,112.10299999999998,8,0,1,1,20.23,1.5312999999999999,1,0,0.75,2,5,0.4444444444444444,nextgen_prospective_002,,,
mobley_8685905,[C@@H](C(F)(F)F)(F)Br,F[C@H](Br)C(F)(F)F,RZXZIZDRFQFCTA,C2HBrF4,Br:1;C:2;F:4;H:1,180.926,7,0,0,0,0.0,2.2392000000000003,0,0,0.0,5,5,0.1875,nextgen_prospective_006,,,
mobley_8723116,c1cc(ccc1N)Cl,Nc1ccc(Cl)cc1,QSNSCYSYFYORTR,C6H6ClN,C:6;Cl:1;H:6;N:1,127.574,8,0,1,1,26.02,1.9222,1,0,0.75,2,5,0.4444444444444444,nextgen_prospective_002,,,
mobley_8772587,CCCCI,CCCCI,KMGBZBJJOKUPIA,C4H9I,C:4;H:9;I:1,184.01999999999998,5,0,0,0,0.0,2.2215,0,2,0.0,1,5,0.4166666666666667,nextgen_prospective_004,,,
mobley_8789465,c1ccc(c(c1)O)I,Oc1ccccc1I,KQDJTBPASNJQFQ,C6H5IO,C:6;H:5;I:1;O:1,220.00899999999996,8,0,1,1,20.23,1.9968,1,0,0.75,2,5,0.21739130434782608,nextgen_prospective_002,,,
mobley_8809274,c1ccc(cc1)C(F)(F)F,FC(F)(F)c1ccccc1,GETTZEONDQJALK,C7H5F3,C:7;F:3;H:5,146.111,10,0,0,0,0.0,2.705400000000001,1,0,0.6,3,5,0.2727272727272727,nextgen_prospective_020,,,
mobley_9015240,CCCCCCCCBr,CCCCCCCCBr,VMKOFRJSULQZRM,C8H17Br,Br:1;C:8;H:17,193.128,9,0,0,0,0.0,3.741800000000003,0,6,0.0,1,5,0.23529411764705882,nextgen_prospective_001,,,
mobley_9028462,COC(=O)C(F)(F)F,COC(=O)C(F)(F)F,VMVNZNXAVJHNDJ,C3H3F3O2,C:3;F:3;H:3;O:2,128.049,8,0,0,2,26.3,0.7216999999999999,0,0,0.0,5,5,0.3888888888888889,nextgen_prospective_014,,,
mobley_9257453,c1cc(c(cc1O)Cl)Cl,Oc1ccc(Cl)c(Cl)c1,WDNBURPWRNALGP,C6H4Cl2O,C:6;Cl:2;H:4;O:1,163.003,9,0,1,1,20.23,2.6990000000000003,1,0,0.6666666666666666,3,5,0.45,nextgen_prospective_002,,,
mobley_929676,CCCCCCBr,CCCCCCBr,MNDIARAMWBIKFW,C6H13Br,Br:1;C:6;H:13,165.074,7,0,0,0,0.0,2.9616000000000016,0,4,0.0,1,5,0.23529411764705882,nextgen_prospective_001,,,
mobley_9434451,CC(C)Br,CC(C)Br,NAMYKGVDVNBCFQ,C3H7Br,Br:1;C:3;H:7,122.993,4,0,0,0,0.0,1.7897,0,0,0.0,1,5,0.21428571428571427,nextgen_prospective_012,,,
mobley_9557440,c1c(c(=O)[nH]c(=O)[nH]1)Cl,O=c1[nH]cc(Cl)c(=O)[nH]1,ZFTBZKVVGZNMJR,C4H3ClN2O2,C:4;Cl:1;H:3;N:2;O:2,146.533,9,0,2,2,65.72,-0.2834,1,0,0.6666666666666666,5,5,0.15384615384615385,nextgen_prospective_007,,,
mobley_9624458,C(CCl)CCl,ClCCCCl,YHRUOJUYPBUZOS,C3H6Cl2,C:3;Cl:2;H:6,112.98700000000001,5,0,0,0,0.0,1.8540999999999999,0,2,0.0,2,5,0.15789473684210525,dev_amino_alcohol_halogen,,,
mobley_9717937,c1ccc(cc1)c2ccccc2Cl,Clc1ccccc1-c1ccccc1,LAXBNTIAOJWAOP,C12H9Cl,C:12;Cl:1;H:9,188.65699999999995,13,0,0,0,0.0,4.0070000000000014,2,1,0.9230769230769231,1,5,0.24,nextgen_prospective_020,,,
mobley_9740891,c1cc(c(c(c1)Cl)C#N)Cl,N#Cc1c(Cl)cccc1Cl,YOYAIZYFCNQIRF,C7H3Cl2N,C:7;Cl:2;H:3;N:1,172.01399999999998,10,0,0,1,23.79,2.8650800000000007,1,0,0.6,3,5,0.2,nextgen_prospective_002,,,
mobley_9913368,C(=C/Cl)\Cl,Cl/C=C/Cl,KFUSEUYYWQURPO,C2H2Cl2,C:2;Cl:2;H:2,96.944,4,0,0,0,0.0,1.9352,0,0,0.0,2,5,0.07692307692307693,nextgen_prospective_017,,,
mobley_9979854,C[C@H](C(F)(F)F)O,C[C@@H](O)C(F)(F)F,GILIYJDBJZWGBG,C3H5F3O,C:3;F:3;H:5;O:1,114.066,7,0,1,1,20.23,0.9295,0,0,0.0,4,5,0.29411764705882354,nextgen_prospective_012,,,
