molecule_id,glider,mace_polar_l,exact_dipole
2OJ9-original,0.02226185585218972,0.018293972424781983,0.1764050694581562
cdk2-1h1q,0.06392561470696427,0.03936050464004961,1.2141570443770962
cdk2-28,0.05899369996583283,0.08355482519275702,0.22851147885890755
ethane,0.1102402511270991,0.08502491239991992,0.05423284750231249
ethanol,0.04938248097804579,0.16818876380801062,0.39428875395445256
jnk1-17124,0.01979933538222404,0.008573361648862316,0.05391199235528896
jnk1-18631,0.037477838802027895,0.015864413706357574,0.10237201640937374
methane,0.03787062186360459,0.09207308635967303,0.030385008640431633
tyk2-ejm_42,0.026217102948978485,0.020861759918939318,0.09230652075882721
tyk2-ejm_45,0.03754053494690475,0.04802550091136042,0.15850558232526135
