config_id,molecule_id,regime,prediction_file,prediction_sha256,net_charge_e
canonical_p3__mobley_1278715__cluster_3water__compressed,mobley_1278715,compressed,8ccac7912fbd74fd481d.npz,1aa885a0c4b05cd305cfff588a18f0baa5c8cecac32eb1024e7fbca2d8b76e23,0.0
canonical_p3__mobley_1278715__cluster_3water__cooperative,mobley_1278715,cooperative,ece44fb48e99e7726bbe.npz,f5f312629d45b70d19c40b747ee6c157013ef46832d7ab1142f299b7caa2734e,0.0
canonical_p3__mobley_1278715__cluster_3water__equilibrium,mobley_1278715,equilibrium,2835e0c709d6c1bec778.npz,e4d855d9f264f669de1d9feef82991e845d856c90f3a5ec557ac70881386d39d,0.0
canonical_p3__mobley_1278715__cluster_3water__orientation,mobley_1278715,orientation,e947ea722ef7abd413e9.npz,d21d4de233bb97d8c635f6aaaac35c0e8ea735448a7c8f0c7f887b60fb551a1a,0.0
canonical_p3__mobley_1352110__cluster_3water__compressed,mobley_1352110,compressed,edb53eb418b1bef4cf89.npz,9a33336c8873953e1c76ca0525470e1273077022867bc22526bf73b5ea210708,0.0
canonical_p3__mobley_1352110__cluster_3water__cooperative,mobley_1352110,cooperative,7e9ca8ea4c5ed067ac91.npz,f4a289c62488f9ceba9008f4edb97d962cceafc181ec475bb82152330e489915,0.0
canonical_p3__mobley_1352110__cluster_3water__equilibrium,mobley_1352110,equilibrium,1a5ca5112082891d7e42.npz,bd070e3ebbcb8ff1da69bb135d4f3a4c1e1a428602178277374c18eb3d8fe843,0.0
canonical_p3__mobley_1352110__cluster_3water__orientation,mobley_1352110,orientation,abf003d0d17851b773d8.npz,3c044fa89905da18d9f895590655ad469985f4ed9e915be857b0902c2c7ee1c4,0.0
canonical_p3__mobley_1723043__cluster_3water__compressed,mobley_1723043,compressed,e717b3e38251180ad2a2.npz,b0470b9c8ad1b8b7726b00eb4f5470a55be258136a2e85eb35b6c3a8f0bb33b0,0.0
canonical_p3__mobley_1723043__cluster_3water__cooperative,mobley_1723043,cooperative,ff5c8d8b6fe9d6ca88e9.npz,2978b63f46eef7e981e78081622fa477dd6cb1a74f42dcde924b363141a1a4ac,0.0
canonical_p3__mobley_1723043__cluster_3water__equilibrium,mobley_1723043,equilibrium,c9ac95845ecc9e19087f.npz,8ca5feefd1d491d2be99160236fcd5911ade31d2ddd0e1ef4ca94bd6a2193d3f,0.0
canonical_p3__mobley_1723043__cluster_3water__orientation,mobley_1723043,orientation,838e06893626e0b20ad1.npz,32ecc38a5f811360b6f28d3362f25d4c429ed9c6aa6c73793770ab1ef9577d30,0.0
canonical_p3__mobley_172879__cluster_3water__compressed,mobley_172879,compressed,c370d443d428de4702da.npz,ce76c077e06db438d0173c7f310832afadf00549b858d73a7c65e86911e67617,0.0
canonical_p3__mobley_172879__cluster_3water__cooperative,mobley_172879,cooperative,0d1569ec810d8244eb48.npz,517e0155960c8e5b6cd30eada3a2eb7b488cefd9ca6b60e1a51c25a9fa95ce44,0.0
canonical_p3__mobley_172879__cluster_3water__equilibrium,mobley_172879,equilibrium,46d30fa961b94eb2f2f8.npz,6d51c8c1d4a0507675efb4f02446f0138da0fb8da7baace4a1edb244a3a3278a,0.0
canonical_p3__mobley_172879__cluster_3water__orientation,mobley_172879,orientation,bf75019913131e1fefd1.npz,721484e3e13dda57a9ee596a034da12b9d368b7b3e13b612ba268bb142a73ccb,0.0
canonical_p3__mobley_2261979__cluster_3water__compressed,mobley_2261979,compressed,d3033d301bf8c5c98538.npz,ee14f171b1d99d88a2c2992fe5891175b0f15bbf01f227463985695a973dadbf,0.0
canonical_p3__mobley_2261979__cluster_3water__cooperative,mobley_2261979,cooperative,4686ac39a5c9edfa5c17.npz,ffbb9e068219fc605fcc6b2b174d5c897fbfdcc1e144a52ff6c559d06da060a7,0.0
canonical_p3__mobley_2261979__cluster_3water__equilibrium,mobley_2261979,equilibrium,40c7cc93829aea28f03d.npz,2a4f291ea80c28bc01d5e85befa295643921ba1a204bb6dee4180a62943dd46c,0.0
canonical_p3__mobley_2261979__cluster_3water__orientation,mobley_2261979,orientation,6e5127b429a51fffcd42.npz,7e1317319e302ec935ecdc89f0d905fc0bc20d35c9834603ef7e01c8a4fd096b,0.0
canonical_p3__mobley_2689721__cluster_3water__compressed,mobley_2689721,compressed,0a305041f10ad96304f2.npz,96511c67bc255c92ec1a8771c70002f5de871e2b5d15f4dab3ab1c2ff01520fc,0.0
canonical_p3__mobley_2689721__cluster_3water__cooperative,mobley_2689721,cooperative,25601b4869411491bd0f.npz,e4d62725332b511e37208b48ec49f4c9f2776fc09dfb171f0ca585f129055fab,0.0
canonical_p3__mobley_2689721__cluster_3water__equilibrium,mobley_2689721,equilibrium,0429dadaef79de8da24c.npz,1d959971e6935a1e382361a6fbc3043e266015c440d724ceccc593c318976f73,0.0
canonical_p3__mobley_2689721__cluster_3water__orientation,mobley_2689721,orientation,dab69b65debfeee410dd.npz,569509801c82f741be4f48fd69ba00e68ef10b22dc4dd0bd6e0cb20a9ed3b684,0.0
canonical_p3__mobley_2727678__cluster_3water__compressed,mobley_2727678,compressed,f1798f6619f054540c47.npz,22671fd01a64584c62ce037fa88603f5358dff313c3027e55b13a7dfeb1a338d,0.0
canonical_p3__mobley_2727678__cluster_3water__cooperative,mobley_2727678,cooperative,18c13e36b83c4df77536.npz,eaa9522b6dbe901a2aa6e3678f16c63bfd8a32c9396dd92e091ee85702b9e2e5,0.0
canonical_p3__mobley_2727678__cluster_3water__equilibrium,mobley_2727678,equilibrium,0e21427b240a8473490f.npz,c39bcb7ae109a6d737c71e53c7b3688b09424e4b29aa1d4b510ed9041f7a4f78,0.0
canonical_p3__mobley_2727678__cluster_3water__orientation,mobley_2727678,orientation,483de541b71331982617.npz,ace69e8922667d9ba5aee19e34dc55632b7161ca72f7d78ed57df580cacfec48,0.0
canonical_p3__mobley_3047364__cluster_3water__compressed,mobley_3047364,compressed,f30409eda4869155c3b3.npz,df310995ced0c1933d831204969955039651e18e35589f3df6bc0c89353c8272,0.0
canonical_p3__mobley_3047364__cluster_3water__cooperative,mobley_3047364,cooperative,7f9320e31e6d34599279.npz,a00d14dd6dda425dbd258ad12affd858f1ffea273165200d8d00586ebb108239,0.0
canonical_p3__mobley_3047364__cluster_3water__equilibrium,mobley_3047364,equilibrium,cb05ebb922d3d06fd93b.npz,5d4d76d45bfc2050260db552ddd2627b780860fd9010dc953b6639061cdd6310,0.0
canonical_p3__mobley_3047364__cluster_3water__orientation,mobley_3047364,orientation,99316b29b96fa60f341c.npz,1da6a0e8972f1be4f662a6c11ba4e52bafd84c729ef4c6b77a652208705ebe68,0.0
canonical_p3__mobley_3709920__cluster_3water__compressed,mobley_3709920,compressed,c2c505eb2d756e2fbf06.npz,e686c146b88d374f8bb4bdb42a16b3ec17dc1d48e08a7e5bff34f2947fc4d50f,0.0
canonical_p3__mobley_3709920__cluster_3water__cooperative,mobley_3709920,cooperative,113e324bf2b25ae204d7.npz,d147d9c5a8236a342d0c88ebf7d5cf70070a9ac8f1afe3717d7f3d4d0b4c7ff5,0.0
canonical_p3__mobley_3709920__cluster_3water__equilibrium,mobley_3709920,equilibrium,c8a2ba25e40ca93499e5.npz,f5d9c966a97a090d6a5edbc8bc2190e282c880cfb64fef4108c30424d6b01460,0.0
canonical_p3__mobley_3709920__cluster_3water__orientation,mobley_3709920,orientation,66247784c082babf59b0.npz,ee7e83bc6527a6a0f8d7789d5284c03e043c812a390e856edb841b37d2c21c49,0.0
canonical_p3__mobley_3777264__cluster_3water__compressed,mobley_3777264,compressed,5a82268dc6d07c98facd.npz,c3f95c94b1c5b415656f825d8efe9936e1a89b3f72ffeabf83cc6ccb7e90b06f,0.0
canonical_p3__mobley_3777264__cluster_3water__cooperative,mobley_3777264,cooperative,443de577c5cb09865e60.npz,676d51b6300cd75dd96201a683fee2a0c9eb246b9cceede61cb3d92fdf932071,0.0
canonical_p3__mobley_3777264__cluster_3water__equilibrium,mobley_3777264,equilibrium,d74799c2b37c3ee8b4b2.npz,7fdff9ba97797fb89300ccd593fcfc4e1aa05e553c7cd68fcabbef258318a419,0.0
canonical_p3__mobley_3777264__cluster_3water__orientation,mobley_3777264,orientation,56e3609bfc2ce30fa3ab.npz,ee9e97195db83083074b1d8e29662cd4c387c15f5070ff4849b5ca5c62cf31ac,0.0
canonical_p3__mobley_4479135__cluster_3water__compressed,mobley_4479135,compressed,16158ec3995a5a469ff0.npz,4473052b15f0ad3c58141cb0f27eb982429192f4f3b2379643a66af2581032b3,0.0
canonical_p3__mobley_4479135__cluster_3water__cooperative,mobley_4479135,cooperative,8d090653df26e01120d4.npz,7dfb71410f4cafa3b7e25995be24be9e915c5a63cf03818ba454827d763165b0,0.0
canonical_p3__mobley_4479135__cluster_3water__equilibrium,mobley_4479135,equilibrium,c12058cc08715cd7308c.npz,319eaa296e36188d15a515f637259d53dcda0d4dec6ef8d02fab7be6f24f5545,0.0
canonical_p3__mobley_4479135__cluster_3water__orientation,mobley_4479135,orientation,677f492b49a8518855af.npz,5469bbe0698289cff012b3d91734f9dc790e3d2d1f3e7f9c85c814256d4a63e1,0.0
canonical_p3__mobley_4934872__cluster_3water__compressed,mobley_4934872,compressed,b2076ddf2184691db4f2.npz,7bbde54b5f669ccaeec82dbd169e3714bedcab170a351320888867da5fb2f0ce,0.0
canonical_p3__mobley_4934872__cluster_3water__cooperative,mobley_4934872,cooperative,1266946c09be7fb3c454.npz,70f4705be2dc7efa013e6bd3fff9f268a448e1ce49313546426e09e3449e9481,0.0
canonical_p3__mobley_4934872__cluster_3water__equilibrium,mobley_4934872,equilibrium,194c5f5179482f70453f.npz,2b75da3ac423fe3319a860fc4fb2f20ed582583a14da1db984844efa436e5e64,0.0
canonical_p3__mobley_4934872__cluster_3water__orientation,mobley_4934872,orientation,90c2a9e7f959cf4a6252.npz,0ce3a9f5e5bf3c5b667142b3bd1a395fce3d96101b6735b4f4ca9e5136444ba4,0.0
canonical_p3__mobley_5200358__cluster_3water__compressed,mobley_5200358,compressed,2a77871603473f1fae25.npz,8c12a1ea2d9582a210d90a0660562045d83b13ea04a17fb99614f2fa31d17d94,0.0
canonical_p3__mobley_5200358__cluster_3water__cooperative,mobley_5200358,cooperative,194223bdd346475ab437.npz,23da0269dc02d7350a4c75a6e1a9c99ee19fad9435954862e4aac5ff3a1777d4,0.0
canonical_p3__mobley_5200358__cluster_3water__equilibrium,mobley_5200358,equilibrium,cf6da9d37c7700617a6b.npz,88617c9d72b50f5c6ee3e9ffa4dde40a437329486633a291049543d9de4fb9c8,0.0
canonical_p3__mobley_5200358__cluster_3water__orientation,mobley_5200358,orientation,15b634dc91f00bbe9df3.npz,443859b7aa592893940aa208fd8412cf2494d600f7b7f698220acb36a0052213,0.0
canonical_p3__mobley_6239320__cluster_3water__compressed,mobley_6239320,compressed,1697be9e8d13dccf829c.npz,81f99a70c5018404bcd6f297e14c46e3de0be9d199690ba20d628b79ba4daca5,0.0
canonical_p3__mobley_6239320__cluster_3water__cooperative,mobley_6239320,cooperative,b71f612b7cb21dd1edfc.npz,c7642ab5c5ea34c26bae7ef43e23607c3472828218bae7be22a9c1bfafaf123d,0.0
canonical_p3__mobley_6239320__cluster_3water__equilibrium,mobley_6239320,equilibrium,4e2e58e1b75c19c3db30.npz,88c1d84b0fea1f261bb97828b9f3c69ecf7816d6a99966021be3b4fd340f90bb,0.0
canonical_p3__mobley_6239320__cluster_3water__orientation,mobley_6239320,orientation,52f5c2c38b6e4f4452d1.npz,1bef3af46eb060094c6424c874e9c46264f7f941c59c79893a337623455a1dab,0.0
canonical_p3__mobley_7578802__cluster_3water__compressed,mobley_7578802,compressed,da3e73533ecc0e0f9162.npz,e5af8b1e7f9057c7d63dc7fab74255a09891f55696897ece3e84f35b4bd6cf03,0.0
canonical_p3__mobley_7578802__cluster_3water__cooperative,mobley_7578802,cooperative,a8cb55137c0549e8ab6b.npz,f241861efcebe91a2771b4ae6ee9e01a656b89de7380c08979d9ce8a1db15862,0.0
canonical_p3__mobley_7578802__cluster_3water__equilibrium,mobley_7578802,equilibrium,d7d6a2e406e95a65baca.npz,03bf8cc6d04e09f614effbb25f56b86d3fb37c420e4e4b63129526ab387c8d5a,0.0
canonical_p3__mobley_7578802__cluster_3water__orientation,mobley_7578802,orientation,971982b9a767d3571bc1.npz,3f4617985fc2267fec83a14d79207b19d55a38ed44e15fe9bc7ace388941297d,0.0
canonical_p3__mobley_8337722__cluster_3water__compressed,mobley_8337722,compressed,69bdf3e032e52ba9e449.npz,96a9d95bddbd3662d68d1d619eee17632cb5400d1a2b6ea5593d6426e2487cb6,0.0
canonical_p3__mobley_8337722__cluster_3water__cooperative,mobley_8337722,cooperative,b14b38ebe84c5cf756a0.npz,d1ae6b0d7ef440b13693021c3fe78cb2a25f400ea01c423c0c1510847868ae23,0.0
canonical_p3__mobley_8337722__cluster_3water__equilibrium,mobley_8337722,equilibrium,7bb994fd94b5a2f07563.npz,3fde6076a00120c8e143068d9c27f276f5c29b64e5e5fc9aaa992c94123dce04,0.0
canonical_p3__mobley_8337722__cluster_3water__orientation,mobley_8337722,orientation,26cb73e085475fd63ed2.npz,55064d64d165f3e6ee08d6558b66a9e8b945e826aea75fe6d5708862c8273289,0.0
canonical_p3__mobley_9007496__cluster_3water__compressed,mobley_9007496,compressed,1b7d58b703c12d1e37a4.npz,306a6141ee19be7a9c3a3ed3673ffd6f9ccd57983d6b9660dad9132f78bc17be,0.0
canonical_p3__mobley_9007496__cluster_3water__cooperative,mobley_9007496,cooperative,0c31dfd5d57dc31746cf.npz,05fe3b7d7e26032f830ed70309121f798e8665462db2a248f3101142c5485980,0.0
canonical_p3__mobley_9007496__cluster_3water__equilibrium,mobley_9007496,equilibrium,d2841267182887ac167d.npz,a5baabf342b5a99bed3aa672a53c184d5a77e980513d4eff8340296a4296dfe4,0.0
canonical_p3__mobley_9007496__cluster_3water__orientation,mobley_9007496,orientation,3bbed0b357fcdf7321a2.npz,326fc826d8625e230f777a9607e686300ec53887c0cbf6cb3841e46864064519,0.0
canonical_p3__mobley_9460824__cluster_3water__compressed,mobley_9460824,compressed,d39233a62211d087aa7f.npz,3419fc1f9ebb2533e04b499af045c4e8a9084a3c24694362521b163f9e0446c6,0.0
canonical_p3__mobley_9460824__cluster_3water__cooperative,mobley_9460824,cooperative,adf2ce317750f1e4cbf0.npz,572884b0900aaf7436af7cdf6bb4d30ea6fe1eea456efdcb378de703c80b999a,0.0
canonical_p3__mobley_9460824__cluster_3water__equilibrium,mobley_9460824,equilibrium,44b3282b650dec703bcd.npz,a26cf3feab60bcf41639351b21ec26b6fa1e17d09378ef7c82b666e4ffd0305e,0.0
canonical_p3__mobley_9460824__cluster_3water__orientation,mobley_9460824,orientation,5766db1cb95aac4d1826.npz,b87d20ff56986e44ba65cbee008bb20d8051e93bc7a9043000f2e2978af153a4,0.0
canonical_p3__mobley_9534740__cluster_3water__compressed,mobley_9534740,compressed,29387de4632b6ac3879c.npz,6088e8ca61fd35b297c0d6cfb475a9e9c2ee8cb0b5edb3db78f26956c8b2f71e,0.0
canonical_p3__mobley_9534740__cluster_3water__cooperative,mobley_9534740,cooperative,451dd296a9653c8e52fb.npz,6b805e7bf389d1caac0c5e772c00e4617c39c521b5d5e2803c5dcad7279bc0ee,0.0
canonical_p3__mobley_9534740__cluster_3water__equilibrium,mobley_9534740,equilibrium,a134c2c15bfd37ccfed5.npz,404436ed5cbbabe236687523044a6e4bc5bea84c47164cd90110301c803ffdb3,0.0
canonical_p3__mobley_9534740__cluster_3water__orientation,mobley_9534740,orientation,7f1db0ac3e415f52acf4.npz,38801b261bac597817576d288c01a9ed9bc3040d3342f457dac65c943591cb92,0.0
canonical_p3__mobley_9741965__cluster_3water__compressed,mobley_9741965,compressed,d9caaff0296a7c0fc790.npz,69087cc22792054ac1730f4ab2b6939f1cdae3bcf78fdbfb50afd6f843c622ff,0.0
canonical_p3__mobley_9741965__cluster_3water__cooperative,mobley_9741965,cooperative,7057dba6488887a2fbef.npz,b03709a4064376b4d478127b0190298bce911bb9bcc8568ad2348a4be4b849cc,0.0
canonical_p3__mobley_9741965__cluster_3water__equilibrium,mobley_9741965,equilibrium,e33c604a3a8457ede4a1.npz,ce185c709b2fea900e82604cf08c135da5a3af90efecb5e1a02d48a94eb67b92,0.0
canonical_p3__mobley_9741965__cluster_3water__orientation,mobley_9741965,orientation,518a105bbfee998aca42.npz,fc1947396aa0b2dfa09191c5e14f37e242e1d355eb773abed290362687d1790e,0.0
