config_id,molecule_id,method,dipole_mse_D2,esp_nrmse,esp_rmse_mEh_per_e,response_rms_mEh_per_e,n_waters,parent_snapshot_index
posthoc_shell__MNSOL-CONN-HSFWRNGVRCDJHI__parent_00__12w,MNSOL-CONN-HSFWRNGVRCDJHI,glider,0.00032436839880843236,0.8354763606250912,2.4941484436582635,2.98530103448071,12,0
posthoc_shell__MNSOL-CONN-HSFWRNGVRCDJHI__parent_00__1w,MNSOL-CONN-HSFWRNGVRCDJHI,glider,0.0006299784731634517,0.793454188330569,1.1529584462230364,1.453087605030942,1,0
posthoc_shell__MNSOL-CONN-HSFWRNGVRCDJHI__parent_00__3w,MNSOL-CONN-HSFWRNGVRCDJHI,glider,0.0003668047285839304,0.4910286710231557,1.1078621374402713,2.256206618509303,3,0
posthoc_shell__MNSOL-CONN-HSFWRNGVRCDJHI__parent_00__6w,MNSOL-CONN-HSFWRNGVRCDJHI,glider,0.0034396776935714302,0.7264069102472015,1.7717132301930498,2.4390093282429306,6,0
posthoc_shell__MNSOL-CONN-HSFWRNGVRCDJHI__parent_01__12w,MNSOL-CONN-HSFWRNGVRCDJHI,glider,0.007197590653594461,0.9852504902120173,2.2405651301845104,2.2741070950417495,12,1
posthoc_shell__MNSOL-CONN-HSFWRNGVRCDJHI__parent_01__1w,MNSOL-CONN-HSFWRNGVRCDJHI,glider,0.0022127275417789115,0.8919142379544903,1.0496714441682162,1.1768748602730292,1,1
posthoc_shell__MNSOL-CONN-HSFWRNGVRCDJHI__parent_01__3w,MNSOL-CONN-HSFWRNGVRCDJHI,glider,0.002250715703983179,0.5058197514458366,1.0076017842620208,1.9920174753593336,3,1
posthoc_shell__MNSOL-CONN-HSFWRNGVRCDJHI__parent_01__6w,MNSOL-CONN-HSFWRNGVRCDJHI,glider,0.0037341106988404518,0.5646538577753532,1.3247906172442871,2.3461995326902616,6,1
posthoc_shell__MNSOL-CONN-HSFWRNGVRCDJHI__parent_02__12w,MNSOL-CONN-HSFWRNGVRCDJHI,glider,0.002911061844800588,0.6224767619597313,1.922837155313366,3.0890103419439074,12,2
posthoc_shell__MNSOL-CONN-HSFWRNGVRCDJHI__parent_02__1w,MNSOL-CONN-HSFWRNGVRCDJHI,glider,0.00036892665300241115,0.9872571860966911,0.8911224177746813,0.9026243924320297,1,2
posthoc_shell__MNSOL-CONN-HSFWRNGVRCDJHI__parent_02__3w,MNSOL-CONN-HSFWRNGVRCDJHI,glider,0.0010309731175594794,0.7883394408508025,0.8501092648905209,1.0783543494577084,3,2
posthoc_shell__MNSOL-CONN-HSFWRNGVRCDJHI__parent_02__6w,MNSOL-CONN-HSFWRNGVRCDJHI,glider,0.0023681886043415614,0.8007899900803973,1.4729614891963012,1.839385491130352,6,2
posthoc_shell__MNSOL-CONN-XSQUKJJJFZCRTK__parent_00__12w,MNSOL-CONN-XSQUKJJJFZCRTK,glider,0.0022390019549212476,0.5067188576657147,1.859022102515742,3.668744658684382,12,0
posthoc_shell__MNSOL-CONN-XSQUKJJJFZCRTK__parent_00__1w,MNSOL-CONN-XSQUKJJJFZCRTK,glider,0.0004915927394877521,0.31048541854507183,1.126419981843173,3.6279319883089953,1,0
posthoc_shell__MNSOL-CONN-XSQUKJJJFZCRTK__parent_00__3w,MNSOL-CONN-XSQUKJJJFZCRTK,glider,0.000654759345704528,0.3051134349331607,0.9616460899000726,3.1517658018262438,3,0
posthoc_shell__MNSOL-CONN-XSQUKJJJFZCRTK__parent_00__6w,MNSOL-CONN-XSQUKJJJFZCRTK,glider,0.004016557668011467,0.2936281632082638,0.9761898091933694,3.324578264316492,6,0
posthoc_shell__MNSOL-CONN-XSQUKJJJFZCRTK__parent_01__12w,MNSOL-CONN-XSQUKJJJFZCRTK,glider,0.004074674030677136,0.4451266663654377,1.748077458165359,3.92714611424837,12,1
posthoc_shell__MNSOL-CONN-XSQUKJJJFZCRTK__parent_01__1w,MNSOL-CONN-XSQUKJJJFZCRTK,glider,0.0018811548006360285,0.33813718725660896,1.2120452028199509,3.5844776868630595,1,1
posthoc_shell__MNSOL-CONN-XSQUKJJJFZCRTK__parent_01__3w,MNSOL-CONN-XSQUKJJJFZCRTK,glider,0.004171824399993209,0.32829715171899976,1.4616776634199729,4.452300776191535,3,1
posthoc_shell__MNSOL-CONN-XSQUKJJJFZCRTK__parent_01__6w,MNSOL-CONN-XSQUKJJJFZCRTK,glider,0.0028301363788024256,0.30271563982617794,1.2979475624204837,4.287679233110576,6,1
posthoc_shell__MNSOL-CONN-XSQUKJJJFZCRTK__parent_02__12w,MNSOL-CONN-XSQUKJJJFZCRTK,glider,0.00626089509746831,0.5904317569879102,1.8981602423856527,3.2148681366143386,12,2
posthoc_shell__MNSOL-CONN-XSQUKJJJFZCRTK__parent_02__1w,MNSOL-CONN-XSQUKJJJFZCRTK,glider,0.0011777059834902654,0.26274834509331474,0.7122815682904208,2.710888885094423,1,2
posthoc_shell__MNSOL-CONN-XSQUKJJJFZCRTK__parent_02__3w,MNSOL-CONN-XSQUKJJJFZCRTK,glider,0.00038849530360149354,0.396142353862932,1.5038958622756018,3.7963521133515554,3,2
posthoc_shell__MNSOL-CONN-XSQUKJJJFZCRTK__parent_02__6w,MNSOL-CONN-XSQUKJJJFZCRTK,glider,0.0012970211837519555,0.4571902086126033,1.555798264027595,3.4029562197949192,6,2
posthoc_shell__MNSOL-CONN-ZWEHNKRNPOVVGH__parent_00__12w,MNSOL-CONN-ZWEHNKRNPOVVGH,glider,0.004673581410463439,0.40032961898840164,1.579542184729655,3.9456040967466297,12,0
posthoc_shell__MNSOL-CONN-ZWEHNKRNPOVVGH__parent_00__1w,MNSOL-CONN-ZWEHNKRNPOVVGH,glider,0.0005847238409754943,0.34132080358932093,0.46193983027613544,1.3533890270337698,1,0
posthoc_shell__MNSOL-CONN-ZWEHNKRNPOVVGH__parent_00__3w,MNSOL-CONN-ZWEHNKRNPOVVGH,glider,0.0023033094095812868,0.2605957646681235,0.5678656399799525,2.1791054075769285,3,0
posthoc_shell__MNSOL-CONN-ZWEHNKRNPOVVGH__parent_00__6w,MNSOL-CONN-ZWEHNKRNPOVVGH,glider,0.0007709720158014084,0.7728637172126652,1.3802129264499263,1.7858425692794422,6,0
posthoc_shell__MNSOL-CONN-ZWEHNKRNPOVVGH__parent_01__12w,MNSOL-CONN-ZWEHNKRNPOVVGH,glider,0.015750586406302707,0.439418835414004,1.840322918901126,4.188083829331628,12,1
posthoc_shell__MNSOL-CONN-ZWEHNKRNPOVVGH__parent_01__1w,MNSOL-CONN-ZWEHNKRNPOVVGH,glider,0.0007659616905976836,0.37274539814846386,0.578921477544095,1.5531284367822336,1,1
posthoc_shell__MNSOL-CONN-ZWEHNKRNPOVVGH__parent_01__3w,MNSOL-CONN-ZWEHNKRNPOVVGH,glider,0.0004119329808072937,0.3376284279866582,0.6192030063448785,1.833977695649926,3,1
posthoc_shell__MNSOL-CONN-ZWEHNKRNPOVVGH__parent_01__6w,MNSOL-CONN-ZWEHNKRNPOVVGH,glider,0.0012617663394285212,0.28918727700625696,1.1373604675629818,3.9329547251775305,6,1
posthoc_shell__MNSOL-CONN-ZWEHNKRNPOVVGH__parent_02__12w,MNSOL-CONN-ZWEHNKRNPOVVGH,glider,0.006143682047723676,0.5532787583806226,1.7570023211222745,3.175618609080167,12,2
posthoc_shell__MNSOL-CONN-ZWEHNKRNPOVVGH__parent_02__1w,MNSOL-CONN-ZWEHNKRNPOVVGH,glider,0.000988717495978274,0.6329523190756522,0.5594021240703237,0.8837982059806032,1,2
posthoc_shell__MNSOL-CONN-ZWEHNKRNPOVVGH__parent_02__3w,MNSOL-CONN-ZWEHNKRNPOVVGH,glider,0.0026333782101074315,0.2841651401367806,1.1979848023455315,4.215804942748751,3,2
posthoc_shell__MNSOL-CONN-ZWEHNKRNPOVVGH__parent_02__6w,MNSOL-CONN-ZWEHNKRNPOVVGH,glider,0.004251119365048187,0.4545912327484307,1.2756928797116291,2.806241713019559,6,2
posthoc_shell__MNSOL-CONN-HSFWRNGVRCDJHI__parent_00__12w,MNSOL-CONN-HSFWRNGVRCDJHI,mace_polar_l,0.006874241435737015,0.8343936015841509,2.490916081973251,2.98530103448071,12,0
posthoc_shell__MNSOL-CONN-HSFWRNGVRCDJHI__parent_00__1w,MNSOL-CONN-HSFWRNGVRCDJHI,mace_polar_l,0.0021369793188829264,1.882997676504979,2.7361605840314485,1.453087605030942,1,0
posthoc_shell__MNSOL-CONN-HSFWRNGVRCDJHI__parent_00__3w,MNSOL-CONN-HSFWRNGVRCDJHI,mace_polar_l,0.0005117463941545188,1.1092573243476238,2.5027137168230293,2.256206618509303,3,0
posthoc_shell__MNSOL-CONN-HSFWRNGVRCDJHI__parent_00__6w,MNSOL-CONN-HSFWRNGVRCDJHI,mace_polar_l,0.0038399964473154434,1.0554760798257339,2.5743160044322444,2.4390093282429306,6,0
posthoc_shell__MNSOL-CONN-HSFWRNGVRCDJHI__parent_01__12w,MNSOL-CONN-HSFWRNGVRCDJHI,mace_polar_l,0.004527856342883388,1.3143441637994009,2.9889593882229333,2.2741070950417495,12,1
posthoc_shell__MNSOL-CONN-HSFWRNGVRCDJHI__parent_01__1w,MNSOL-CONN-HSFWRNGVRCDJHI,mace_polar_l,0.005068531737889737,2.2554985995402017,2.6544395991798884,1.1768748602730292,1,1
posthoc_shell__MNSOL-CONN-HSFWRNGVRCDJHI__parent_01__3w,MNSOL-CONN-HSFWRNGVRCDJHI,mace_polar_l,0.013554126475408705,1.3494408480335789,2.688109751246608,1.9920174753593336,3,1
posthoc_shell__MNSOL-CONN-HSFWRNGVRCDJHI__parent_01__6w,MNSOL-CONN-HSFWRNGVRCDJHI,mace_polar_l,0.016461145988004636,1.1781593658440817,2.7641969535780393,2.3461995326902616,6,1
posthoc_shell__MNSOL-CONN-HSFWRNGVRCDJHI__parent_02__12w,MNSOL-CONN-HSFWRNGVRCDJHI,mace_polar_l,0.0018318227742171072,0.9825733871143955,3.035179354515222,3.0890103419439074,12,2
posthoc_shell__MNSOL-CONN-HSFWRNGVRCDJHI__parent_02__1w,MNSOL-CONN-HSFWRNGVRCDJHI,mace_polar_l,9.345027721813393e-05,2.656326580777814,2.3976651660756256,0.9026243924320297,1,2
posthoc_shell__MNSOL-CONN-HSFWRNGVRCDJHI__parent_02__3w,MNSOL-CONN-HSFWRNGVRCDJHI,mace_polar_l,0.0012027615053728982,2.7932300267975694,3.01209174843303,1.0783543494577084,3,2
posthoc_shell__MNSOL-CONN-HSFWRNGVRCDJHI__parent_02__6w,MNSOL-CONN-HSFWRNGVRCDJHI,mace_polar_l,0.0018783070923979537,1.8092290175820405,3.3278696050724257,1.839385491130352,6,2
posthoc_shell__MNSOL-CONN-XSQUKJJJFZCRTK__parent_00__12w,MNSOL-CONN-XSQUKJJJFZCRTK,mace_polar_l,0.0048659042152392916,0.5717497992059342,2.0976040219406387,3.668744658684382,12,0
posthoc_shell__MNSOL-CONN-XSQUKJJJFZCRTK__parent_00__1w,MNSOL-CONN-XSQUKJJJFZCRTK,mace_polar_l,0.00048825717146058957,0.4841883123996666,1.7566022669200991,3.6279319883089953,1,0
posthoc_shell__MNSOL-CONN-XSQUKJJJFZCRTK__parent_00__3w,MNSOL-CONN-XSQUKJJJFZCRTK,mace_polar_l,0.0018070802151016353,0.5735140687612257,1.807582028787856,3.1517658018262438,3,0
posthoc_shell__MNSOL-CONN-XSQUKJJJFZCRTK__parent_00__6w,MNSOL-CONN-XSQUKJJJFZCRTK,mace_polar_l,0.005353316844986723,0.7978073902262149,2.65237310865714,3.324578264316492,6,0
posthoc_shell__MNSOL-CONN-XSQUKJJJFZCRTK__parent_01__12w,MNSOL-CONN-XSQUKJJJFZCRTK,mace_polar_l,0.005898691578217583,0.6405358836019815,2.515478006324168,3.92714611424837,12,1
posthoc_shell__MNSOL-CONN-XSQUKJJJFZCRTK__parent_01__1w,MNSOL-CONN-XSQUKJJJFZCRTK,mace_polar_l,0.0007624609517402923,0.522339747774889,1.872315170860768,3.5844776868630595,1,1
posthoc_shell__MNSOL-CONN-XSQUKJJJFZCRTK__parent_01__3w,MNSOL-CONN-XSQUKJJJFZCRTK,mace_polar_l,0.00979696000680852,0.637743409444356,2.8394254768801424,4.452300776191535,3,1
posthoc_shell__MNSOL-CONN-XSQUKJJJFZCRTK__parent_01__6w,MNSOL-CONN-XSQUKJJJFZCRTK,mace_polar_l,0.00416662479861864,0.5207511916068553,2.2328140698703,4.287679233110576,6,1
posthoc_shell__MNSOL-CONN-XSQUKJJJFZCRTK__parent_02__12w,MNSOL-CONN-XSQUKJJJFZCRTK,mace_polar_l,0.007342624974895196,0.8920928053277153,2.8679607347509695,3.2148681366143386,12,2
posthoc_shell__MNSOL-CONN-XSQUKJJJFZCRTK__parent_02__1w,MNSOL-CONN-XSQUKJJJFZCRTK,mace_polar_l,0.0008011206139606759,0.43167960534543176,1.170235444052878,2.710888885094423,1,2
posthoc_shell__MNSOL-CONN-XSQUKJJJFZCRTK__parent_02__3w,MNSOL-CONN-XSQUKJJJFZCRTK,mace_polar_l,0.0017234397369809914,0.5998460591038266,2.2772268541644145,3.7963521133515554,3,2
posthoc_shell__MNSOL-CONN-XSQUKJJJFZCRTK__parent_02__6w,MNSOL-CONN-XSQUKJJJFZCRTK,mace_polar_l,0.0030173551604957606,0.8289034129707036,2.820722024777892,3.4029562197949192,6,2
posthoc_shell__MNSOL-CONN-ZWEHNKRNPOVVGH__parent_00__12w,MNSOL-CONN-ZWEHNKRNPOVVGH,mace_polar_l,0.021742695127115925,0.643354039042763,2.5384203321056162,3.9456040967466297,12,0
posthoc_shell__MNSOL-CONN-ZWEHNKRNPOVVGH__parent_00__1w,MNSOL-CONN-ZWEHNKRNPOVVGH,mace_polar_l,0.002533145283518752,0.8973021556652342,1.2143988914110755,1.3533890270337698,1,0
posthoc_shell__MNSOL-CONN-ZWEHNKRNPOVVGH__parent_00__3w,MNSOL-CONN-ZWEHNKRNPOVVGH,mace_polar_l,0.006238138334304681,0.8202941360222044,1.78750738760963,2.1791054075769285,3,0
posthoc_shell__MNSOL-CONN-ZWEHNKRNPOVVGH__parent_00__6w,MNSOL-CONN-ZWEHNKRNPOVVGH,mace_polar_l,0.007190735454481835,1.0443857284397509,1.8651084925956263,1.7858425692794422,6,0
posthoc_shell__MNSOL-CONN-ZWEHNKRNPOVVGH__parent_01__12w,MNSOL-CONN-ZWEHNKRNPOVVGH,mace_polar_l,0.030262431740549958,0.6244541451940812,2.6152663076464355,4.188083829331628,12,1
posthoc_shell__MNSOL-CONN-ZWEHNKRNPOVVGH__parent_01__1w,MNSOL-CONN-ZWEHNKRNPOVVGH,mace_polar_l,0.00021344145687640005,0.7272785105997852,1.1295569362731557,1.5531284367822336,1,1
posthoc_shell__MNSOL-CONN-ZWEHNKRNPOVVGH__parent_01__3w,MNSOL-CONN-ZWEHNKRNPOVVGH,mace_polar_l,0.0007126733645841629,0.7508471777082492,1.3770369767586255,1.833977695649926,3,1
posthoc_shell__MNSOL-CONN-ZWEHNKRNPOVVGH__parent_01__6w,MNSOL-CONN-ZWEHNKRNPOVVGH,mace_polar_l,0.0071486576324090835,0.6478803486290188,2.5480840784901657,3.9329547251775305,6,1
posthoc_shell__MNSOL-CONN-ZWEHNKRNPOVVGH__parent_02__12w,MNSOL-CONN-ZWEHNKRNPOVVGH,mace_polar_l,0.0035990187424252765,0.6984381404439851,2.2179731560852662,3.175618609080167,12,2
posthoc_shell__MNSOL-CONN-ZWEHNKRNPOVVGH__parent_02__1w,MNSOL-CONN-ZWEHNKRNPOVVGH,mace_polar_l,0.0004923745447487823,1.49612085800359,1.3222689302337338,0.8837982059806032,1,2
posthoc_shell__MNSOL-CONN-ZWEHNKRNPOVVGH__parent_02__3w,MNSOL-CONN-ZWEHNKRNPOVVGH,mace_polar_l,0.005201170059913073,0.6748006302335269,2.8448278323084755,4.215804942748751,3,2
posthoc_shell__MNSOL-CONN-ZWEHNKRNPOVVGH__parent_02__6w,MNSOL-CONN-ZWEHNKRNPOVVGH,mace_polar_l,0.004504445836010237,0.9845490070353288,2.7628824920545263,2.806241713019559,6,2
