method,method_label,molecule_id,solute_label,n_waters,response_rms_hartree_per_e,esp_rmse_hartree_per_e,esp_nrmse,dipole_mse_D2,n_parents,dipole_rmse_D,response_rms_millihartree_per_e,esp_rmse_millihartree_per_e
glider,GLIDER,MNSOL-CONN-HSFWRNGVRCDJHI,acetylene,1,0.001177528952578667,0.0010312507693886446,0.8908752041272502,0.0010705442226482582,3,0.032719172096009067,1.177528952578667,1.0312507693886446
glider,GLIDER,MNSOL-CONN-HSFWRNGVRCDJHI,acetylene,3,0.0017755261477754483,0.0009885243955309376,0.5950626211065982,0.0012161645167088628,3,0.03487355038863785,1.7755261477754483,0.9885243955309376
glider,GLIDER,MNSOL-CONN-HSFWRNGVRCDJHI,acetylene,6,0.0022081981173545148,0.0015231551122112125,0.6972835860343173,0.0031806589989178146,3,0.05639733148756078,2.208198117354515,1.5231551122112126
glider,GLIDER,MNSOL-CONN-HSFWRNGVRCDJHI,acetylene,12,0.002782806157155456,0.00221918357638538,0.8144012042656131,0.0034776736324011602,3,0.058971803706527076,2.7828061571554557,2.21918357638538
glider,GLIDER,MNSOL-CONN-XSQUKJJJFZCRTK,urea,1,0.0033077661867554928,0.0010169155843178482,0.3037903169649985,0.0011834845078713488,3,0.03440180965983256,3.307766186755493,1.0169155843178481
glider,GLIDER,MNSOL-CONN-XSQUKJJJFZCRTK,urea,3,0.003800139563789778,0.0013090732051985491,0.3431843135050308,0.0017383596830997435,3,0.04169364079928429,3.800139563789778,1.3090732051985492
glider,GLIDER,MNSOL-CONN-XSQUKJJJFZCRTK,urea,6,0.0036717379057406626,0.0012766452118804826,0.35117800388234827,0.0027145717435219496,3,0.052101552217970915,3.6717379057406627,1.2766452118804827
glider,GLIDER,MNSOL-CONN-XSQUKJJJFZCRTK,urea,12,0.0036035863031823635,0.0018350866010222514,0.5140924270063542,0.004191523694355564,3,0.06474197783784154,3.6035863031823636,1.8350866010222513
glider,GLIDER,MNSOL-CONN-ZWEHNKRNPOVVGH,2-butanone,1,0.0012634385565988687,0.000533421143963518,0.44900617360447903,0.0007798010091838173,3,0.02792491735321373,1.2634385565988688,0.533421143963518
glider,GLIDER,MNSOL-CONN-ZWEHNKRNPOVVGH,2-butanone,3,0.0027429626819918686,0.0007950178162234541,0.29412977759718745,0.0017828735334986707,3,0.04222408712451544,2.7429626819918687,0.7950178162234541
glider,GLIDER,MNSOL-CONN-ZWEHNKRNPOVVGH,2-butanone,6,0.002841679669158844,0.0012644220912415125,0.5055474089891177,0.0020946192400927055,3,0.04576701039059363,2.841679669158844,1.2644220912415125
glider,GLIDER,MNSOL-CONN-ZWEHNKRNPOVVGH,2-butanone,12,0.0037697688450528083,0.0017256224749176853,0.4643424042610094,0.008855949954829941,3,0.09410605695081449,3.769768845052808,1.7256224749176852
mace_polar_l,MACE-POLAR-1-L,MNSOL-CONN-HSFWRNGVRCDJHI,acetylene,1,0.001177528952578667,0.0025960884497623206,2.2649409522743316,0.002432987111330266,3,0.04932531917109372,1.177528952578667,2.5960884497623207
mace_polar_l,MACE-POLAR-1-L,MNSOL-CONN-HSFWRNGVRCDJHI,acetylene,3,0.0017755261477754483,0.002734305072167556,1.7506427330595908,0.005089544791645374,3,0.07134104563044597,1.7755261477754483,2.734305072167556
mace_polar_l,MACE-POLAR-1-L,MNSOL-CONN-HSFWRNGVRCDJHI,acetylene,6,0.0022081981173545148,0.0028887941876942365,1.3476214877506187,0.007393149842572677,3,0.08598342772053623,2.208198117354515,2.8887941876942365
mace_polar_l,MACE-POLAR-1-L,MNSOL-CONN-HSFWRNGVRCDJHI,acetylene,12,0.002782806157155456,0.0028383516082371354,1.0437703841659824,0.004411306850945837,3,0.06641766971932873,2.7828061571554557,2.838351608237135
mace_polar_l,MACE-POLAR-1-L,MNSOL-CONN-XSQUKJJJFZCRTK,urea,1,0.0033077661867554928,0.001599717627277915,0.479402555173329,0.0006839462457205193,3,0.026152365967929542,3.307766186755493,1.599717627277915
mace_polar_l,MACE-POLAR-1-L,MNSOL-CONN-XSQUKJJJFZCRTK,urea,3,0.003800139563789778,0.0023080781199441374,0.6037011791031361,0.0044424933196303825,3,0.06665203162417768,3.800139563789778,2.3080781199441374
mace_polar_l,MACE-POLAR-1-L,MNSOL-CONN-XSQUKJJJFZCRTK,urea,6,0.0036717379057406626,0.0025686364011017777,0.7158206649345913,0.004179098934700374,3,0.06464595064426212,3.6717379057406627,2.5686364011017777
mace_polar_l,MACE-POLAR-1-L,MNSOL-CONN-XSQUKJJJFZCRTK,urea,12,0.0036035863031823635,0.0024936809210052585,0.7014594960452104,0.006035740256117357,3,0.07769002674807982,3.6035863031823636,2.4936809210052586
mace_polar_l,MACE-POLAR-1-L,MNSOL-CONN-ZWEHNKRNPOVVGH,2-butanone,1,0.0012634385565988687,0.0012220749193059884,1.04023384142287,0.0010796537617146448,3,0.03285808518028165,1.2634385565988688,1.2220749193059883
mace_polar_l,MACE-POLAR-1-L,MNSOL-CONN-ZWEHNKRNPOVVGH,2-butanone,3,0.0027429626819918686,0.0020031240655589105,0.7486473146546602,0.004050660586267306,3,0.06364480015105166,2.7429626819918687,2.0031240655589104
mace_polar_l,MACE-POLAR-1-L,MNSOL-CONN-ZWEHNKRNPOVVGH,2-butanone,6,0.002841679669158844,0.0023920250210467727,0.8922716947013661,0.006281279640967052,3,0.07925452441953741,2.841679669158844,2.3920250210467726
mace_polar_l,MACE-POLAR-1-L,MNSOL-CONN-ZWEHNKRNPOVVGH,2-butanone,12,0.0037697688450528083,0.002457219931945773,0.6554154415602763,0.01853471520336372,3,0.13614226090146925,3.769768845052808,2.457219931945773
