method,method_label,regime,esp_nrmse,dipole_rmse_D
aimnet2,AIMNet2,compressed,0.7025376994907335,0.4111127437640483
gfn2_xtb,GFN2-xTB,compressed,,0.74061555359138
glider,GLIDER,compressed,0.2891940302975955,0.09454545666197399
mace_mdp,MACE-MDP,compressed,,0.34687744534702514
mace_polar_l,MACE-POLAR-1-L,compressed,0.5046736402448733,0.10572472109017786
mace_polar_m,MACE-POLAR-1-M,compressed,0.6419618128978312,0.13889585665514007
mace_polar_s,MACE-POLAR-1-S,compressed,0.672991413828216,0.26856856093525844
static_thole,Static q/u + Thole,compressed,43.21670448883685,29.243450507401963
zero_response,Zero response,compressed,1.0,0.6328716536360975
aimnet2,AIMNet2,cooperative,0.7822084731920202,0.321582300690773
gfn2_xtb,GFN2-xTB,cooperative,,0.24711642064117526
glider,GLIDER,cooperative,0.7045138820282288,0.36525665050002953
mace_mdp,MACE-MDP,cooperative,,0.27375331757508337
mace_polar_l,MACE-POLAR-1-L,cooperative,0.8875186170961242,0.651823039800179
mace_polar_m,MACE-POLAR-1-M,cooperative,0.9861012154373233,0.5237906024486424
mace_polar_s,MACE-POLAR-1-S,cooperative,0.8470707154825877,0.22323809834024658
static_thole,Static q/u + Thole,cooperative,25.115814065130362,12.28805154740415
zero_response,Zero response,cooperative,1.0,0.41178133476999346
aimnet2,AIMNet2,equilibrium,0.7132510776833014,0.22050540053359033
gfn2_xtb,GFN2-xTB,equilibrium,,0.3057025269091955
glider,GLIDER,equilibrium,0.3344706262567926,0.20229688748265245
mace_mdp,MACE-MDP,equilibrium,,0.14090566929135104
mace_polar_l,MACE-POLAR-1-L,equilibrium,0.5112215569005443,0.19889331246232234
mace_polar_m,MACE-POLAR-1-M,equilibrium,0.5600192573246172,0.2305341830381101
mace_polar_s,MACE-POLAR-1-S,equilibrium,0.7910156299725319,0.2913075261978253
static_thole,Static q/u + Thole,equilibrium,23.362205258375774,25.951526704257443
zero_response,Zero response,equilibrium,1.0,0.5701708548358824
aimnet2,AIMNet2,orientation,0.883534074365613,0.2706199891043313
gfn2_xtb,GFN2-xTB,orientation,,0.273007360820296
glider,GLIDER,orientation,0.378143884666314,0.14930385315916403
mace_mdp,MACE-MDP,orientation,,0.165908688971546
mace_polar_l,MACE-POLAR-1-L,orientation,0.615411788653238,0.17684495048613944
mace_polar_m,MACE-POLAR-1-M,orientation,0.6481546068879878,0.16900606725050615
mace_polar_s,MACE-POLAR-1-S,orientation,0.8316610945803913,0.23896108834694332
static_thole,Static q/u + Thole,orientation,18.077322231996963,8.474858964836349
zero_response,Zero response,orientation,1.0,0.4515918419730493
