system,method,distance_A,esp_rms_mEh_per_e,dipole_norm_D
single_water,averaged_prior,3.0,1.8589880791089883,0.20656224716297003
single_water,averaged_prior,4.0,0.8800269588959804,0.24502664653026393
single_water,averaged_prior,5.0,0.7118112530384625,0.36715654843149353
single_water,averaged_prior,6.0,0.7451356514933537,0.7131445939715032
single_water,averaged_prior,8.0,0.41888546128077586,0.6448133412813534
single_water,averaged_prior,10.0,0.30135039276047826,0.6881542756970241
single_water,averaged_prior,15.0,0.1847823345305495,0.8185728599368446
single_water,averaged_prior,20.0,0.19536943014030492,1.3863480954979033
single_water,averaged_prior,50.0,0.11699619491143265,1.760104290380271
single_water,averaged_prior,100.0,0.1130997229248468,1.783951895758737
single_water,glider,3.0,1.4012329037493392,0.21088716360436463
single_water,glider,4.0,0.8457740560090012,0.24509803397044783
single_water,glider,5.0,0.8963280896537987,0.3832334701884995
single_water,glider,6.0,0.9613946865971121,0.73724733785765
single_water,glider,8.0,0.6670059533382382,0.6642515865965999
single_water,glider,10.0,0.5895755523570035,0.7039658295073649
single_water,glider,15.0,0.5267489360665755,0.8311636502140216
single_water,glider,20.0,0.5638911741785594,1.404452085154603
single_water,glider,50.0,0.8749293288907227,1.782373627948741
single_water,glider,100.0,1.5401251066105155,1.8055795777533792
whole_environment,averaged_prior,3.0,2.252750479318332,0.4366577354918682
whole_environment,averaged_prior,4.0,0.887234347783221,0.34120877314709064
whole_environment,averaged_prior,5.0,138.07467080610306,254.10397340488916
whole_environment,averaged_prior,6.0,0.5563476980084425,1.229291377243738
whole_environment,averaged_prior,8.0,0.5122578100645842,1.0119671028883845
whole_environment,averaged_prior,10.0,0.4182156221504861,1.0541955189845262
whole_environment,averaged_prior,15.0,0.6834532747721533,2.706114365941226
whole_environment,averaged_prior,20.0,0.30061466572727585,1.5311921754631157
whole_environment,averaged_prior,50.0,0.250119795079558,3.5215051179685672
whole_environment,averaged_prior,100.0,0.239373936289935,3.1935547987462534
whole_environment,glider,3.0,1.682327077804204,0.43320279544146695
whole_environment,glider,4.0,0.8873802954366766,0.3444968215940518
whole_environment,glider,5.0,138.31824945371616,254.12668950490678
whole_environment,glider,6.0,0.8535674947627567,1.2548395847239422
whole_environment,glider,8.0,0.8345324246828504,1.0342016611100102
whole_environment,glider,10.0,0.804283153977649,1.076221900651909
whole_environment,glider,15.0,1.1816801772238332,2.729020083232687
whole_environment,glider,20.0,0.9245889526385239,1.5617669869583106
whole_environment,glider,50.0,1.5987904820810586,3.560754056532751
whole_environment,glider,100.0,2.8427300476192197,3.2330040898793584
